transport_type,daily_distance_km,travel_days_per_week,electricity_kwh_month,diet_type,food_waste_frequency,waste_kg_week,recycling_frequency,flights_per_year,total_carbon_tonnes
Train,3.9,5,185.0,Vegetarian,Rarely,15.1,Sometimes,1-2,2.4975
Car,50.2,7,159.0,Non-Vegetarian,Sometimes,5.2,Sometimes,3-5,6.9967
Car,65.4,6,237.0,Vegetarian,Often,7.4,Never,0,6.7969
Walking,6.0,6,119.0,Mixed,Rarely,6.6,Often,3-5,2.5347
Motorcycle,19.4,3,75.0,Non-Vegetarian,Sometimes,2.5,Sometimes,0,2.4869
Motorcycle,32.8,4,419.0,Mixed,Sometimes,2.4,Often,1-2,5.072
Car,39.7,5,594.0,Non-Vegetarian,Sometimes,14.0,Often,3-5,8.013
Car,25.1,4,552.0,Non-Vegetarian,Sometimes,5.0,Sometimes,3-5,6.7811
Train,8.3,4,186.0,Non-Vegetarian,Sometimes,12.1,Often,0,3.0768
Bus,6.4,3,524.0,Vegetarian,Rarely,13.9,Sometimes,0,4.8731
Train,20.3,5,584.0,Mixed,Rarely,14.7,Often,1-2,5.0859
Car,37.6,6,52.0,Mixed,Sometimes,19.5,Often,1-2,4.662
Car,51.9,7,385.0,Vegetarian,Often,11.2,Often,1-2,7.6203
Car,74.7,5,182.0,Non-Vegetarian,Sometimes,2.5,Often,3-5,7.2501
Electric Vehicle,45.0,4,121.0,Non-Vegetarian,Sometimes,6.0,Often,1-2,3.2614
Bicycle,2.0,4,269.0,Non-Vegetarian,Sometimes,18.1,Sometimes,0,3.803
Car,6.6,7,177.0,Non-Vegetarian,Rarely,13.0,Sometimes,6+,5.3177
Car,55.2,4,347.0,Mixed,Often,11.9,Sometimes,1-2,6.1323
Motorcycle,12.1,6,245.0,Non-Vegetarian,Often,2.0,Often,1-2,4.4492
Walking,1.3,3,155.0,Non-Vegetarian,Sometimes,6.3,Sometimes,6+,4.8476
Bus,34.9,7,104.0,Non-Vegetarian,Sometimes,1.3,Never,3-5,4.3276
Bus,35.0,3,141.0,Vegan,Sometimes,18.6,Often,0,2.2858
Bicycle,6.0,6,414.0,Non-Vegetarian,Rarely,5.1,Never,3-5,4.9644
Car,40.8,7,137.0,Mixed,Rarely,4.5,Sometimes,1-2,5.2234
Car,14.0,7,185.0,Non-Vegetarian,Sometimes,9.0,Sometimes,1-2,4.2873
Bicycle,2.3,5,122.0,Non-Vegetarian,Sometimes,18.7,Often,0,2.6029
Train,23.8,3,90.0,Non-Vegetarian,Sometimes,18.7,Often,3-5,3.2693
Electric Vehicle,57.8,7,591.0,Mixed,Sometimes,13.7,Sometimes,6+,8.2233
Car,70.9,5,113.0,Vegetarian,Sometimes,6.2,Often,3-5,6.0346
Car,41.6,3,101.0,Non-Vegetarian,Sometimes,1.1,Often,1-2,4.0432
Car,60.6,7,438.0,Non-Vegetarian,Rarely,19.0,Often,0,8.9068
Bus,18.9,3,220.0,Mixed,Often,17.4,Often,0,3.362
Car,12.7,7,536.0,Non-Vegetarian,Sometimes,3.9,Often,3-5,7.0248
Electric Vehicle,6.9,5,480.0,Non-Vegetarian,Sometimes,15.0,Sometimes,0,4.7581
Bicycle,3.4,2,522.0,Non-Vegetarian,Often,9.7,Sometimes,3-5,5.9636
Car,29.6,3,582.0,Non-Vegetarian,Sometimes,8.6,Often,1-2,6.3337
Electric Vehicle,13.7,5,148.0,Mixed,Sometimes,3.1,Sometimes,3-5,3.0592
Bus,17.3,7,155.0,Vegan,Sometimes,10.9,Often,1-2,2.6423
Electric Vehicle,60.3,4,250.0,Vegetarian,Sometimes,7.3,Sometimes,3-5,3.8511
Car,35.6,6,433.0,Non-Vegetarian,Rarely,13.6,Sometimes,3-5,6.8494
Car,47.7,6,351.0,Vegan,Sometimes,9.2,Sometimes,1-2,5.5771
Car,40.5,4,412.0,Non-Vegetarian,Sometimes,12.8,Never,6+,8.0929
Car,28.3,4,131.0,Vegan,Often,12.6,Often,1-2,3.1595
Bicycle,3.4,5,184.0,Non-Vegetarian,Rarely,15.3,Often,0,2.6584
Motorcycle,18.2,7,306.0,Non-Vegetarian,Often,3.3,Never,1-2,4.5631
Car,61.6,6,387.0,Mixed,Sometimes,16.8,Sometimes,3-5,8.1707
Bicycle,4.1,4,463.0,Mixed,Sometimes,15.8,Sometimes,0,3.9351
Car,30.2,7,94.0,Vegetarian,Sometimes,3.9,Sometimes,1-2,3.9854
Car,39.9,3,164.0,Non-Vegetarian,Often,12.1,Often,3-5,5.1015
Car,31.4,6,519.0,Mixed,Sometimes,15.2,Sometimes,1-2,6.3602
Car,21.5,6,317.0,Non-Vegetarian,Sometimes,16.2,Often,3-5,6.463
Bus,36.6,7,360.0,Vegan,Sometimes,3.6,Sometimes,0,3.7413
Motorcycle,20.9,5,236.0,Mixed,Sometimes,19.1,Sometimes,3-5,4.0237
Car,76.4,4,408.0,Mixed,Sometimes,15.3,Often,0,6.9816
Car,16.4,4,310.0,Vegetarian,Often,9.8,Sometimes,0,3.3189
Bicycle,6.3,3,581.0,Vegetarian,Rarely,6.9,Often,6+,5.7176
Motorcycle,58.6,3,376.0,Mixed,Sometimes,14.2,Sometimes,1-2,5.1556
Bus,4.5,7,286.0,Non-Vegetarian,Sometimes,7.5,Often,3-5,3.9731
Car,77.1,6,439.0,Non-Vegetarian,Sometimes,19.3,Sometimes,3-5,9.3919
Bus,30.0,5,227.0,Non-Vegetarian,Often,6.3,Sometimes,3-5,4.8956
Bus,27.7,5,66.0,Mixed,Rarely,5.0,Often,0,2.4409
Car,5.8,4,97.0,Mixed,Sometimes,15.4,Often,1-2,2.4001
Bus,32.3,3,212.0,Non-Vegetarian,Sometimes,13.6,Sometimes,1-2,3.5456
Bus,16.0,6,199.0,Non-Vegetarian,Rarely,4.7,Never,1-2,4.0146
Walking,1.9,3,456.0,Non-Vegetarian,Sometimes,15.4,Sometimes,6+,6.7367
Motorcycle,27.7,7,120.0,Vegan,Rarely,6.6,Often,1-2,2.601
Bicycle,1.3,2,366.0,Non-Vegetarian,Sometimes,4.5,Never,6+,5.3601
Motorcycle,10.6,3,133.0,Mixed,Often,2.6,Sometimes,1-2,2.8421
Motorcycle,49.7,7,174.0,Non-Vegetarian,Sometimes,9.4,Often,6+,6.6954
Train,30.4,4,394.0,Non-Vegetarian,Rarely,5.6,Sometimes,0,4.3752
Motorcycle,56.7,6,210.0,Non-Vegetarian,Sometimes,14.4,Sometimes,1-2,5.851
Train,27.5,4,284.0,Non-Vegetarian,Sometimes,18.3,Often,0,3.6047
Car,28.1,7,557.0,Non-Vegetarian,Sometimes,6.8,Sometimes,0,6.6091
Train,35.9,5,382.0,Vegan,Sometimes,13.8,Often,1-2,3.4864
Car,62.4,5,367.0,Mixed,Rarely,10.9,Sometimes,0,6.942
Electric Vehicle,77.7,6,241.0,Non-Vegetarian,Sometimes,17.3,Sometimes,1-2,4.9408
Car,75.9,7,70.0,Vegetarian,Sometimes,3.2,Often,3-5,7.4031
Electric Vehicle,39.6,3,153.0,Non-Vegetarian,Often,12.9,Often,0,3.3999
Bus,37.3,6,534.0,Non-Vegetarian,Rarely,13.0,Often,3-5,6.6011
Motorcycle,21.9,3,304.0,Vegetarian,Often,10.5,Often,1-2,3.613
Car,67.6,6,184.0,Non-Vegetarian,Sometimes,18.5,Sometimes,3-5,8.1179
Walking,3.6,6,197.0,Vegan,Sometimes,16.9,Sometimes,1-2,2.2326
Electric Vehicle,38.5,6,240.0,Non-Vegetarian,Sometimes,9.7,Sometimes,0,3.8117
Car,63.2,3,225.0,Non-Vegetarian,Often,8.2,Often,3-5,5.698
Train,8.6,3,119.0,Mixed,Sometimes,2.9,Often,0,2.0783
Car,70.3,4,91.0,Mixed,Sometimes,12.8,Sometimes,0,4.8529
Car,55.6,7,259.0,Non-Vegetarian,Sometimes,15.4,Often,0,7.7285
Electric Vehicle,79.8,3,289.0,Vegetarian,Sometimes,17.6,Sometimes,1-2,3.9122
Electric Vehicle,8.4,3,211.0,Non-Vegetarian,Rarely,11.1,Sometimes,3-5,3.8054
Electric Vehicle,51.5,4,324.0,Non-Vegetarian,Sometimes,13.1,Sometimes,1-2,4.7021
Electric Vehicle,39.9,5,423.0,Vegetarian,Sometimes,7.6,Sometimes,1-2,4.1155
Electric Vehicle,19.9,6,519.0,Vegetarian,Sometimes,7.8,Sometimes,1-2,4.6692
Car,67.3,6,201.0,Non-Vegetarian,Sometimes,15.1,Never,1-2,6.7057
Car,64.9,7,491.0,Non-Vegetarian,Rarely,5.8,Often,3-5,9.7114
Bicycle,1.5,2,547.0,Non-Vegetarian,Sometimes,9.4,Sometimes,3-5,5.9541
Bicycle,1.8,3,483.0,Mixed,Sometimes,10.5,Sometimes,0,4.3533
Electric Vehicle,75.8,5,461.0,Non-Vegetarian,Rarely,19.3,Never,6+,8.0985
Electric Vehicle,77.5,7,251.0,Mixed,Rarely,11.2,Sometimes,1-2,4.2822
Train,24.6,5,110.0,Non-Vegetarian,Rarely,17.8,Sometimes,6+,4.7433
Electric Vehicle,73.2,5,407.0,Vegetarian,Rarely,1.7,Often,0,4.2347
Car,45.3,6,300.0,Non-Vegetarian,Sometimes,19.0,Sometimes,3-5,7.4559
Car,41.7,6,566.0,Non-Vegetarian,Sometimes,5.1,Sometimes,0,7.8451
Motorcycle,78.6,5,349.0,Mixed,Sometimes,8.6,Never,0,6.0074
Train,26.7,7,584.0,Vegetarian,Sometimes,19.8,Often,0,4.6095
Electric Vehicle,46.6,7,169.0,Mixed,Sometimes,3.8,Often,0,3.2682
Car,23.8,4,110.0,Mixed,Rarely,7.8,Often,1-2,3.0316
Car,24.9,4,458.0,Non-Vegetarian,Sometimes,10.0,Often,1-2,5.9456
Electric Vehicle,8.3,7,216.0,Non-Vegetarian,Rarely,20.0,Often,1-2,3.5598
Car,58.4,6,90.0,Vegetarian,Sometimes,2.2,Sometimes,1-2,4.9841
Electric Vehicle,44.8,6,328.0,Non-Vegetarian,Often,3.2,Often,3-5,5.3698
Bus,35.0,6,298.0,Non-Vegetarian,Sometimes,9.6,Sometimes,0,4.3372
Motorcycle,16.4,6,87.0,Mixed,Rarely,2.8,Often,3-5,3.13
Bus,24.7,7,359.0,Non-Vegetarian,Sometimes,17.6,Often,1-2,5.1687
Car,28.4,3,368.0,Non-Vegetarian,Sometimes,5.3,Never,3-5,5.4906
Motorcycle,62.2,7,174.0,Non-Vegetarian,Sometimes,15.6,Often,1-2,5.3368
Train,28.7,3,149.0,Mixed,Sometimes,7.5,Never,3-5,3.1733
Bus,17.8,4,458.0,Mixed,Rarely,11.1,Sometimes,1-2,4.7156
Car,75.6,7,97.0,Vegetarian,Rarely,12.7,Often,0,7.0574
Train,21.0,6,278.0,Non-Vegetarian,Sometimes,7.6,Never,1-2,3.7595
Car,21.5,7,80.0,Non-Vegetarian,Often,15.6,Often,0,4.0594
Car,42.3,6,147.0,Non-Vegetarian,Sometimes,10.5,Often,3-5,6.4912
Car,6.4,3,524.0,Non-Vegetarian,Sometimes,14.5,Sometimes,0,5.3858
Car,29.4,7,303.0,Non-Vegetarian,Sometimes,9.3,Never,1-2,5.8756
Electric Vehicle,60.9,4,233.0,Vegetarian,Sometimes,3.2,Sometimes,6+,5.0207
Car,59.6,4,180.0,Vegetarian,Rarely,12.4,Often,1-2,4.8034
Bus,30.9,7,297.0,Mixed,Sometimes,13.1,Often,3-5,5.3906
Train,8.6,3,308.0,Non-Vegetarian,Often,12.2,Sometimes,0,4.0256
Motorcycle,26.5,3,388.0,Non-Vegetarian,Sometimes,11.5,Often,3-5,5.2956
Bus,33.0,4,227.0,Non-Vegetarian,Rarely,2.2,Never,3-5,4.1085
Bus,9.4,4,439.0,Mixed,Sometimes,12.6,Sometimes,6+,6.6487
Motorcycle,63.1,7,79.0,Non-Vegetarian,Sometimes,7.3,Sometimes,0,4.8821
Electric Vehicle,50.2,4,233.0,Non-Vegetarian,Rarely,7.6,Often,1-2,4.1275
Motorcycle,49.6,3,220.0,Non-Vegetarian,Often,16.5,Often,3-5,5.1053
Bus,26.9,6,330.0,Vegan,Sometimes,19.1,Sometimes,3-5,4.0825
Car,80.0,4,92.0,Mixed,Rarely,15.6,Often,3-5,6.0994
Walking,1.5,5,135.0,Vegetarian,Sometimes,12.9,Often,3-5,2.6147
Car,32.3,4,583.0,Non-Vegetarian,Often,15.9,Sometimes,0,7.5588
Electric Vehicle,19.6,7,591.0,Non-Vegetarian,Sometimes,8.3,Sometimes,6+,7.4658
Electric Vehicle,65.1,4,530.0,Vegetarian,Sometimes,8.1,Often,3-5,5.3529
Car,17.0,6,548.0,Vegetarian,Sometimes,19.0,Sometimes,1-2,5.6479
Car,7.0,3,268.0,Non-Vegetarian,Sometimes,2.6,Sometimes,0,3.7124
Car,16.0,3,208.0,Mixed,Sometimes,3.6,Often,1-2,3.4122
Car,10.9,5,169.0,Vegetarian,Often,12.6,Sometimes,3-5,3.5902
Car,52.9,7,301.0,Vegetarian,Often,12.3,Never,1-2,7.2421
Car,15.8,6,51.0,Non-Vegetarian,Sometimes,4.6,Often,1-2,2.9896
Bus,32.1,7,355.0,Non-Vegetarian,Sometimes,13.1,Often,0,5.5053
Car,64.1,5,183.0,Non-Vegetarian,Rarely,12.1,Often,0,5.7687
Train,33.7,6,589.0,Non-Vegetarian,Rarely,3.6,Often,6+,7.5678
Car,20.1,4,537.0,Non-Vegetarian,Sometimes,8.6,Often,1-2,6.3416
Car,69.7,3,526.0,Non-Vegetarian,Rarely,8.0,Often,3-5,7.5928
Electric Vehicle,34.0,4,323.0,Non-Vegetarian,Often,10.9,Often,3-5,5.4551
Electric Vehicle,45.9,5,106.0,Non-Vegetarian,Sometimes,9.5,Often,0,3.1591
Bus,19.5,5,388.0,Non-Vegetarian,Sometimes,16.0,Never,1-2,4.8166
Bicycle,1.7,2,129.0,Non-Vegetarian,Often,1.7,Never,3-5,3.6885
Motorcycle,33.7,7,68.0,Vegetarian,Sometimes,8.0,Sometimes,0,2.9174
Car,25.9,3,64.0,Vegetarian,Sometimes,18.4,Never,3-5,3.388
Bicycle,2.1,6,207.0,Mixed,Sometimes,3.3,Often,1-2,2.8938
Car,56.1,5,417.0,Mixed,Sometimes,6.5,Sometimes,0,6.3911
Bicycle,5.8,3,487.0,Non-Vegetarian,Rarely,4.8,Never,3-5,5.5054
Motorcycle,65.3,7,121.0,Mixed,Rarely,8.6,Often,1-2,4.9587
Motorcycle,35.7,7,91.0,Mixed,Sometimes,9.5,Often,0,3.6244
Train,9.7,4,288.0,Mixed,Rarely,3.4,Never,0,2.7912
Car,58.2,5,571.0,Non-Vegetarian,Sometimes,2.5,Never,6+,9.8186
Train,6.5,4,375.0,Non-Vegetarian,Rarely,12.9,Often,0,4.1512
Electric Vehicle,8.1,3,95.0,Mixed,Often,6.0,Sometimes,1-2,2.5123
Electric Vehicle,45.9,5,316.0,Mixed,Sometimes,6.7,Never,0,3.8751
Bus,20.9,4,237.0,Vegetarian,Often,7.1,Often,0,2.7446
Bus,6.9,4,307.0,Non-Vegetarian,Sometimes,2.8,Sometimes,0,3.8268
Train,12.2,4,497.0,Mixed,Sometimes,4.6,Never,6+,5.7037
Bus,6.3,6,328.0,Mixed,Sometimes,7.7,Never,1-2,3.8916
Electric Vehicle,54.1,6,207.0,Vegan,Rarely,3.5,Sometimes,0,2.6492
Car,47.1,5,354.0,Vegetarian,Sometimes,15.5,Sometimes,6+,7.6371
Bicycle,1.4,2,267.0,Mixed,Sometimes,18.8,Often,0,2.8861
Car,15.3,5,492.0,Non-Vegetarian,Rarely,18.0,Never,6+,7.5407
Car,34.5,7,457.0,Non-Vegetarian,Sometimes,16.7,Sometimes,3-5,7.5712
Motorcycle,55.5,6,371.0,Mixed,Sometimes,14.1,Never,1-2,6.5119
Electric Vehicle,63.7,7,368.0,Mixed,Sometimes,4.2,Often,1-2,5.0067
Bicycle,0.7,7,110.0,Vegan,Sometimes,3.9,Often,1-2,1.4914
Walking,7.4,7,450.0,Mixed,Sometimes,11.7,Often,1-2,3.8848
Bus,22.7,7,245.0,Mixed,Sometimes,13.2,Often,1-2,4.2628
Car,23.5,7,214.0,Mixed,Often,15.7,Often,1-2,4.5982
Bus,37.6,5,208.0,Non-Vegetarian,Sometimes,18.0,Sometimes,0,4.2014
Walking,1.6,2,208.0,Mixed,Sometimes,9.4,Sometimes,1-2,2.9727
Electric Vehicle,57.2,4,110.0,Mixed,Sometimes,2.0,Often,0,2.737
Car,12.5,5,445.0,Vegetarian,Often,1.1,Sometimes,6+,5.6516
Electric Vehicle,40.8,4,466.0,Non-Vegetarian,Sometimes,2.1,Often,1-2,5.4114
Car,60.4,3,552.0,Vegetarian,Often,4.3,Often,6+,7.7139
Electric Vehicle,77.2,5,532.0,Vegan,Sometimes,3.0,Often,0,4.9022
Electric Vehicle,45.7,6,539.0,Vegetarian,Sometimes,6.2,Often,0,4.7675
Bicycle,0.6,4,485.0,Non-Vegetarian,Often,4.3,Often,3-5,5.2077
Electric Vehicle,43.6,3,270.0,Vegetarian,Often,10.1,Often,0,2.9849
Car,29.7,7,448.0,Vegan,Sometimes,14.2,Never,0,5.802
Car,35.4,7,558.0,Mixed,Often,14.1,Often,6+,9.1744
Electric Vehicle,40.9,6,461.0,Non-Vegetarian,Sometimes,11.4,Sometimes,1-2,5.6193
Train,11.1,4,424.0,Non-Vegetarian,Often,11.0,Sometimes,0,4.8527
Electric Vehicle,72.7,4,365.0,Vegetarian,Sometimes,10.9,Never,0,4.016
Train,6.4,7,295.0,Vegetarian,Rarely,8.9,Sometimes,1-2,2.9366
Car,24.1,3,460.0,Non-Vegetarian,Rarely,7.5,Never,6+,6.8004
Electric Vehicle,10.2,6,67.0,Non-Vegetarian,Often,15.6,Often,1-2,2.6237
Motorcycle,70.2,6,257.0,Non-Vegetarian,Sometimes,11.2,Often,0,6.2218
Car,45.3,7,120.0,Mixed,Often,15.4,Often,1-2,5.8007
Motorcycle,22.2,6,240.0,Non-Vegetarian,Often,14.8,Never,3-5,5.051
Motorcycle,62.5,3,182.0,Vegetarian,Sometimes,9.5,Often,3-5,3.9145
Bus,23.0,3,127.0,Mixed,Sometimes,18.4,Sometimes,1-2,3.0255
Walking,6.6,3,216.0,Vegetarian,Sometimes,5.2,Sometimes,0,2.4504
Electric Vehicle,51.9,6,356.0,Vegan,Sometimes,13.2,Sometimes,1-2,3.8641
Bicycle,3.6,4,257.0,Mixed,Sometimes,17.1,Sometimes,3-5,3.9949
Bus,38.8,7,341.0,Non-Vegetarian,Sometimes,7.3,Never,1-2,4.8852
Motorcycle,45.2,4,78.0,Non-Vegetarian,Sometimes,1.8,Never,3-5,3.7492
Car,20.7,5,217.0,Mixed,Sometimes,4.6,Often,3-5,4.2091
Bicycle,7.4,7,382.0,Non-Vegetarian,Often,11.5,Often,0,4.1655
Car,43.5,6,306.0,Mixed,Sometimes,15.5,Sometimes,0,5.8934
Car,8.4,4,458.0,Vegan,Sometimes,12.1,Often,0,3.7478
Bus,12.1,7,410.0,Non-Vegetarian,Sometimes,16.6,Often,1-2,5.0981
Bus,9.2,5,143.0,Mixed,Sometimes,18.4,Sometimes,1-2,2.9921
Electric Vehicle,75.9,3,470.0,Non-Vegetarian,Often,5.4,Often,0,5.4423
Bus,16.8,7,401.0,Mixed,Often,13.5,Never,1-2,5.0006
Bicycle,4.5,4,59.0,Mixed,Sometimes,16.3,Often,0,1.8572
Car,16.2,4,391.0,Non-Vegetarian,Sometimes,16.1,Never,6+,6.7418
Bicycle,2.7,2,410.0,Mixed,Often,2.8,Sometimes,1-2,4.2416
Car,5.7,4,95.0,Mixed,Sometimes,7.3,Often,6+,4.5326
Car,72.6,7,312.0,Vegan,Rarely,18.6,Often,1-2,7.3413
Car,74.7,5,59.0,Non-Vegetarian,Rarely,16.6,Often,6+,7.6578
Bus,34.4,7,232.0,Mixed,Rarely,19.8,Often,1-2,4.473
Electric Vehicle,9.0,6,178.0,Vegetarian,Sometimes,12.7,Sometimes,6+,4.17
Walking,3.9,3,246.0,Mixed,Sometimes,13.9,Often,0,3.0642
Train,32.5,3,95.0,Vegetarian,Sometimes,13.0,Often,0,1.7951
Car,32.0,5,106.0,Vegetarian,Sometimes,11.6,Sometimes,0,3.3383
Car,46.6,7,379.0,Non-Vegetarian,Sometimes,6.5,Sometimes,0,7.8831
Electric Vehicle,47.9,4,427.0,Vegetarian,Sometimes,6.1,Never,0,3.7665
Car,27.5,3,249.0,Mixed,Sometimes,10.4,Often,1-2,3.9433
Motorcycle,68.1,6,492.0,Non-Vegetarian,Sometimes,16.5,Often,6+,9.1598
Car,29.0,4,313.0,Vegetarian,Sometimes,7.1,Often,1-2,4.5422
Car,26.0,6,251.0,Mixed,Rarely,19.9,Never,3-5,5.3304
Car,59.5,4,291.0,Non-Vegetarian,Sometimes,16.6,Often,1-2,5.7615
Car,54.4,6,484.0,Vegetarian,Often,10.1,Sometimes,1-2,7.5468
Electric Vehicle,56.9,7,70.0,Mixed,Sometimes,16.4,Sometimes,6+,5.2659
Train,9.2,7,74.0,Mixed,Sometimes,8.6,Often,6+,4.0455
Bus,3.4,5,172.0,Mixed,Sometimes,14.1,Sometimes,0,2.4472
Bicycle,1.6,2,316.0,Non-Vegetarian,Often,2.6,Often,3-5,4.7052
Car,30.7,4,337.0,Non-Vegetarian,Rarely,14.7,Sometimes,0,5.3392
Car,30.7,3,422.0,Vegetarian,Often,5.6,Never,0,4.6498
Bus,38.5,4,489.0,Non-Vegetarian,Rarely,13.5,Sometimes,3-5,6.3549
Motorcycle,5.3,4,163.0,Mixed,Often,2.2,Never,3-5,3.2956
Car,29.4,6,113.0,Non-Vegetarian,Sometimes,19.4,Sometimes,0,4.3974
Motorcycle,39.3,4,498.0,Mixed,Sometimes,12.7,Never,0,5.4755
Car,27.9,4,255.0,Vegetarian,Sometimes,12.3,Sometimes,1-2,3.7128
Electric Vehicle,74.8,4,355.0,Non-Vegetarian,Rarely,7.0,Sometimes,0,4.538
Motorcycle,5.7,4,157.0,Non-Vegetarian,Sometimes,13.4,Sometimes,1-2,3.1967
Car,47.4,4,211.0,Non-Vegetarian,Sometimes,4.2,Sometimes,3-5,5.3323
Walking,4.6,2,365.0,Non-Vegetarian,Sometimes,19.8,Sometimes,3-5,4.9333
Car,36.9,4,214.0,Mixed,Sometimes,7.6,Often,1-2,4.1084
Electric Vehicle,63.2,4,165.0,Mixed,Sometimes,17.4,Often,1-2,3.1904
Electric Vehicle,65.4,7,243.0,Non-Vegetarian,Sometimes,7.1,Often,0,4.1797
Car,69.4,3,125.0,Mixed,Sometimes,2.1,Sometimes,1-2,4.347
Car,29.2,4,469.0,Non-Vegetarian,Sometimes,12.0,Sometimes,1-2,5.8701
Bus,26.4,3,272.0,Mixed,Sometimes,17.7,Sometimes,1-2,3.5077
Electric Vehicle,12.0,6,399.0,Non-Vegetarian,Often,16.1,Sometimes,6+,6.4878
Electric Vehicle,42.1,5,506.0,Non-Vegetarian,Sometimes,11.8,Sometimes,0,5.3595
Car,63.8,6,59.0,Mixed,Rarely,9.7,Often,1-2,5.6224
Electric Vehicle,73.2,5,137.0,Mixed,Sometimes,13.4,Sometimes,0,3.4338
Motorcycle,27.9,4,286.0,Vegetarian,Rarely,5.1,Never,1-2,3.4191
Bus,19.5,3,433.0,Mixed,Often,9.0,Never,0,4.2833
Car,28.5,5,125.0,Mixed,Often,3.5,Often,0,3.9438
Bus,3.3,4,292.0,Mixed,Sometimes,3.9,Sometimes,1-2,3.4026
Car,61.4,7,452.0,Non-Vegetarian,Sometimes,16.0,Sometimes,1-2,8.9797
Car,50.1,7,207.0,Mixed,Rarely,17.1,Often,0,5.9199
Motorcycle,53.5,4,322.0,Vegetarian,Sometimes,12.3,Sometimes,6+,6.1073
Electric Vehicle,75.0,4,263.0,Mixed,Sometimes,11.4,Never,1-2,4.2533
Train,3.5,4,72.0,Vegetarian,Often,10.6,Often,1-2,1.9008
Motorcycle,57.6,3,402.0,Non-Vegetarian,Rarely,2.6,Never,6+,7.1024
Car,49.0,3,221.0,Non-Vegetarian,Often,5.5,Sometimes,6+,6.8425
Car,50.9,3,220.0,Mixed,Sometimes,3.3,Often,3-5,5.1819
Bus,32.0,5,142.0,Vegetarian,Often,6.1,Often,3-5,3.8993
Car,65.5,5,338.0,Non-Vegetarian,Often,12.9,Sometimes,1-2,8.4582
Car,16.8,3,542.0,Non-Vegetarian,Rarely,15.1,Never,3-5,6.477
Car,8.4,5,261.0,Vegetarian,Often,17.3,Sometimes,6+,5.3081
Car,36.2,5,199.0,Vegetarian,Sometimes,10.5,Often,0,3.7709
Walking,7.9,5,88.0,Non-Vegetarian,Sometimes,17.1,Sometimes,1-2,2.8782
Bus,14.2,7,183.0,Non-Vegetarian,Often,20.0,Often,3-5,4.6022
Bus,32.5,4,54.0,Non-Vegetarian,Sometimes,7.6,Often,3-5,3.5214
Train,34.4,5,107.0,Non-Vegetarian,Sometimes,10.3,Never,6+,4.8867
Bicycle,1.2,3,544.0,Non-Vegetarian,Sometimes,8.1,Often,0,5.0145
Electric Vehicle,10.6,7,84.0,Non-Vegetarian,Rarely,6.5,Often,6+,4.3628
Motorcycle,67.4,5,225.0,Non-Vegetarian,Rarely,4.9,Often,1-2,5.1921
Bus,18.0,7,247.0,Mixed,Sometimes,9.8,Often,0,3.557
Walking,2.8,7,433.0,Vegan,Often,7.2,Never,0,3.2504
Train,12.6,4,67.0,Non-Vegetarian,Sometimes,15.2,Sometimes,1-2,2.8485
Walking,1.5,2,84.0,Mixed,Sometimes,4.8,Sometimes,1-2,2.1635
Train,36.9,3,62.0,Vegetarian,Often,9.4,Never,6+,3.8482
Electric Vehicle,29.9,3,568.0,Vegetarian,Often,9.2,Often,1-2,4.7417
Motorcycle,73.1,5,204.0,Mixed,Rarely,12.8,Sometimes,0,4.8977
Motorcycle,46.3,3,98.0,Non-Vegetarian,Sometimes,13.2,Often,0,3.4496
Car,33.7,5,314.0,Mixed,Sometimes,11.7,Sometimes,0,4.9887
Car,49.8,3,543.0,Mixed,Rarely,19.8,Sometimes,3-5,7.8238
Car,54.3,5,344.0,Mixed,Sometimes,15.5,Often,1-2,6.4209
Electric Vehicle,34.1,4,147.0,Non-Vegetarian,Often,14.3,Often,0,3.3121
Bus,23.8,4,510.0,Mixed,Often,11.3,Never,0,4.6351
Car,50.1,3,340.0,Vegan,Often,4.8,Never,3-5,5.4569
Car,6.6,7,438.0,Vegetarian,Rarely,11.0,Sometimes,0,3.7948
Bicycle,5.5,6,106.0,Non-Vegetarian,Rarely,4.0,Often,3-5,3.1422
Car,77.7,7,483.0,Non-Vegetarian,Sometimes,4.3,Sometimes,1-2,10.0363
Car,59.7,7,265.0,Mixed,Often,1.6,Often,6+,9.5841
Bus,37.7,4,232.0,Vegetarian,Sometimes,7.1,Often,6+,5.039
Electric Vehicle,55.3,5,296.0,Non-Vegetarian,Sometimes,2.3,Sometimes,0,4.4012
Bicycle,7.8,5,321.0,Non-Vegetarian,Sometimes,2.9,Sometimes,3-5,4.3379
Train,28.4,4,298.0,Mixed,Rarely,1.4,Sometimes,0,2.9257
Car,10.6,3,236.0,Mixed,Often,14.4,Sometimes,1-2,4.0826
Train,19.1,3,106.0,Non-Vegetarian,Rarely,14.2,Often,3-5,3.1607
Car,8.7,7,352.0,Non-Vegetarian,Rarely,1.1,Never,3-5,5.1222
Train,20.8,3,64.0,Vegetarian,Sometimes,2.6,Often,0,1.3468
Train,6.4,7,263.0,Non-Vegetarian,Sometimes,4.5,Never,1-2,3.7745
Car,67.8,7,84.0,Mixed,Sometimes,2.6,Sometimes,1-2,7.2653
Bus,34.1,7,280.0,Non-Vegetarian,Often,10.0,Often,1-2,5.1562
Car,72.7,3,326.0,Mixed,Often,13.9,Often,0,5.7844
Electric Vehicle,77.9,4,119.0,Non-Vegetarian,Often,9.3,Often,1-2,3.8265
Electric Vehicle,24.3,3,98.0,Non-Vegetarian,Sometimes,17.3,Sometimes,6+,5.1682
Train,31.9,3,278.0,Vegetarian,Sometimes,15.4,Often,6+,4.8883
Bus,6.7,5,527.0,Mixed,Often,6.0,Often,1-2,4.9076
Motorcycle,51.4,6,71.0,Mixed,Sometimes,5.5,Often,6+,5.6174
Electric Vehicle,6.5,5,221.0,Mixed,Often,14.0,Often,0,3.0118
Walking,2.9,7,279.0,Non-Vegetarian,Rarely,5.0,Often,3-5,4.2438
Bicycle,7.0,2,333.0,Vegetarian,Sometimes,10.6,Never,3-5,3.8573
Car,67.5,3,187.0,Non-Vegetarian,Often,14.4,Sometimes,3-5,6.1072
Bus,26.5,3,425.0,Non-Vegetarian,Sometimes,9.5,Often,1-2,4.6837
Electric Vehicle,24.4,3,207.0,Non-Vegetarian,Rarely,11.9,Often,3-5,3.7607
Train,28.1,5,408.0,Non-Vegetarian,Often,19.4,Often,1-2,5.23
Walking,2.2,6,493.0,Non-Vegetarian,Often,13.2,Sometimes,0,5.2239
Car,23.9,6,216.0,Non-Vegetarian,Sometimes,12.1,Never,6+,7.3019
Bus,25.0,5,214.0,Vegetarian,Rarely,19.8,Often,3-5,3.5944
Car,58.3,5,154.0,Non-Vegetarian,Sometimes,2.1,Often,3-5,6.0389
Car,6.9,6,599.0,Non-Vegetarian,Sometimes,8.4,Never,3-5,6.6575
Bus,10.0,4,427.0,Non-Vegetarian,Sometimes,18.9,Sometimes,0,4.8701
Bus,13.9,6,120.0,Non-Vegetarian,Often,15.5,Never,1-2,4.0413
Car,11.7,5,173.0,Mixed,Sometimes,17.9,Sometimes,1-2,3.3846
Car,52.6,7,569.0,Vegetarian,Often,10.5,Often,0,8.1819
Car,9.1,4,126.0,Non-Vegetarian,Sometimes,11.8,Often,1-2,3.0827
Walking,4.2,7,593.0,Non-Vegetarian,Rarely,9.6,Sometimes,3-5,6.2712
Bus,8.9,3,121.0,Non-Vegetarian,Sometimes,9.2,Sometimes,0,2.4897
Electric Vehicle,71.9,7,155.0,Non-Vegetarian,Sometimes,5.7,Often,0,3.9757
Car,33.8,7,218.0,Vegetarian,Rarely,19.0,Sometimes,1-2,4.7699
Bicycle,1.5,5,248.0,Vegetarian,Often,18.4,Sometimes,0,2.8294
Bicycle,1.5,7,62.0,Non-Vegetarian,Rarely,14.5,Often,0,1.9588
Train,25.0,3,414.0,Non-Vegetarian,Rarely,14.1,Sometimes,0,4.0161
Bus,20.6,4,163.0,Non-Vegetarian,Rarely,9.0,Never,1-2,3.1717
Motorcycle,72.4,7,445.0,Vegetarian,Rarely,3.0,Never,0,6.0558
Car,44.2,4,247.0,Non-Vegetarian,Rarely,11.4,Often,1-2,4.9162
Car,11.7,3,509.0,Non-Vegetarian,Rarely,2.7,Sometimes,3-5,5.6091
Car,24.2,4,301.0,Mixed,Sometimes,2.0,Often,3-5,4.8929
Train,18.8,3,102.0,Mixed,Rarely,17.2,Often,0,1.999
Motorcycle,37.8,7,198.0,Mixed,Sometimes,7.5,Never,1-2,4.0232
Bicycle,4.1,5,407.0,Mixed,Rarely,14.2,Never,6+,6.0093
Car,36.2,7,315.0,Non-Vegetarian,Sometimes,12.6,Often,1-2,6.87
Bicycle,7.2,5,556.0,Vegetarian,Sometimes,1.9,Sometimes,0,3.785
Bicycle,5.6,7,367.0,Non-Vegetarian,Often,13.7,Sometimes,1-2,4.6172
Train,12.2,5,415.0,Non-Vegetarian,Rarely,16.7,Often,1-2,4.3783
Car,75.1,7,517.0,Mixed,Often,2.4,Sometimes,0,9.9571
Car,53.2,6,499.0,Vegetarian,Sometimes,11.9,Never,1-2,7.4681
Car,78.6,3,106.0,Non-Vegetarian,Sometimes,1.0,Never,1-2,4.7803
Bus,10.7,6,573.0,Non-Vegetarian,Rarely,5.2,Sometimes,1-2,5.3127
Train,20.5,5,444.0,Vegetarian,Often,5.2,Sometimes,3-5,4.8371
Bus,29.0,3,543.0,Non-Vegetarian,Often,15.1,Sometimes,0,5.8144
Car,14.1,6,169.0,Mixed,Rarely,7.4,Often,0,2.9204
Car,71.9,6,412.0,Mixed,Rarely,10.5,Sometimes,0,7.5848
Electric Vehicle,67.9,6,558.0,Mixed,Often,14.1,Never,3-5,7.3865
Train,14.9,6,280.0,Non-Vegetarian,Sometimes,5.7,Sometimes,0,3.7282
Car,65.4,4,277.0,Mixed,Sometimes,6.7,Often,3-5,6.152
Train,10.4,7,443.0,Non-Vegetarian,Often,3.5,Often,6+,5.9762
Car,45.7,5,441.0,Mixed,Sometimes,12.1,Often,3-5,6.6625
Bus,35.5,6,495.0,Non-Vegetarian,Rarely,3.8,Often,0,4.9599
Bicycle,1.7,4,426.0,Vegetarian,Rarely,15.9,Sometimes,1-2,3.6666
Train,28.0,7,526.0,Mixed,Sometimes,5.5,Often,3-5,5.7096
Car,54.8,6,263.0,Mixed,Often,6.9,Sometimes,0,6.4726
Walking,7.0,3,551.0,Mixed,Sometimes,15.3,Sometimes,1-2,5.3363
Walking,7.7,4,297.0,Mixed,Rarely,19.3,Often,0,3.2357
Car,17.1,5,53.0,Non-Vegetarian,Often,1.8,Often,1-2,3.5045
Walking,5.2,7,216.0,Mixed,Sometimes,2.4,Often,1-2,2.9767
Walking,1.7,6,345.0,Vegetarian,Sometimes,5.1,Sometimes,0,2.9179
Car,61.4,7,311.0,Non-Vegetarian,Often,13.3,Never,0,8.4863
Electric Vehicle,23.3,3,425.0,Non-Vegetarian,Often,19.0,Sometimes,1-2,5.6531
Car,73.4,5,333.0,Non-Vegetarian,Sometimes,6.6,Often,0,7.4914
Electric Vehicle,63.0,7,54.0,Vegetarian,Sometimes,15.7,Often,1-2,2.9093
Car,45.3,6,406.0,Mixed,Sometimes,3.9,Sometimes,0,6.4951
Walking,4.7,6,502.0,Mixed,Sometimes,9.6,Sometimes,0,4.3866
Motorcycle,13.9,3,403.0,Non-Vegetarian,Often,12.1,Often,0,4.8404
Walking,2.8,2,205.0,Mixed,Sometimes,16.6,Never,0,2.8701
Car,61.0,7,212.0,Non-Vegetarian,Sometimes,17.9,Often,3-5,7.5416
Car,70.6,4,118.0,Vegan,Sometimes,11.2,Often,0,3.8111
Bicycle,7.3,4,166.0,Mixed,Often,3.7,Never,1-2,2.8512
Train,24.0,3,518.0,Mixed,Often,9.8,Sometimes,0,4.954
Car,12.4,7,318.0,Non-Vegetarian,Rarely,13.5,Never,1-2,4.9805
Bus,25.8,5,431.0,Vegetarian,Sometimes,16.3,Often,0,4.111
Car,63.9,6,202.0,Non-Vegetarian,Sometimes,7.3,Sometimes,1-2,7.1349
Car,53.4,3,513.0,Mixed,Rarely,11.2,Sometimes,3-5,6.2817
Car,10.7,3,517.0,Non-Vegetarian,Often,12.0,Often,0,5.6701
Electric Vehicle,45.5,4,251.0,Non-Vegetarian,Often,14.9,Sometimes,1-2,4.5528
Bus,17.7,7,56.0,Non-Vegetarian,Often,19.7,Often,3-5,4.065
Bus,23.9,4,455.0,Non-Vegetarian,Sometimes,5.2,Sometimes,0,4.988
Motorcycle,8.2,4,335.0,Mixed,Sometimes,18.4,Often,0,3.5908
Electric Vehicle,52.5,5,509.0,Non-Vegetarian,Sometimes,4.3,Often,0,5.2798
Train,33.9,7,188.0,Mixed,Sometimes,8.7,Often,0,2.9973
Car,71.2,6,141.0,Vegetarian,Sometimes,5.0,Never,0,5.4846
Bicycle,1.4,3,278.0,Non-Vegetarian,Rarely,13.8,Sometimes,1-2,3.5213
Car,14.6,7,139.0,Non-Vegetarian,Rarely,11.9,Never,0,3.502
Car,76.9,7,583.0,Non-Vegetarian,Often,14.8,Often,6+,13.1139
Bus,20.8,4,507.0,Non-Vegetarian,Often,16.6,Never,1-2,6.434
Car,59.3,5,557.0,Non-Vegetarian,Rarely,8.2,Never,0,7.024
Bicycle,6.7,6,103.0,Non-Vegetarian,Sometimes,1.7,Often,1-2,2.5193
Car,41.2,4,546.0,Non-Vegetarian,Rarely,18.8,Often,1-2,6.1748
Bicycle,3.7,5,484.0,Non-Vegetarian,Sometimes,15.1,Often,1-2,5.1441
Car,15.0,6,471.0,Mixed,Rarely,12.4,Sometimes,0,5.4069
Car,44.2,7,54.0,Non-Vegetarian,Sometimes,7.0,Sometimes,0,5.2481
Train,12.4,7,283.0,Non-Vegetarian,Sometimes,13.9,Often,1-2,3.949
Motorcycle,46.6,5,594.0,Non-Vegetarian,Often,8.6,Never,3-5,7.3327
Car,22.2,4,105.0,Non-Vegetarian,Often,16.2,Often,1-2,4.1731
Train,32.8,4,309.0,Non-Vegetarian,Rarely,6.0,Sometimes,1-2,3.9592
Bicycle,7.5,5,388.0,Non-Vegetarian,Sometimes,12.4,Often,3-5,4.6579
Car,54.3,7,207.0,Vegan,Sometimes,10.8,Sometimes,0,5.5454
Car,22.9,3,587.0,Vegetarian,Sometimes,8.6,Often,1-2,5.3079
Bicycle,7.4,6,206.0,Mixed,Often,7.6,Often,0,2.8567
Train,10.2,6,366.0,Non-Vegetarian,Sometimes,3.0,Never,0,4.3142
Electric Vehicle,70.7,7,188.0,Non-Vegetarian,Sometimes,10.2,Sometimes,0,4.2068
Walking,5.6,6,524.0,Non-Vegetarian,Sometimes,8.3,Often,0,4.6648
Motorcycle,31.5,7,55.0,Mixed,Sometimes,2.8,Often,3-5,3.3795
Car,74.9,6,223.0,Non-Vegetarian,Sometimes,4.5,Often,6+,9.802
Car,23.2,5,164.0,Non-Vegetarian,Sometimes,12.8,Never,0,4.4394
Electric Vehicle,55.7,6,388.0,Mixed,Sometimes,1.8,Sometimes,1-2,4.033
Electric Vehicle,70.2,6,151.0,Mixed,Sometimes,8.6,Often,0,3.4573
Bus,18.7,7,68.0,Non-Vegetarian,Often,15.7,Sometimes,0,3.2472
Car,55.6,6,370.0,Non-Vegetarian,Sometimes,5.9,Sometimes,0,7.2186
Bus,25.7,5,151.0,Non-Vegetarian,Sometimes,15.3,Sometimes,1-2,3.5243
Electric Vehicle,56.5,3,446.0,Mixed,Sometimes,17.3,Never,3-5,5.6183
Bicycle,4.0,2,147.0,Non-Vegetarian,Often,17.1,Sometimes,3-5,3.9981
Bus,24.0,6,104.0,Vegetarian,Sometimes,5.8,Often,0,2.2
Bicycle,2.4,4,358.0,Mixed,Sometimes,1.4,Never,3-5,4.2608
Bus,27.0,4,589.0,Non-Vegetarian,Sometimes,10.7,Often,1-2,5.9454
Car,51.0,6,397.0,Vegetarian,Rarely,16.3,Sometimes,1-2,6.1098
Car,17.1,4,222.0,Non-Vegetarian,Sometimes,12.5,Sometimes,3-5,4.4458
Walking,7.5,7,373.0,Mixed,Sometimes,4.5,Never,3-5,4.0254
Bicycle,1.1,3,268.0,Vegetarian,Often,10.0,Never,3-5,3.252
Bus,39.9,3,194.0,Vegetarian,Sometimes,17.8,Sometimes,0,2.9125
Car,67.9,3,69.0,Non-Vegetarian,Often,17.4,Sometimes,3-5,5.9372
Electric Vehicle,46.1,4,583.0,Non-Vegetarian,Rarely,12.4,Often,1-2,5.4491
Train,14.5,5,315.0,Non-Vegetarian,Rarely,6.8,Sometimes,0,3.5046
Car,44.2,4,239.0,Non-Vegetarian,Rarely,18.5,Often,1-2,5.4207
Car,22.3,3,352.0,Vegetarian,Often,9.3,Sometimes,3-5,4.7
Train,33.7,4,195.0,Non-Vegetarian,Sometimes,15.5,Often,3-5,3.9428
Bicycle,6.6,5,153.0,Vegetarian,Rarely,3.1,Sometimes,1-2,1.9178
Bicycle,4.2,4,61.0,Vegan,Sometimes,4.5,Never,0,1.0461
Car,16.3,6,169.0,Non-Vegetarian,Often,10.5,Sometimes,1-2,4.0857
Car,11.0,4,81.0,Mixed,Rarely,9.9,Never,3-5,3.1969
Car,62.6,4,262.0,Mixed,Sometimes,19.9,Never,3-5,5.9992
Car,55.0,4,310.0,Non-Vegetarian,Sometimes,7.1,Often,0,6.0783
Car,52.9,4,248.0,Vegetarian,Sometimes,19.5,Sometimes,1-2,4.939
Car,64.6,7,116.0,Mixed,Rarely,1.8,Often,1-2,6.357
Car,16.8,3,427.0,Non-Vegetarian,Often,15.4,Never,0,5.2302
Car,45.2,3,119.0,Non-Vegetarian,Often,16.0,Often,3-5,4.8775
Bicycle,3.2,3,188.0,Vegan,Sometimes,11.6,Sometimes,1-2,2.1742
Bus,23.1,5,453.0,Non-Vegetarian,Often,18.4,Sometimes,0,5.6944
Car,32.5,3,477.0,Non-Vegetarian,Sometimes,17.8,Often,0,5.8184
Train,14.9,3,412.0,Non-Vegetarian,Sometimes,11.0,Sometimes,1-2,4.4406
Train,7.1,7,412.0,Vegan,Often,4.4,Never,0,3.1791
Car,7.4,6,412.0,Non-Vegetarian,Sometimes,5.9,Sometimes,1-2,5.3624
Car,41.9,3,307.0,Non-Vegetarian,Sometimes,15.1,Often,3-5,5.932
Walking,0.9,6,196.0,Vegan,Rarely,6.8,Often,6+,3.9923
Bus,10.0,7,411.0,Non-Vegetarian,Often,11.6,Sometimes,3-5,5.975
Walking,4.8,7,302.0,Non-Vegetarian,Often,4.2,Never,1-2,4.0574
Electric Vehicle,38.2,5,546.0,Non-Vegetarian,Often,17.1,Sometimes,1-2,6.4187
Electric Vehicle,29.3,4,360.0,Non-Vegetarian,Often,18.6,Sometimes,6+,6.4552
Bicycle,7.9,6,59.0,Vegetarian,Often,1.1,Often,0,1.4539
Car,62.9,5,556.0,Non-Vegetarian,Sometimes,11.9,Never,1-2,8.7556
Electric Vehicle,23.7,5,496.0,Vegetarian,Sometimes,18.4,Often,3-5,5.2074
Walking,1.8,7,437.0,Mixed,Rarely,13.2,Never,3-5,4.4498
Electric Vehicle,30.1,6,279.0,Mixed,Often,5.3,Often,1-2,4.2008
Car,63.3,6,80.0,Non-Vegetarian,Sometimes,11.7,Sometimes,1-2,6.7009
Electric Vehicle,77.8,7,366.0,Vegetarian,Sometimes,15.9,Never,0,5.2014
Bus,30.6,7,270.0,Vegetarian,Sometimes,15.7,Never,0,3.716
Train,10.3,7,598.0,Non-Vegetarian,Sometimes,6.1,Sometimes,1-2,5.4907
Bus,7.2,6,283.0,Non-Vegetarian,Sometimes,12.3,Never,0,4.1165
Electric Vehicle,38.2,4,292.0,Mixed,Sometimes,14.0,Never,3-5,4.4754
Car,60.5,4,572.0,Mixed,Often,16.6,Never,1-2,8.2495
Car,20.7,7,167.0,Non-Vegetarian,Often,11.4,Often,6+,6.8186
Bicycle,5.5,5,371.0,Non-Vegetarian,Rarely,4.2,Sometimes,3-5,4.4221
Train,3.3,6,413.0,Non-Vegetarian,Often,7.8,Never,0,4.5812
Electric Vehicle,34.0,6,330.0,Mixed,Often,10.2,Sometimes,0,4.3752
Bus,29.4,3,186.0,Non-Vegetarian,Sometimes,8.5,Never,0,3.8503
Motorcycle,51.9,4,598.0,Mixed,Sometimes,2.2,Sometimes,0,6.8811
Electric Vehicle,76.2,4,133.0,Mixed,Sometimes,2.7,Sometimes,6+,4.9506
Train,26.1,4,280.0,Non-Vegetarian,Sometimes,6.9,Often,1-2,4.0138
Train,28.3,4,524.0,Non-Vegetarian,Sometimes,11.0,Never,6+,7.5632
Electric Vehicle,15.9,7,554.0,Non-Vegetarian,Sometimes,19.0,Never,0,5.9902
Walking,7.1,5,579.0,Non-Vegetarian,Sometimes,16.6,Often,3-5,5.6362
Car,19.1,4,152.0,Mixed,Sometimes,6.1,Sometimes,0,3.0741
Motorcycle,56.6,6,124.0,Mixed,Sometimes,13.3,Never,0,4.6776
Bus,9.1,4,68.0,Mixed,Rarely,6.1,Sometimes,3-5,2.8294
Car,74.5,6,527.0,Non-Vegetarian,Sometimes,9.7,Sometimes,1-2,9.5462
Car,60.1,6,446.0,Non-Vegetarian,Often,11.9,Sometimes,1-2,8.63
Car,39.3,3,533.0,Non-Vegetarian,Sometimes,19.7,Never,0,6.3411
Walking,7.7,3,210.0,Non-Vegetarian,Sometimes,16.7,Sometimes,1-2,3.4286
Bus,8.3,6,100.0,Non-Vegetarian,Rarely,12.1,Often,1-2,2.7284
Motorcycle,29.3,3,148.0,Non-Vegetarian,Sometimes,4.8,Sometimes,0,3.0306
Walking,5.9,2,100.0,Mixed,Sometimes,2.6,Often,3-5,2.3837
Electric Vehicle,50.9,4,258.0,Non-Vegetarian,Often,18.3,Sometimes,1-2,4.9555
Car,58.4,6,219.0,Mixed,Often,6.5,Never,3-5,7.8151
Electric Vehicle,5.3,5,57.0,Non-Vegetarian,Sometimes,16.3,Often,1-2,2.5986
Bus,19.3,7,380.0,Non-Vegetarian,Sometimes,12.8,Sometimes,3-5,5.9453
Car,16.1,5,70.0,Mixed,Sometimes,16.9,Sometimes,6+,5.0715
Car,55.4,7,414.0,Non-Vegetarian,Sometimes,11.7,Often,3-5,8.9728
Motorcycle,7.7,5,228.0,Mixed,Often,15.4,Often,0,3.2036
Electric Vehicle,29.7,6,339.0,Non-Vegetarian,Sometimes,3.1,Often,1-2,4.4342
Electric Vehicle,41.3,7,564.0,Mixed,Sometimes,12.6,Sometimes,1-2,6.0785
Car,47.2,7,451.0,Non-Vegetarian,Often,17.8,Sometimes,0,8.2444
Car,13.9,6,394.0,Vegetarian,Often,16.2,Often,1-2,4.4703
Train,3.4,4,430.0,Non-Vegetarian,Rarely,6.7,Sometimes,3-5,5.1572
Car,30.0,6,448.0,Non-Vegetarian,Rarely,4.3,Sometimes,0,5.6538
Walking,5.3,5,135.0,Non-Vegetarian,Often,18.0,Sometimes,3-5,3.5258
Electric Vehicle,9.2,7,215.0,Mixed,Sometimes,11.2,Sometimes,1-2,3.273
Motorcycle,77.7,5,512.0,Non-Vegetarian,Sometimes,11.2,Never,1-2,6.7011
Car,13.8,5,438.0,Non-Vegetarian,Rarely,8.9,Sometimes,0,4.3164
Car,27.7,3,256.0,Vegan,Sometimes,2.8,Sometimes,3-5,3.8284
Electric Vehicle,16.6,5,558.0,Mixed,Sometimes,15.7,Never,3-5,6.1705
Train,7.9,3,303.0,Mixed,Sometimes,1.1,Often,1-2,2.981
Train,6.2,6,539.0,Vegetarian,Often,15.2,Never,3-5,5.2468
Car,26.5,7,226.0,Non-Vegetarian,Rarely,3.8,Sometimes,0,4.6196
Train,22.0,4,348.0,Non-Vegetarian,Sometimes,18.9,Often,1-2,4.4285
Electric Vehicle,45.5,3,122.0,Non-Vegetarian,Sometimes,3.0,Never,1-2,3.2174
Car,49.7,7,396.0,Non-Vegetarian,Sometimes,7.8,Sometimes,0,7.6191
Car,74.2,6,362.0,Vegetarian,Often,14.3,Never,0,7.2366
Train,31.4,6,177.0,Non-Vegetarian,Often,12.7,Often,0,3.475
Walking,7.1,5,318.0,Vegetarian,Rarely,10.1,Often,0,2.5603
Car,48.1,7,107.0,Mixed,Often,7.2,Often,3-5,6.0593
Motorcycle,51.6,7,137.0,Non-Vegetarian,Rarely,5.0,Often,1-2,4.6992
Electric Vehicle,47.5,5,349.0,Non-Vegetarian,Sometimes,2.5,Often,1-2,4.3176
Bus,23.5,6,147.0,Mixed,Rarely,3.1,Often,3-5,3.5291
Motorcycle,42.1,3,100.0,Mixed,Often,18.2,Often,0,3.1621
Bus,17.4,7,296.0,Non-Vegetarian,Often,6.7,Often,1-2,4.7847
Electric Vehicle,75.3,5,595.0,Non-Vegetarian,Sometimes,10.7,Often,3-5,7.7157
Electric Vehicle,5.1,7,501.0,Non-Vegetarian,Often,17.4,Sometimes,3-5,6.3334
Motorcycle,28.9,6,273.0,Non-Vegetarian,Sometimes,4.3,Never,1-2,4.7581
Motorcycle,26.6,4,124.0,Vegetarian,Rarely,14.7,Sometimes,1-2,2.5732
Electric Vehicle,11.3,6,523.0,Mixed,Sometimes,18.7,Often,1-2,4.5529
Motorcycle,21.9,6,383.0,Non-Vegetarian,Often,5.5,Sometimes,1-2,5.58
Bus,16.6,3,362.0,Mixed,Rarely,10.1,Often,0,3.5551
Electric Vehicle,63.4,6,334.0,Non-Vegetarian,Sometimes,5.7,Often,1-2,4.2679
Train,28.3,7,489.0,Non-Vegetarian,Rarely,7.5,Often,1-2,4.7434
Bicycle,3.7,4,209.0,Vegan,Often,15.2,Often,1-2,2.3483
Car,40.5,4,365.0,Non-Vegetarian,Sometimes,15.0,Never,1-2,6.1223
Walking,2.4,6,205.0,Mixed,Rarely,3.1,Never,1-2,2.7073
Car,38.5,4,194.0,Mixed,Sometimes,16.2,Often,0,4.2542
Electric Vehicle,16.6,6,464.0,Non-Vegetarian,Sometimes,13.6,Often,0,4.864
Bus,34.1,3,403.0,Mixed,Rarely,4.2,Sometimes,0,4.0568
Bus,17.1,6,311.0,Vegetarian,Often,1.2,Often,1-2,3.3321
Train,38.6,3,104.0,Non-Vegetarian,Sometimes,17.0,Often,1-2,2.9579
Walking,2.4,6,265.0,Mixed,Sometimes,15.0,Sometimes,0,3.2249
Car,56.8,4,222.0,Vegan,Rarely,2.3,Sometimes,1-2,4.2884
Bicycle,2.4,2,63.0,Vegetarian,Often,13.5,Often,6+,3.46
Train,29.2,3,98.0,Non-Vegetarian,Sometimes,15.5,Often,3-5,3.402
Car,27.1,3,401.0,Mixed,Sometimes,9.1,Often,3-5,5.3828
Car,17.1,3,203.0,Vegetarian,Sometimes,19.9,Sometimes,3-5,3.7381
Electric Vehicle,20.1,6,148.0,Non-Vegetarian,Rarely,15.6,Sometimes,1-2,3.3158
Electric Vehicle,58.7,3,69.0,Vegetarian,Sometimes,15.8,Never,1-2,2.4365
Car,34.3,4,435.0,Mixed,Sometimes,10.8,Often,1-2,5.5302
Bus,34.2,3,347.0,Vegan,Often,16.5,Sometimes,1-2,3.9511
Bicycle,3.5,7,598.0,Non-Vegetarian,Sometimes,17.2,Sometimes,3-5,6.0781
Walking,2.7,3,147.0,Vegan,Sometimes,4.6,Often,3-5,2.1754
Car,52.5,4,127.0,Vegetarian,Sometimes,12.3,Sometimes,0,3.8237
Bus,14.4,7,581.0,Mixed,Often,1.3,Sometimes,0,5.3556
Car,54.0,7,302.0,Non-Vegetarian,Often,3.8,Sometimes,6+,9.1276
Car,15.6,3,309.0,Mixed,Rarely,14.3,Never,0,3.9241
Walking,3.9,3,509.0,Vegetarian,Often,3.2,Sometimes,1-2,4.3505
Car,20.2,5,496.0,Mixed,Sometimes,7.2,Often,1-2,5.8182
Walking,6.2,6,145.0,Vegetarian,Sometimes,15.4,Never,0,2.2806
Car,23.3,7,72.0,Vegetarian,Often,12.6,Often,0,3.2641
Car,11.7,7,538.0,Non-Vegetarian,Often,15.7,Often,0,6.1312
Train,22.4,6,182.0,Vegetarian,Sometimes,12.3,Often,1-2,2.7983
Car,36.4,7,180.0,Vegetarian,Sometimes,2.8,Sometimes,3-5,5.5338
Bus,11.1,4,202.0,Vegetarian,Often,14.0,Often,1-2,2.9834
Car,53.4,5,165.0,Non-Vegetarian,Sometimes,17.9,Sometimes,0,6.0321
Car,45.3,4,482.0,Non-Vegetarian,Rarely,18.0,Often,1-2,6.47
Train,15.1,3,229.0,Vegetarian,Sometimes,17.5,Sometimes,0,2.7067
Bus,20.9,6,130.0,Mixed,Sometimes,8.4,Never,3-5,3.3069
Car,14.5,7,83.0,Vegetarian,Often,9.7,Never,0,2.5355
Electric Vehicle,50.3,7,548.0,Non-Vegetarian,Sometimes,5.4,Sometimes,1-2,6.2885
Bus,20.1,3,452.0,Mixed,Sometimes,7.2,Sometimes,3-5,4.9361
Train,8.5,7,544.0,Non-Vegetarian,Rarely,19.8,Often,1-2,5.0119
Walking,5.7,2,299.0,Non-Vegetarian,Sometimes,1.2,Often,6+,5.542
Car,27.2,3,59.0,Non-Vegetarian,Rarely,9.7,Sometimes,1-2,3.2924
Car,57.7,4,484.0,Non-Vegetarian,Sometimes,13.0,Often,0,6.875
Electric Vehicle,30.0,3,213.0,Mixed,Sometimes,12.6,Sometimes,0,2.9243
Car,74.9,7,570.0,Non-Vegetarian,Often,3.1,Sometimes,1-2,10.1427
Motorcycle,18.1,7,438.0,Non-Vegetarian,Often,3.6,Sometimes,1-2,5.3299
Bicycle,7.0,7,165.0,Mixed,Sometimes,7.7,Sometimes,1-2,2.4667
Car,9.8,5,299.0,Non-Vegetarian,Often,9.9,Sometimes,3-5,5.4057
Motorcycle,55.5,3,154.0,Mixed,Rarely,8.4,Never,6+,5.0747
Car,17.4,3,433.0,Non-Vegetarian,Often,10.9,Often,0,5.488
Car,31.0,6,456.0,Vegan,Rarely,1.4,Often,3-5,5.696
Bus,15.4,7,239.0,Non-Vegetarian,Sometimes,12.3,Often,3-5,4.3349
Car,64.2,4,484.0,Non-Vegetarian,Sometimes,6.5,Often,0,7.2092
Car,76.7,7,558.0,Mixed,Sometimes,19.5,Often,1-2,10.1947
Car,8.1,5,366.0,Non-Vegetarian,Sometimes,4.9,Often,1-2,4.3918
Electric Vehicle,16.1,6,347.0,Vegetarian,Sometimes,18.5,Sometimes,1-2,3.8819
Car,5.3,7,587.0,Non-Vegetarian,Sometimes,10.0,Sometimes,6+,7.9448
Electric Vehicle,48.0,4,490.0,Mixed,Often,7.4,Never,1-2,5.7128
Car,6.9,7,512.0,Non-Vegetarian,Rarely,2.0,Often,1-2,5.3043
Car,75.2,5,158.0,Vegetarian,Often,13.9,Often,6+,7.5532
Train,21.9,3,550.0,Non-Vegetarian,Rarely,17.2,Sometimes,0,5.3031
Car,31.4,6,531.0,Vegetarian,Sometimes,9.4,Often,3-5,6.5346
Electric Vehicle,36.8,6,127.0,Non-Vegetarian,Rarely,4.9,Sometimes,3-5,4.0338
Electric Vehicle,10.0,7,466.0,Vegetarian,Sometimes,18.4,Sometimes,1-2,4.2675
Car,19.0,6,209.0,Non-Vegetarian,Often,6.7,Sometimes,1-2,4.364
Bicycle,2.2,2,135.0,Non-Vegetarian,Sometimes,13.1,Never,1-2,3.0375
Electric Vehicle,53.4,3,116.0,Non-Vegetarian,Often,2.3,Often,1-2,3.5272
Bus,35.1,6,586.0,Mixed,Sometimes,14.9,Never,0,5.9408
Bus,28.7,5,140.0,Non-Vegetarian,Sometimes,18.3,Sometimes,0,3.5293
Bus,37.6,7,157.0,Non-Vegetarian,Often,12.4,Never,0,4.406
Walking,2.5,7,429.0,Vegetarian,Sometimes,16.6,Never,1-2,4.3825
Motorcycle,41.4,5,556.0,Vegetarian,Sometimes,10.6,Often,3-5,5.7328
Electric Vehicle,68.5,7,436.0,Mixed,Sometimes,18.4,Never,0,5.4312
Car,31.1,5,126.0,Non-Vegetarian,Often,10.9,Often,0,4.3285
Car,14.7,4,428.0,Non-Vegetarian,Sometimes,19.6,Sometimes,3-5,6.3145
Car,6.4,6,467.0,Vegan,Rarely,16.1,Sometimes,0,4.0084
Car,55.1,3,480.0,Mixed,Sometimes,18.1,Never,0,6.3168
Car,68.4,5,572.0,Non-Vegetarian,Rarely,10.5,Often,0,8.1691
Bus,3.5,4,444.0,Mixed,Rarely,15.3,Never,3-5,4.8712
Electric Vehicle,74.0,6,252.0,Non-Vegetarian,Sometimes,19.2,Never,0,4.7366
Car,13.5,5,118.0,Vegetarian,Rarely,15.5,Often,1-2,2.6702
Car,29.6,3,262.0,Non-Vegetarian,Sometimes,14.1,Often,0,3.7476
Motorcycle,69.3,6,566.0,Non-Vegetarian,Rarely,13.8,Often,0,7.9669
Bus,28.0,3,129.0,Non-Vegetarian,Sometimes,2.9,Often,6+,5.5082
Car,49.6,6,118.0,Mixed,Sometimes,6.3,Often,1-2,5.5594
Car,64.2,6,246.0,Non-Vegetarian,Often,19.8,Sometimes,0,7.4861
Bus,11.5,4,66.0,Mixed,Often,10.5,Never,0,2.4587
Train,15.1,5,392.0,Vegetarian,Rarely,15.3,Often,3-5,4.2212
Bus,12.7,5,495.0,Non-Vegetarian,Rarely,15.5,Often,3-5,6.0187
Car,38.8,6,293.0,Vegan,Rarely,13.5,Often,3-5,5.6087
Car,34.2,3,363.0,Non-Vegetarian,Sometimes,11.2,Sometimes,1-2,5.5015
Car,9.2,5,322.0,Mixed,Sometimes,7.7,Often,0,3.7501
Electric Vehicle,31.2,7,65.0,Mixed,Sometimes,2.8,Sometimes,0,2.3332
Motorcycle,54.6,4,179.0,Non-Vegetarian,Rarely,14.1,Often,0,4.1375
Car,54.3,6,362.0,Mixed,Sometimes,14.2,Sometimes,6+,9.3772
Motorcycle,34.3,7,104.0,Non-Vegetarian,Sometimes,4.9,Sometimes,3-5,4.4811
Car,77.7,4,323.0,Mixed,Often,17.0,Sometimes,0,6.6564
Car,79.7,6,493.0,Non-Vegetarian,Often,14.6,Sometimes,1-2,10.063
Bus,18.8,5,488.0,Non-Vegetarian,Sometimes,16.3,Sometimes,1-2,5.8768
Car,35.2,7,333.0,Non-Vegetarian,Sometimes,17.7,Often,1-2,6.6876
Train,33.5,6,197.0,Non-Vegetarian,Often,17.2,Often,6+,6.064
Bicycle,0.9,3,250.0,Vegetarian,Rarely,14.0,Sometimes,1-2,2.6494
Car,20.3,6,197.0,Non-Vegetarian,Rarely,14.1,Sometimes,0,4.4983
Car,7.1,5,305.0,Non-Vegetarian,Sometimes,13.3,Never,0,4.2434
Walking,5.4,3,404.0,Vegan,Sometimes,15.9,Never,3-5,4.1851
Car,27.3,3,545.0,Non-Vegetarian,Sometimes,13.5,Never,6+,7.9398
Car,60.1,3,337.0,Mixed,Often,18.7,Sometimes,3-5,6.222
Car,14.2,5,231.0,Non-Vegetarian,Sometimes,15.2,Sometimes,1-2,4.3537
Electric Vehicle,38.0,5,525.0,Vegetarian,Sometimes,14.3,Never,1-2,5.161
Bus,12.1,5,534.0,Mixed,Sometimes,14.6,Often,0,5.1618
Electric Vehicle,54.7,3,430.0,Mixed,Sometimes,11.5,Sometimes,6+,6.3367
Motorcycle,65.9,3,344.0,Non-Vegetarian,Sometimes,1.1,Often,6+,7.0884
Electric Vehicle,61.8,5,166.0,Mixed,Often,13.0,Often,3-5,4.1876
Motorcycle,7.5,3,503.0,Mixed,Sometimes,8.8,Often,3-5,5.5056
Electric Vehicle,57.4,7,87.0,Non-Vegetarian,Sometimes,11.4,Sometimes,1-2,3.531
Walking,5.3,3,397.0,Mixed,Rarely,8.6,Often,0,3.635
Bus,38.9,4,516.0,Non-Vegetarian,Often,7.1,Sometimes,3-5,6.7508
Car,56.6,5,490.0,Vegetarian,Sometimes,4.5,Often,6+,8.8055
Electric Vehicle,74.2,7,395.0,Mixed,Often,4.8,Often,0,5.1797
Motorcycle,37.2,5,132.0,Mixed,Rarely,11.8,Never,1-2,3.6321
Electric Vehicle,42.1,4,442.0,Vegetarian,Often,15.9,Sometimes,1-2,4.0986
Car,69.2,7,169.0,Mixed,Sometimes,4.6,Never,3-5,9.0404
Car,38.8,4,253.0,Non-Vegetarian,Sometimes,1.2,Never,0,4.8388
Bicycle,5.7,7,261.0,Non-Vegetarian,Sometimes,2.4,Sometimes,0,3.4001
Motorcycle,50.5,7,440.0,Mixed,Rarely,10.6,Sometimes,6+,7.7734
Train,7.9,7,73.0,Vegetarian,Rarely,10.4,Sometimes,1-2,1.8979
Bus,12.6,5,74.0,Vegetarian,Often,16.9,Often,6+,4.209
Car,70.8,7,506.0,Mixed,Sometimes,9.3,Never,3-5,8.8867
Bus,37.1,6,79.0,Vegetarian,Sometimes,1.7,Sometimes,3-5,3.278
Bus,39.8,6,72.0,Non-Vegetarian,Sometimes,10.2,Sometimes,3-5,4.3372
Car,70.1,4,509.0,Mixed,Often,11.7,Often,0,7.2715
Electric Vehicle,5.3,7,149.0,Mixed,Sometimes,10.5,Never,0,2.4484
Car,33.0,3,510.0,Vegetarian,Rarely,16.8,Often,1-2,5.8869
Electric Vehicle,49.6,3,231.0,Vegan,Sometimes,9.6,Often,6+,4.783
Car,69.7,5,228.0,Vegetarian,Rarely,19.1,Sometimes,0,5.6675
Car,77.4,6,99.0,Mixed,Rarely,15.8,Sometimes,3-5,7.3222
Bus,19.0,5,547.0,Non-Vegetarian,Sometimes,2.8,Sometimes,0,5.2399
Bus,17.4,5,360.0,Non-Vegetarian,Often,16.4,Often,1-2,4.9299
Car,39.8,4,406.0,Mixed,Often,11.0,Often,0,5.6428
Bus,5.9,6,215.0,Mixed,Sometimes,6.7,Sometimes,1-2,2.9073
Electric Vehicle,43.5,7,284.0,Vegetarian,Sometimes,11.8,Sometimes,0,3.4933
Car,42.8,3,457.0,Non-Vegetarian,Often,17.0,Never,1-2,6.5376
Bicycle,6.2,5,393.0,Non-Vegetarian,Often,17.6,Never,0,4.5405
Bicycle,5.0,7,108.0,Non-Vegetarian,Rarely,3.2,Never,1-2,2.3895
Electric Vehicle,50.1,6,217.0,Mixed,Sometimes,14.1,Often,1-2,3.4412
Walking,1.2,3,58.0,Vegetarian,Rarely,19.4,Often,0,1.3328
Bus,26.2,7,155.0,Non-Vegetarian,Sometimes,10.0,Never,0,3.5492
Car,57.7,6,309.0,Mixed,Sometimes,4.8,Sometimes,3-5,7.4053
Train,29.4,6,517.0,Mixed,Sometimes,11.5,Sometimes,1-2,5.0522
Bus,24.9,7,564.0,Mixed,Often,5.4,Never,0,5.4682
Car,53.6,6,114.0,Non-Vegetarian,Sometimes,9.5,Sometimes,0,5.5775
Bicycle,4.0,5,178.0,Non-Vegetarian,Often,7.4,Often,3-5,3.8437
Car,58.4,6,508.0,Non-Vegetarian,Sometimes,16.1,Often,3-5,8.8531
Train,13.5,3,417.0,Vegetarian,Rarely,12.5,Never,1-2,3.9986
Car,8.5,3,247.0,Non-Vegetarian,Sometimes,4.3,Often,1-2,3.6623
Walking,3.0,2,390.0,Vegetarian,Sometimes,5.9,Sometimes,0,3.5557
Car,16.3,7,382.0,Vegetarian,Rarely,19.0,Often,6+,6.5625
Bicycle,7.8,6,385.0,Mixed,Rarely,11.7,Sometimes,0,3.6824
Motorcycle,59.6,6,469.0,Non-Vegetarian,Often,3.9,Sometimes,3-5,7.8156
Car,20.1,6,473.0,Vegan,Often,10.0,Sometimes,0,4.7769
Motorcycle,52.2,4,133.0,Mixed,Sometimes,5.3,Often,1-2,3.888
Motorcycle,39.4,7,487.0,Non-Vegetarian,Rarely,3.8,Never,3-5,6.909
Car,78.6,4,289.0,Non-Vegetarian,Rarely,18.5,Never,1-2,6.9959
Electric Vehicle,78.5,7,585.0,Non-Vegetarian,Often,14.3,Often,3-5,7.6848
Electric Vehicle,72.5,7,556.0,Mixed,Sometimes,4.9,Sometimes,3-5,6.9974
Train,28.8,6,476.0,Mixed,Rarely,11.2,Sometimes,3-5,5.3942
Bus,10.9,7,353.0,Non-Vegetarian,Often,4.0,Never,3-5,5.0713
Train,11.9,5,450.0,Mixed,Rarely,2.1,Sometimes,1-2,4.0947
Train,7.6,5,365.0,Vegan,Sometimes,5.5,Often,1-2,3.1092
Bicycle,7.5,7,343.0,Non-Vegetarian,Sometimes,6.4,Often,3-5,4.3219
Bus,12.2,5,334.0,Vegetarian,Often,9.6,Never,1-2,3.526
Motorcycle,11.9,6,539.0,Non-Vegetarian,Sometimes,8.0,Sometimes,1-2,5.3193
Car,42.4,6,598.0,Non-Vegetarian,Often,14.9,Sometimes,0,8.2298
Bus,20.9,6,121.0,Mixed,Often,3.2,Sometimes,1-2,3.1862
Motorcycle,76.4,7,519.0,Vegetarian,Sometimes,6.5,Sometimes,0,6.2719
Car,33.1,5,317.0,Mixed,Rarely,12.2,Never,3-5,5.8487
Electric Vehicle,41.7,3,351.0,Vegetarian,Rarely,10.1,Sometimes,1-2,3.5218
Car,33.3,7,123.0,Vegetarian,Sometimes,15.5,Often,0,4.1175
Train,26.1,6,178.0,Non-Vegetarian,Sometimes,19.2,Often,3-5,3.9135
Train,35.0,3,365.0,Mixed,Sometimes,11.7,Never,1-2,4.2272
Bus,5.0,7,337.0,Mixed,Sometimes,1.4,Often,1-2,3.9036
Electric Vehicle,25.6,4,185.0,Mixed,Often,9.4,Often,1-2,3.2285
Electric Vehicle,6.7,6,149.0,Vegan,Sometimes,8.3,Never,6+,3.809
Bus,13.6,4,191.0,Vegetarian,Sometimes,8.7,Never,1-2,2.7247
Car,34.2,5,128.0,Mixed,Sometimes,18.9,Often,0,4.0242
Car,49.8,4,321.0,Mixed,Sometimes,3.2,Never,1-2,5.19
Motorcycle,22.5,3,198.0,Mixed,Sometimes,5.7,Sometimes,3-5,3.8033
Car,35.5,3,515.0,Non-Vegetarian,Often,3.7,Sometimes,0,6.1338
Electric Vehicle,46.6,3,51.0,Non-Vegetarian,Often,6.5,Often,0,3.1461
Electric Vehicle,41.2,7,188.0,Non-Vegetarian,Often,17.0,Sometimes,3-5,4.959
Bus,5.6,3,267.0,Vegetarian,Rarely,11.6,Sometimes,1-2,2.977
Train,38.4,5,536.0,Mixed,Sometimes,19.6,Often,0,4.845
Car,76.9,5,59.0,Non-Vegetarian,Sometimes,1.0,Sometimes,6+,7.5983
Train,18.3,6,469.0,Non-Vegetarian,Often,13.3,Never,0,5.4524
Train,16.1,6,505.0,Non-Vegetarian,Rarely,15.6,Often,0,4.4764
Bus,37.6,6,55.0,Mixed,Often,13.9,Often,0,3.2826
Walking,2.2,5,582.0,Vegan,Sometimes,14.4,Often,0,3.8416
Electric Vehicle,52.9,3,528.0,Non-Vegetarian,Sometimes,11.5,Often,1-2,5.399
Car,14.6,3,120.0,Mixed,Often,17.7,Often,0,2.7402
Electric Vehicle,6.7,7,388.0,Non-Vegetarian,Often,1.0,Sometimes,1-2,4.3824
Car,68.3,6,201.0,Non-Vegetarian,Sometimes,7.9,Often,3-5,7.1717
Car,25.8,6,343.0,Non-Vegetarian,Sometimes,7.4,Often,3-5,6.2626
Bicycle,7.7,3,158.0,Non-Vegetarian,Rarely,12.9,Never,1-2,3.0094
Car,64.8,5,512.0,Non-Vegetarian,Sometimes,19.2,Often,3-5,8.5299
Car,50.0,6,470.0,Non-Vegetarian,Sometimes,2.6,Never,0,7.4081
Car,68.6,3,480.0,Vegetarian,Often,2.0,Often,1-2,6.2302
Car,68.7,6,103.0,Mixed,Sometimes,12.4,Often,0,6.226
Motorcycle,64.6,7,391.0,Non-Vegetarian,Often,15.9,Sometimes,0,7.2955
Train,5.5,4,547.0,Vegetarian,Sometimes,7.8,Sometimes,1-2,4.5571
Car,15.3,3,83.0,Non-Vegetarian,Sometimes,19.2,Often,0,3.068
Car,28.2,5,210.0,Mixed,Sometimes,13.5,Never,0,4.0129
Electric Vehicle,47.0,3,282.0,Vegetarian,Sometimes,18.3,Often,0,3.0148
Electric Vehicle,50.0,5,519.0,Non-Vegetarian,Sometimes,6.7,Sometimes,0,5.1109
Electric Vehicle,73.3,6,171.0,Vegan,Sometimes,5.4,Often,0,2.8229
Car,60.5,4,270.0,Mixed,Rarely,1.2,Sometimes,1-2,4.7351
Car,38.0,7,552.0,Non-Vegetarian,Often,4.8,Sometimes,0,7.9172
Electric Vehicle,23.4,4,62.0,Mixed,Often,1.4,Often,0,2.2572
Walking,1.3,3,218.0,Non-Vegetarian,Often,13.6,Often,6+,6.0233
Electric Vehicle,9.9,4,535.0,Vegetarian,Rarely,11.1,Often,0,4.1067
Motorcycle,52.7,3,470.0,Non-Vegetarian,Often,6.6,Never,0,5.6575
Car,43.1,7,537.0,Non-Vegetarian,Rarely,9.9,Often,0,7.5041
Bus,30.8,7,256.0,Non-Vegetarian,Rarely,14.5,Sometimes,1-2,4.8605
Train,26.6,7,407.0,Non-Vegetarian,Often,9.6,Sometimes,0,4.81
Motorcycle,33.3,4,565.0,Non-Vegetarian,Sometimes,3.6,Never,1-2,5.8083
Bus,26.0,6,298.0,Non-Vegetarian,Sometimes,10.5,Sometimes,0,4.6237
Bus,12.8,3,248.0,Vegetarian,Often,10.7,Often,3-5,3.6493
Car,7.9,4,234.0,Non-Vegetarian,Sometimes,15.2,Often,3-5,4.2534
Car,50.3,4,599.0,Mixed,Sometimes,18.3,Never,0,7.4751
Motorcycle,35.4,7,467.0,Vegan,Sometimes,19.8,Often,3-5,5.2757
Car,59.3,4,311.0,Non-Vegetarian,Often,15.4,Often,1-2,6.7059
Car,62.8,6,165.0,Non-Vegetarian,Sometimes,8.1,Sometimes,0,6.2859
Electric Vehicle,5.7,5,237.0,Non-Vegetarian,Sometimes,8.7,Often,1-2,3.4751
Walking,7.4,3,587.0,Mixed,Sometimes,16.2,Often,1-2,5.1557
Motorcycle,33.6,6,85.0,Non-Vegetarian,Sometimes,7.2,Often,1-2,3.6744
Train,9.6,7,319.0,Vegetarian,Rarely,19.3,Sometimes,0,3.2173
Train,5.6,3,253.0,Vegan,Sometimes,18.3,Sometimes,6+,4.5883
Bicycle,3.4,3,121.0,Non-Vegetarian,Sometimes,14.5,Sometimes,1-2,3.0327
Electric Vehicle,49.1,7,444.0,Non-Vegetarian,Sometimes,19.8,Sometimes,3-5,6.1261
Car,47.7,6,303.0,Non-Vegetarian,Sometimes,6.5,Often,1-2,6.4665
Bicycle,5.8,4,265.0,Mixed,Often,8.9,Never,1-2,3.3926
Train,28.8,3,266.0,Mixed,Sometimes,17.5,Sometimes,1-2,3.6374
Car,73.7,4,550.0,Non-Vegetarian,Often,3.3,Sometimes,3-5,8.1562
Motorcycle,17.4,4,328.0,Non-Vegetarian,Rarely,14.2,Often,0,3.9836
Bicycle,6.9,5,71.0,Non-Vegetarian,Sometimes,3.6,Often,1-2,2.3531
Train,29.4,6,127.0,Mixed,Often,4.2,Never,0,2.7276
Car,45.1,6,143.0,Non-Vegetarian,Rarely,6.2,Sometimes,0,5.0466
Bus,19.4,3,510.0,Mixed,Sometimes,14.6,Often,0,4.2072
Car,8.9,3,77.0,Non-Vegetarian,Sometimes,5.7,Often,0,2.509
Car,66.5,3,171.0,Mixed,Often,16.8,Never,0,4.9692
Motorcycle,13.1,5,227.0,Non-Vegetarian,Sometimes,18.8,Sometimes,1-2,4.0058
Car,6.1,5,57.0,Non-Vegetarian,Sometimes,13.5,Sometimes,1-2,2.9095
Car,71.4,6,216.0,Non-Vegetarian,Often,2.9,Sometimes,6+,9.7787
Electric Vehicle,50.0,6,423.0,Mixed,Sometimes,7.3,Often,3-5,5.2495
Car,68.9,6,87.0,Vegan,Often,9.5,Sometimes,3-5,5.7883
Car,6.6,3,220.0,Mixed,Often,12.8,Never,0,3.3389
Car,16.4,4,403.0,Non-Vegetarian,Sometimes,19.8,Sometimes,3-5,5.9564
Walking,0.8,5,406.0,Non-Vegetarian,Rarely,17.1,Sometimes,0,4.314
Bus,36.5,4,491.0,Non-Vegetarian,Sometimes,17.6,Sometimes,0,5.5084
Bus,38.3,3,399.0,Vegetarian,Sometimes,2.7,Sometimes,3-5,4.4959
Electric Vehicle,22.7,3,284.0,Non-Vegetarian,Rarely,4.8,Sometimes,1-2,3.6011
Electric Vehicle,20.1,6,94.0,Mixed,Sometimes,4.2,Sometimes,1-2,2.6549
Bicycle,6.2,5,61.0,Non-Vegetarian,Often,15.4,Often,1-2,2.969
Car,39.8,6,206.0,Non-Vegetarian,Sometimes,7.3,Often,0,5.7065
Electric Vehicle,5.3,7,452.0,Non-Vegetarian,Sometimes,8.9,Sometimes,3-5,5.1325
Electric Vehicle,10.3,3,596.0,Vegetarian,Often,4.1,Often,6+,6.8046
Walking,6.1,4,330.0,Non-Vegetarian,Sometimes,14.2,Often,6+,5.7463
Car,66.0,3,434.0,Non-Vegetarian,Sometimes,9.7,Often,0,6.0438
Train,38.2,4,57.0,Mixed,Sometimes,18.4,Sometimes,1-2,2.6352
Car,36.7,6,189.0,Non-Vegetarian,Often,13.5,Sometimes,0,5.3825
Motorcycle,70.7,3,110.0,Non-Vegetarian,Often,16.5,Sometimes,0,4.2315
Car,17.6,6,51.0,Vegetarian,Sometimes,11.0,Often,3-5,2.8949
Car,33.1,4,159.0,Vegetarian,Often,9.6,Often,0,3.5346
Bicycle,2.4,5,292.0,Mixed,Rarely,13.1,Never,0,3.2115
Car,9.8,3,372.0,Non-Vegetarian,Sometimes,2.9,Never,3-5,5.2654
Electric Vehicle,12.3,7,485.0,Non-Vegetarian,Sometimes,19.3,Sometimes,1-2,5.3441
Bicycle,5.0,4,254.0,Mixed,Often,16.5,Often,1-2,3.4292
Motorcycle,29.8,3,52.0,Mixed,Sometimes,16.9,Often,0,2.3692
Car,44.8,4,253.0,Non-Vegetarian,Sometimes,10.0,Sometimes,0,5.7681
Electric Vehicle,6.2,5,530.0,Mixed,Sometimes,13.9,Sometimes,1-2,4.8738
Bicycle,6.5,4,285.0,Mixed,Often,19.8,Often,6+,5.4195
Car,15.7,7,532.0,Mixed,Sometimes,1.6,Sometimes,0,5.2341
Electric Vehicle,79.7,6,142.0,Non-Vegetarian,Rarely,13.6,Sometimes,0,3.9284
Car,37.6,3,138.0,Mixed,Often,15.6,Sometimes,0,3.4998
Bus,36.2,3,416.0,Mixed,Sometimes,10.3,Often,0,4.3996
Electric Vehicle,9.9,5,257.0,Mixed,Sometimes,8.3,Often,1-2,3.4698
Electric Vehicle,65.6,4,193.0,Non-Vegetarian,Rarely,7.5,Sometimes,0,3.7127
Car,28.5,6,367.0,Vegan,Rarely,11.2,Often,6+,6.3341
Car,32.4,4,336.0,Non-Vegetarian,Sometimes,8.5,Sometimes,1-2,5.7163
Electric Vehicle,42.5,6,131.0,Non-Vegetarian,Sometimes,17.1,Often,0,3.6901
Car,42.7,3,200.0,Mixed,Sometimes,13.0,Sometimes,0,4.0401
Electric Vehicle,16.5,4,516.0,Mixed,Sometimes,15.0,Often,3-5,5.3486
Electric Vehicle,59.6,5,591.0,Non-Vegetarian,Often,19.8,Sometimes,0,6.1752
Bicycle,3.4,6,450.0,Non-Vegetarian,Often,14.3,Sometimes,0,4.2153
Car,64.3,3,517.0,Mixed,Sometimes,4.1,Never,1-2,6.4828
Car,61.1,3,249.0,Mixed,Rarely,15.9,Often,0,4.7512
Electric Vehicle,56.0,4,559.0,Vegetarian,Often,4.4,Never,6+,6.7223
Electric Vehicle,52.0,6,185.0,Vegetarian,Sometimes,6.8,Sometimes,0,2.787
Bicycle,6.3,7,412.0,Mixed,Often,13.4,Sometimes,1-2,4.3446
Car,41.7,7,174.0,Non-Vegetarian,Often,10.1,Often,0,6.1912
Train,17.2,6,214.0,Vegetarian,Sometimes,14.6,Often,1-2,2.5707
Motorcycle,66.3,7,319.0,Non-Vegetarian,Sometimes,14.6,Often,0,6.7153
Bicycle,7.7,2,149.0,Non-Vegetarian,Rarely,11.5,Often,0,2.5881
Car,47.2,3,97.0,Vegetarian,Sometimes,19.4,Never,6+,5.5031
Train,12.2,3,570.0,Non-Vegetarian,Often,13.5,Sometimes,1-2,5.7482
Electric Vehicle,31.4,7,331.0,Non-Vegetarian,Sometimes,1.8,Never,0,3.9967
Electric Vehicle,21.1,4,381.0,Non-Vegetarian,Sometimes,3.4,Often,0,4.1422
Electric Vehicle,35.0,3,570.0,Non-Vegetarian,Often,3.7,Sometimes,1-2,6.1897
Car,52.5,4,443.0,Non-Vegetarian,Sometimes,10.7,Never,3-5,7.0878
Motorcycle,77.3,4,93.0,Vegetarian,Rarely,11.4,Never,1-2,4.0015
Motorcycle,30.0,5,130.0,Mixed,Sometimes,2.9,Often,0,3.2069
Car,44.5,5,374.0,Mixed,Rarely,7.6,Sometimes,0,5.5236
Car,12.4,3,144.0,Mixed,Sometimes,7.6,Often,6+,4.2886
Electric Vehicle,40.8,4,192.0,Non-Vegetarian,Sometimes,13.5,Never,1-2,3.7941
Car,73.9,5,439.0,Non-Vegetarian,Sometimes,14.4,Never,6+,10.4476
Car,37.1,4,218.0,Mixed,Often,8.7,Sometimes,0,4.203
Car,59.7,3,141.0,Vegetarian,Sometimes,11.5,Sometimes,3-5,4.6941
Bus,30.0,6,324.0,Non-Vegetarian,Sometimes,11.1,Never,0,4.6846
Car,67.4,3,443.0,Mixed,Sometimes,5.6,Often,6+,8.2795
Bus,25.5,7,297.0,Vegetarian,Often,15.5,Often,0,3.5172
Motorcycle,15.0,5,574.0,Non-Vegetarian,Sometimes,8.1,Never,6+,7.6238
Walking,1.4,4,316.0,Non-Vegetarian,Rarely,13.0,Sometimes,6+,5.9323
Electric Vehicle,76.9,7,504.0,Vegan,Sometimes,12.7,Sometimes,0,5.0303
Motorcycle,5.4,4,271.0,Vegan,Sometimes,4.8,Sometimes,3-5,3.0229
Motorcycle,73.5,3,136.0,Non-Vegetarian,Sometimes,8.5,Sometimes,1-2,4.3447
Car,37.9,6,139.0,Non-Vegetarian,Sometimes,7.8,Often,0,5.2687
Car,8.0,6,282.0,Non-Vegetarian,Rarely,13.7,Often,6+,5.9396
Bus,21.3,4,229.0,Mixed,Often,10.5,Often,3-5,4.1702
Motorcycle,13.2,3,486.0,Vegetarian,Sometimes,1.3,Often,0,4.0197
Train,3.3,6,209.0,Non-Vegetarian,Often,5.7,Never,1-2,3.4952
Car,62.5,5,597.0,Non-Vegetarian,Often,4.8,Often,3-5,9.208
Car,79.4,7,396.0,Vegetarian,Rarely,8.6,Sometimes,0,8.2894
Car,6.3,4,100.0,Vegetarian,Sometimes,6.8,Often,0,1.7567
Bus,26.8,5,111.0,Non-Vegetarian,Often,14.5,Sometimes,3-5,4.5957
Car,5.0,5,167.0,Non-Vegetarian,Often,2.9,Never,6+,5.1686
Car,6.0,7,474.0,Vegetarian,Sometimes,16.4,Often,1-2,4.6287
Train,11.8,5,166.0,Non-Vegetarian,Often,3.5,Often,0,2.8429
Train,10.0,6,559.0,Vegetarian,Sometimes,7.5,Often,6+,5.9339
Car,59.1,3,120.0,Non-Vegetarian,Sometimes,17.9,Often,3-5,4.9165
Motorcycle,52.2,3,551.0,Vegetarian,Sometimes,18.7,Sometimes,0,5.2345
Train,28.8,4,209.0,Mixed,Rarely,19.5,Never,3-5,3.5921
Bus,5.8,6,463.0,Non-Vegetarian,Often,8.6,Sometimes,0,5.032
Car,21.3,3,534.0,Mixed,Sometimes,14.4,Sometimes,0,5.3391
Bus,9.3,3,343.0,Non-Vegetarian,Sometimes,18.9,Sometimes,0,4.4856
Electric Vehicle,8.9,4,594.0,Non-Vegetarian,Rarely,13.3,Often,6+,6.7942
Electric Vehicle,24.8,4,275.0,Non-Vegetarian,Sometimes,2.1,Often,3-5,4.7843
Car,77.4,4,191.0,Vegan,Sometimes,17.5,Often,1-2,5.1885
Electric Vehicle,24.3,7,353.0,Mixed,Sometimes,6.1,Sometimes,3-5,4.3001
Bicycle,1.7,3,451.0,Non-Vegetarian,Rarely,10.1,Sometimes,1-2,4.6043
Bus,37.9,4,406.0,Vegan,Rarely,4.4,Sometimes,1-2,3.8419
Car,10.4,4,300.0,Non-Vegetarian,Sometimes,14.8,Never,3-5,5.0735
Motorcycle,13.3,3,470.0,Non-Vegetarian,Rarely,5.7,Never,0,4.5995
Train,3.5,3,577.0,Vegetarian,Sometimes,7.4,Often,0,4.0294
Bus,9.0,5,313.0,Non-Vegetarian,Sometimes,6.1,Sometimes,0,3.8602
Car,45.8,3,331.0,Mixed,Rarely,18.3,Never,1-2,5.3804
Car,70.9,6,428.0,Mixed,Often,10.3,Often,0,8.8695
Electric Vehicle,26.1,3,389.0,Vegetarian,Often,18.5,Often,1-2,4.1111
Train,28.1,4,541.0,Non-Vegetarian,Sometimes,6.5,Often,0,5.3534
Bus,16.7,5,496.0,Mixed,Rarely,1.0,Often,0,4.3228
Motorcycle,59.1,6,498.0,Vegetarian,Sometimes,14.8,Never,0,5.9806
Car,62.6,5,226.0,Non-Vegetarian,Sometimes,8.9,Often,0,6.3749
Car,36.4,6,346.0,Non-Vegetarian,Sometimes,5.4,Never,3-5,6.278
Bus,31.7,4,437.0,Non-Vegetarian,Rarely,19.9,Never,1-2,6.0177
Car,31.2,4,212.0,Vegetarian,Often,19.5,Often,0,3.6756
Electric Vehicle,9.2,4,114.0,Non-Vegetarian,Rarely,14.9,Often,1-2,2.7857
Train,20.6,7,529.0,Vegan,Sometimes,2.5,Never,1-2,4.2258
Electric Vehicle,16.2,4,308.0,Vegetarian,Sometimes,19.0,Sometimes,3-5,3.6876
Car,13.3,3,535.0,Vegan,Often,10.6,Never,3-5,5.3223
Train,35.4,7,441.0,Non-Vegetarian,Sometimes,6.8,Sometimes,6+,6.7769
Motorcycle,76.3,4,270.0,Vegetarian,Sometimes,16.6,Often,1-2,4.8004
Car,56.9,6,222.0,Non-Vegetarian,Often,4.1,Often,1-2,7.0744
Car,50.2,5,65.0,Non-Vegetarian,Sometimes,2.2,Sometimes,3-5,5.4903
Car,46.4,3,182.0,Vegetarian,Sometimes,1.9,Often,1-2,3.678
Car,78.5,5,577.0,Non-Vegetarian,Sometimes,8.4,Sometimes,0,9.1311
Train,15.3,7,106.0,Mixed,Rarely,12.2,Sometimes,1-2,2.5178
Car,39.7,3,574.0,Non-Vegetarian,Sometimes,13.9,Never,3-5,7.031
Electric Vehicle,42.6,7,408.0,Mixed,Sometimes,15.9,Sometimes,0,4.9135
Electric Vehicle,63.1,6,182.0,Mixed,Sometimes,19.2,Sometimes,6+,5.5149
Car,6.1,5,351.0,Mixed,Often,2.7,Never,0,4.0423
Car,32.2,3,89.0,Mixed,Sometimes,19.7,Often,3-5,3.7328
Bus,37.2,3,584.0,Non-Vegetarian,Sometimes,6.4,Sometimes,1-2,5.8306
Bus,26.1,5,256.0,Non-Vegetarian,Sometimes,6.0,Often,1-2,3.9428
Train,26.8,4,435.0,Non-Vegetarian,Rarely,3.0,Sometimes,1-2,4.6104
Electric Vehicle,55.2,5,306.0,Non-Vegetarian,Often,9.8,Never,3-5,5.393
Electric Vehicle,74.2,6,160.0,Non-Vegetarian,Sometimes,19.9,Sometimes,3-5,4.7782
Car,16.7,6,130.0,Non-Vegetarian,Sometimes,19.8,Often,0,3.721
Walking,6.4,5,167.0,Non-Vegetarian,Rarely,15.4,Sometimes,0,2.8166
Car,11.1,6,529.0,Non-Vegetarian,Sometimes,5.9,Often,0,5.5918
Electric Vehicle,30.7,5,140.0,Non-Vegetarian,Sometimes,10.0,Often,0,3.0041
Bicycle,3.4,2,358.0,Mixed,Rarely,14.7,Sometimes,0,3.3426
Train,33.5,5,58.0,Mixed,Often,10.5,Sometimes,3-5,3.0936
Bicycle,7.9,3,399.0,Non-Vegetarian,Sometimes,1.7,Often,0,3.8578
Bicycle,6.3,6,258.0,Non-Vegetarian,Often,19.5,Sometimes,0,3.9046
Electric Vehicle,42.7,3,435.0,Non-Vegetarian,Sometimes,8.8,Sometimes,1-2,4.9129
Bus,31.3,3,559.0,Non-Vegetarian,Sometimes,11.5,Never,1-2,5.8142
Bicycle,5.3,7,391.0,Mixed,Often,19.9,Often,0,4.3373
Train,25.8,6,107.0,Mixed,Sometimes,11.3,Often,1-2,2.6546
Electric Vehicle,20.9,6,353.0,Vegetarian,Often,19.1,Sometimes,3-5,4.2424
Bus,36.6,6,54.0,Non-Vegetarian,Sometimes,6.4,Often,0,3.349
Motorcycle,23.1,6,68.0,Vegan,Often,17.0,Sometimes,3-5,2.7764
Car,17.8,7,596.0,Non-Vegetarian,Often,4.7,Often,3-5,7.6482
Car,52.7,4,272.0,Non-Vegetarian,Rarely,5.4,Often,0,4.9279
Car,48.3,6,514.0,Non-Vegetarian,Sometimes,11.5,Often,0,8.0155
Train,25.0,3,390.0,Non-Vegetarian,Often,11.9,Never,3-5,5.6208
Electric Vehicle,52.6,5,153.0,Non-Vegetarian,Sometimes,4.7,Often,3-5,4.1783
Car,8.9,3,564.0,Non-Vegetarian,Sometimes,12.0,Never,1-2,5.4813
Train,7.0,5,194.0,Vegetarian,Rarely,17.0,Often,0,2.3586
Motorcycle,41.5,3,166.0,Non-Vegetarian,Often,13.0,Sometimes,0,4.1804
Car,72.8,7,397.0,Mixed,Rarely,7.5,Sometimes,6+,10.6237
Bus,12.4,3,156.0,Vegan,Rarely,10.7,Never,3-5,2.6372
Car,21.3,5,126.0,Vegetarian,Sometimes,3.4,Sometimes,0,2.9284
Train,20.3,6,290.0,Mixed,Often,5.8,Never,3-5,4.5213
Bicycle,7.7,2,371.0,Mixed,Sometimes,16.1,Often,1-2,4.0247
Bicycle,6.6,6,109.0,Non-Vegetarian,Rarely,7.7,Often,3-5,2.8956
Bus,35.9,7,189.0,Non-Vegetarian,Sometimes,17.7,Often,1-2,4.4354
Walking,3.7,3,247.0,Vegetarian,Sometimes,8.1,Often,0,2.4487
Car,5.8,5,168.0,Non-Vegetarian,Sometimes,5.4,Never,0,3.113
Bus,29.5,3,366.0,Non-Vegetarian,Sometimes,9.3,Often,0,4.5017
Car,42.0,3,595.0,Non-Vegetarian,Rarely,4.3,Sometimes,0,6.0358
Train,34.7,3,551.0,Non-Vegetarian,Often,8.7,Often,6+,7.3417
Car,53.4,3,308.0,Mixed,Sometimes,6.7,Sometimes,0,5.148
Bus,4.7,5,433.0,Non-Vegetarian,Often,19.4,Never,0,5.3438
Train,4.1,3,504.0,Vegetarian,Often,17.4,Often,0,4.4883
Electric Vehicle,66.2,7,594.0,Mixed,Often,5.9,Often,0,6.5651
Electric Vehicle,10.6,5,428.0,Mixed,Sometimes,14.3,Often,1-2,4.4598
Car,48.8,6,400.0,Non-Vegetarian,Sometimes,5.6,Sometimes,1-2,7.4804
Car,62.9,6,174.0,Non-Vegetarian,Sometimes,2.6,Sometimes,3-5,6.9417
Car,10.9,6,83.0,Vegan,Sometimes,16.6,Never,0,2.0095
Car,49.3,7,333.0,Non-Vegetarian,Often,14.5,Often,3-5,8.4951
Electric Vehicle,33.9,6,527.0,Non-Vegetarian,Often,4.6,Sometimes,0,5.7868
Car,70.2,3,131.0,Mixed,Sometimes,5.6,Often,0,4.528
Bus,12.8,7,96.0,Non-Vegetarian,Rarely,10.5,Sometimes,0,2.7699
Car,12.3,6,453.0,Non-Vegetarian,Sometimes,8.7,Sometimes,1-2,5.1489
Bicycle,5.3,2,171.0,Vegetarian,Rarely,6.1,Never,0,1.9475
Car,51.5,6,266.0,Vegetarian,Sometimes,17.7,Sometimes,0,5.9065
Car,49.7,3,102.0,Non-Vegetarian,Sometimes,10.1,Sometimes,6+,5.6982
Car,28.6,3,142.0,Non-Vegetarian,Sometimes,19.3,Often,1-2,4.3858
Electric Vehicle,17.8,3,377.0,Mixed,Sometimes,10.3,Sometimes,0,3.864
Electric Vehicle,47.5,5,509.0,Non-Vegetarian,Rarely,3.8,Never,0,5.1599
Bicycle,7.9,4,415.0,Non-Vegetarian,Sometimes,16.7,Sometimes,0,4.151
Bus,27.6,7,316.0,Non-Vegetarian,Sometimes,13.2,Never,1-2,5.2197
Motorcycle,7.3,7,458.0,Mixed,Sometimes,15.1,Never,6+,7.6427
Train,38.7,7,545.0,Non-Vegetarian,Often,11.0,Sometimes,1-2,6.3358
Motorcycle,79.5,5,155.0,Non-Vegetarian,Sometimes,16.8,Never,3-5,5.9092
Bus,32.3,5,209.0,Mixed,Sometimes,14.0,Sometimes,0,3.8237
Train,14.2,5,86.0,Non-Vegetarian,Sometimes,5.1,Often,0,2.351
Bus,3.2,5,413.0,Vegan,Sometimes,7.7,Sometimes,3-5,3.7642
Car,11.5,5,128.0,Mixed,Sometimes,18.4,Sometimes,0,2.744
Electric Vehicle,23.7,6,282.0,Mixed,Rarely,6.0,Sometimes,0,3.0583
Car,48.4,4,188.0,Non-Vegetarian,Rarely,6.8,Sometimes,6+,6.4707
Bus,9.8,6,103.0,Non-Vegetarian,Sometimes,10.6,Often,0,2.6286
Electric Vehicle,39.6,7,65.0,Mixed,Rarely,3.7,Often,3-5,3.2406
Train,16.8,7,349.0,Non-Vegetarian,Sometimes,15.4,Sometimes,1-2,4.8575
Electric Vehicle,39.5,3,97.0,Non-Vegetarian,Often,3.0,Sometimes,3-5,3.7407
Bus,28.6,3,117.0,Non-Vegetarian,Sometimes,14.6,Often,1-2,2.8477
Car,72.1,4,215.0,Non-Vegetarian,Often,1.1,Sometimes,1-2,6.0974
Car,5.0,7,534.0,Non-Vegetarian,Sometimes,3.0,Never,1-2,4.9428
Car,41.3,4,501.0,Mixed,Sometimes,16.6,Often,3-5,7.2607
Train,19.0,3,152.0,Mixed,Sometimes,4.2,Often,1-2,2.4693
Train,38.5,6,252.0,Non-Vegetarian,Sometimes,16.2,Sometimes,3-5,4.6513
Car,26.3,3,360.0,Vegan,Sometimes,13.3,Often,1-2,4.2686
Electric Vehicle,40.1,6,202.0,Mixed,Sometimes,17.3,Sometimes,0,3.5514
Bicycle,3.4,2,146.0,Vegetarian,Sometimes,11.7,Sometimes,3-5,2.8618
Train,37.2,3,554.0,Non-Vegetarian,Sometimes,10.0,Often,1-2,5.8085
Electric Vehicle,63.2,7,193.0,Non-Vegetarian,Sometimes,12.0,Sometimes,3-5,5.0592
Bicycle,2.2,7,108.0,Mixed,Sometimes,15.4,Often,3-5,2.8802
Bicycle,2.3,3,450.0,Non-Vegetarian,Often,18.5,Never,0,5.4977
Bus,16.8,3,558.0,Non-Vegetarian,Sometimes,8.2,Often,1-2,5.5979
Car,23.9,6,423.0,Non-Vegetarian,Sometimes,9.2,Sometimes,3-5,6.5337
Electric Vehicle,12.2,3,496.0,Mixed,Sometimes,8.8,Sometimes,0,4.4248
Car,59.7,7,323.0,Mixed,Sometimes,10.0,Sometimes,1-2,7.5613
Car,37.1,6,531.0,Non-Vegetarian,Rarely,10.8,Never,1-2,7.2381
Car,45.5,3,173.0,Mixed,Often,5.8,Often,0,4.3458
Car,48.2,7,562.0,Non-Vegetarian,Sometimes,2.1,Often,0,7.5121
Bus,36.9,5,409.0,Vegan,Sometimes,4.8,Often,0,4.0268
Car,61.8,3,180.0,Vegetarian,Often,18.2,Often,3-5,5.3803
Car,78.6,6,379.0,Non-Vegetarian,Rarely,11.5,Often,0,8.6594
Bus,27.1,6,313.0,Mixed,Often,5.3,Often,0,4.248
Walking,2.0,6,523.0,Non-Vegetarian,Sometimes,11.5,Never,3-5,5.628
Motorcycle,15.3,6,115.0,Non-Vegetarian,Often,7.7,Sometimes,6+,5.1163
Car,11.9,3,175.0,Mixed,Often,16.1,Sometimes,6+,5.6431
Electric Vehicle,10.7,4,291.0,Non-Vegetarian,Sometimes,12.4,Often,6+,5.6799
Car,34.8,3,411.0,Vegetarian,Often,4.9,Often,3-5,5.6966
Bus,14.2,5,479.0,Non-Vegetarian,Sometimes,11.0,Sometimes,1-2,4.9413
Bus,5.0,6,438.0,Non-Vegetarian,Sometimes,4.9,Never,6+,6.5403
Car,32.9,4,70.0,Non-Vegetarian,Sometimes,15.5,Often,0,3.9096
Electric Vehicle,25.3,7,261.0,Mixed,Rarely,6.3,Often,1-2,3.5892
Car,20.4,4,413.0,Non-Vegetarian,Sometimes,1.6,Often,6+,6.6318
Electric Vehicle,61.6,5,557.0,Mixed,Often,12.2,Often,0,5.8886
Motorcycle,59.7,3,494.0,Non-Vegetarian,Often,18.7,Sometimes,6+,7.885
Bus,18.7,7,473.0,Non-Vegetarian,Often,9.9,Often,0,5.7127
Bicycle,2.6,3,474.0,Non-Vegetarian,Sometimes,1.7,Sometimes,0,4.3363
Car,54.0,7,57.0,Non-Vegetarian,Sometimes,16.9,Often,1-2,6.3102
Car,31.9,7,170.0,Vegetarian,Often,6.3,Often,0,4.3635
Car,18.5,5,193.0,Non-Vegetarian,Sometimes,4.3,Often,1-2,4.0614
Car,43.0,6,369.0,Vegan,Sometimes,2.2,Often,0,5.6925
Car,55.9,5,347.0,Vegan,Sometimes,3.1,Sometimes,0,5.591
Bus,33.7,6,89.0,Non-Vegetarian,Sometimes,1.5,Often,0,3.298
Electric Vehicle,72.3,5,309.0,Mixed,Sometimes,4.0,Never,6+,6.2212
Train,32.9,7,444.0,Mixed,Often,14.5,Often,0,4.6703
Train,27.3,4,260.0,Mixed,Rarely,2.5,Often,0,2.6948
Bus,18.5,3,516.0,Non-Vegetarian,Rarely,10.0,Sometimes,1-2,5.1886
Car,67.7,5,551.0,Non-Vegetarian,Often,19.6,Sometimes,0,9.6194
Bus,38.4,6,249.0,Non-Vegetarian,Sometimes,18.4,Often,1-2,4.7073
Bus,18.5,7,505.0,Mixed,Often,5.7,Often,1-2,5.2296
Walking,3.1,2,95.0,Non-Vegetarian,Often,11.9,Often,3-5,3.2809
Electric Vehicle,70.7,3,142.0,Non-Vegetarian,Often,14.5,Sometimes,0,3.9569
Car,17.5,3,123.0,Mixed,Often,18.2,Sometimes,1-2,3.1553
Bus,29.3,3,235.0,Mixed,Sometimes,12.6,Never,3-5,4.5795
Electric Vehicle,73.3,6,457.0,Non-Vegetarian,Often,14.3,Often,3-5,7.1347
Train,33.3,7,96.0,Mixed,Sometimes,8.0,Often,0,2.2442
Train,38.0,3,178.0,Non-Vegetarian,Rarely,10.8,Sometimes,1-2,3.2848
Electric Vehicle,26.4,6,225.0,Vegetarian,Rarely,16.5,Often,6+,4.8138
Bus,25.8,3,241.0,Vegetarian,Sometimes,10.2,Sometimes,0,3.031
Electric Vehicle,24.5,7,464.0,Mixed,Sometimes,3.7,Sometimes,3-5,5.2415
Electric Vehicle,77.0,7,346.0,Vegetarian,Sometimes,16.6,Sometimes,0,4.6263
Electric Vehicle,37.0,6,336.0,Mixed,Sometimes,3.1,Often,3-5,4.3865
Car,69.8,5,452.0,Vegetarian,Sometimes,2.5,Often,3-5,7.8843
Car,43.0,5,299.0,Mixed,Sometimes,2.4,Often,3-5,6.0646
Bicycle,4.4,3,513.0,Non-Vegetarian,Often,1.7,Often,0,5.0136
Car,33.2,4,420.0,Non-Vegetarian,Rarely,16.5,Often,0,5.6416
Electric Vehicle,69.3,4,52.0,Vegetarian,Sometimes,5.0,Never,1-2,2.5671
Car,33.5,7,179.0,Non-Vegetarian,Sometimes,19.1,Often,3-5,6.378
Bus,26.3,7,246.0,Non-Vegetarian,Rarely,3.1,Often,3-5,4.407
Car,77.7,5,186.0,Non-Vegetarian,Rarely,19.2,Often,0,6.5776
Electric Vehicle,68.0,6,381.0,Non-Vegetarian,Rarely,6.1,Sometimes,3-5,5.7842
Motorcycle,47.2,5,194.0,Non-Vegetarian,Sometimes,9.4,Sometimes,6+,6.3167
Car,66.4,5,296.0,Non-Vegetarian,Often,11.2,Often,0,7.7637
Electric Vehicle,50.8,4,383.0,Vegan,Sometimes,16.2,Never,3-5,4.8424
Bus,27.2,7,166.0,Non-Vegetarian,Often,16.9,Sometimes,3-5,4.8014
Car,17.1,5,232.0,Non-Vegetarian,Sometimes,18.9,Never,0,4.4619
Motorcycle,41.4,4,206.0,Vegan,Sometimes,14.1,Never,3-5,3.831
Electric Vehicle,33.3,6,122.0,Mixed,Sometimes,2.6,Never,3-5,3.3771
Car,67.3,7,555.0,Vegetarian,Sometimes,8.4,Often,3-5,9.129
Walking,3.7,7,63.0,Non-Vegetarian,Sometimes,6.0,Often,1-2,2.3736
Electric Vehicle,47.1,6,206.0,Mixed,Sometimes,8.3,Often,3-5,4.1987
Electric Vehicle,62.2,3,299.0,Non-Vegetarian,Rarely,15.7,Sometimes,1-2,4.4485
Car,52.2,3,102.0,Vegetarian,Often,10.3,Sometimes,0,3.5191
Train,20.5,7,468.0,Vegetarian,Sometimes,8.8,Often,3-5,5.0425
Train,35.2,5,430.0,Mixed,Often,11.4,Sometimes,1-2,4.8871
Car,58.2,7,355.0,Mixed,Sometimes,18.5,Sometimes,0,7.7964
Bus,7.5,4,291.0,Mixed,Rarely,9.1,Never,3-5,3.9902
Bus,30.7,7,280.0,Vegan,Rarely,19.9,Often,3-5,4.204
Electric Vehicle,47.3,4,128.0,Non-Vegetarian,Sometimes,12.7,Often,1-2,3.5133
Car,39.7,5,560.0,Mixed,Often,3.6,Sometimes,3-5,7.9452
Car,10.0,3,222.0,Vegetarian,Sometimes,11.2,Sometimes,0,2.6919
Bus,8.8,5,400.0,Mixed,Sometimes,1.3,Never,0,4.0074
Bicycle,3.3,5,564.0,Non-Vegetarian,Sometimes,4.8,Sometimes,0,4.8691
Car,18.4,7,106.0,Mixed,Sometimes,15.6,Sometimes,3-5,4.1012
Walking,7.0,7,550.0,Non-Vegetarian,Rarely,5.4,Sometimes,6+,6.621
Train,8.3,6,531.0,Non-Vegetarian,Often,2.0,Sometimes,1-2,5.3227
Bus,7.3,7,266.0,Mixed,Sometimes,7.7,Often,0,3.0525
Car,50.4,4,575.0,Mixed,Often,14.5,Often,1-2,6.6472
Bicycle,4.7,5,409.0,Vegetarian,Often,17.3,Often,0,3.6561
Motorcycle,51.3,4,260.0,Vegetarian,Sometimes,1.2,Sometimes,1-2,4.0275
Car,32.7,5,327.0,Vegan,Sometimes,13.3,Often,0,4.2757
Electric Vehicle,57.8,5,394.0,Mixed,Often,17.4,Often,6+,6.5612
Bus,35.4,7,494.0,Vegan,Rarely,18.0,Never,3-5,5.574
Electric Vehicle,14.9,6,509.0,Vegetarian,Sometimes,14.5,Sometimes,3-5,4.995
Train,30.3,5,511.0,Mixed,Sometimes,14.5,Often,1-2,5.4018
Electric Vehicle,43.7,6,279.0,Non-Vegetarian,Rarely,4.7,Often,0,3.8915
Car,50.6,7,275.0,Non-Vegetarian,Often,18.9,Sometimes,1-2,8.0
Car,40.0,3,361.0,Non-Vegetarian,Rarely,2.7,Often,0,4.2946
Walking,6.4,3,401.0,Non-Vegetarian,Often,18.9,Sometimes,1-2,4.5962
Electric Vehicle,69.8,4,221.0,Non-Vegetarian,Sometimes,6.3,Sometimes,1-2,4.1856
Car,78.4,5,434.0,Non-Vegetarian,Sometimes,12.0,Sometimes,1-2,8.2774
Bus,26.3,4,70.0,Mixed,Sometimes,11.2,Sometimes,3-5,3.0311
Walking,2.1,7,583.0,Non-Vegetarian,Sometimes,6.1,Sometimes,0,5.5269
Car,24.6,3,334.0,Non-Vegetarian,Sometimes,9.9,Sometimes,1-2,4.5033
Car,12.8,5,528.0,Vegan,Sometimes,7.4,Often,0,3.9528
Electric Vehicle,28.0,6,351.0,Mixed,Sometimes,12.7,Sometimes,1-2,4.2326
Car,59.3,7,236.0,Non-Vegetarian,Sometimes,19.4,Often,3-5,7.7311
Electric Vehicle,43.0,6,284.0,Non-Vegetarian,Sometimes,12.3,Never,0,4.258
Bicycle,4.4,6,464.0,Vegetarian,Sometimes,19.2,Often,0,4.0373
Walking,6.5,5,268.0,Non-Vegetarian,Sometimes,4.8,Never,0,3.4846
Bus,29.8,4,427.0,Mixed,Sometimes,10.1,Sometimes,1-2,5.215
Bicycle,5.7,5,418.0,Mixed,Sometimes,15.5,Never,0,4.0946
Walking,7.2,7,452.0,Non-Vegetarian,Sometimes,2.4,Sometimes,3-5,4.9378
Train,11.2,7,148.0,Non-Vegetarian,Sometimes,10.5,Never,1-2,3.1577
Car,42.5,3,166.0,Non-Vegetarian,Sometimes,13.4,Sometimes,0,4.2305
Motorcycle,66.6,3,194.0,Mixed,Rarely,8.6,Sometimes,0,3.6752
Bicycle,5.4,5,492.0,Vegan,Sometimes,11.9,Sometimes,1-2,3.7184
Bus,38.5,6,282.0,Vegetarian,Sometimes,15.1,Never,3-5,5.0535
Walking,5.8,6,584.0,Vegetarian,Rarely,9.1,Often,3-5,4.8459
Car,5.5,7,192.0,Non-Vegetarian,Sometimes,17.6,Sometimes,1-2,4.1396
Bus,4.9,7,428.0,Non-Vegetarian,Sometimes,6.6,Often,1-2,4.7643
Car,31.8,3,296.0,Non-Vegetarian,Rarely,3.1,Often,1-2,4.35
Bus,7.7,4,398.0,Non-Vegetarian,Sometimes,19.5,Often,0,4.4599
Electric Vehicle,67.6,7,363.0,Vegan,Sometimes,1.7,Often,3-5,4.7872
Bus,29.8,5,560.0,Mixed,Sometimes,1.4,Often,0,5.1496
Train,35.7,6,581.0,Mixed,Sometimes,19.9,Often,1-2,5.6253
Car,48.0,4,468.0,Non-Vegetarian,Sometimes,15.8,Sometimes,1-2,6.3356
Train,36.7,5,200.0,Non-Vegetarian,Rarely,8.9,Never,0,2.8767
Car,21.6,3,440.0,Non-Vegetarian,Sometimes,14.8,Often,1-2,4.8758
Motorcycle,49.6,7,264.0,Mixed,Rarely,7.5,Sometimes,1-2,4.7022
Car,57.3,6,191.0,Vegan,Often,19.4,Often,1-2,5.8554
Car,20.6,7,253.0,Non-Vegetarian,Sometimes,13.8,Never,1-2,5.3113
Bus,39.8,3,463.0,Non-Vegetarian,Sometimes,19.8,Sometimes,1-2,5.8024
Motorcycle,76.2,3,103.0,Non-Vegetarian,Often,11.8,Never,0,4.3371
Motorcycle,35.6,4,280.0,Non-Vegetarian,Sometimes,7.9,Never,3-5,4.68
Electric Vehicle,62.1,5,326.0,Non-Vegetarian,Sometimes,8.7,Often,0,4.6447
Electric Vehicle,35.0,3,343.0,Non-Vegetarian,Sometimes,4.3,Often,0,3.947
Train,39.0,6,154.0,Vegan,Sometimes,12.6,Sometimes,0,2.0499
Car,50.7,4,363.0,Non-Vegetarian,Rarely,8.0,Often,3-5,6.3354
Train,23.4,4,518.0,Vegetarian,Sometimes,17.6,Never,6+,6.7325
Car,72.1,4,368.0,Non-Vegetarian,Sometimes,9.4,Sometimes,0,6.7167
Bus,26.7,7,511.0,Mixed,Often,5.7,Often,0,5.4859
Motorcycle,44.0,6,524.0,Vegetarian,Sometimes,5.9,Often,0,5.0974
Walking,5.4,6,443.0,Non-Vegetarian,Often,2.1,Often,3-5,5.3305
Motorcycle,74.6,6,286.0,Vegetarian,Rarely,6.0,Often,3-5,5.8152
Car,17.7,6,411.0,Vegetarian,Sometimes,10.2,Sometimes,0,4.4156
Bicycle,6.1,4,238.0,Non-Vegetarian,Sometimes,9.6,Sometimes,0,3.0753
Car,15.5,7,209.0,Non-Vegetarian,Sometimes,7.9,Sometimes,6+,6.3653
Bus,19.3,5,135.0,Mixed,Rarely,12.5,Often,0,2.7426
Car,68.8,7,217.0,Non-Vegetarian,Sometimes,14.7,Often,6+,9.3638
Car,30.8,4,373.0,Non-Vegetarian,Sometimes,8.2,Often,1-2,5.6222
Electric Vehicle,41.2,6,543.0,Vegan,Often,7.5,Sometimes,0,4.5713
Walking,5.4,4,324.0,Non-Vegetarian,Sometimes,1.2,Often,3-5,4.6806
Walking,7.2,7,161.0,Non-Vegetarian,Sometimes,2.9,Sometimes,0,2.5181
Bicycle,7.0,2,296.0,Non-Vegetarian,Sometimes,16.1,Never,6+,5.6878
Electric Vehicle,22.1,6,148.0,Mixed,Sometimes,6.3,Often,3-5,3.6565
Car,27.7,4,175.0,Non-Vegetarian,Sometimes,9.8,Sometimes,3-5,4.489
Car,52.5,4,313.0,Non-Vegetarian,Sometimes,2.9,Sometimes,1-2,5.8747
Motorcycle,72.9,6,478.0,Vegetarian,Often,12.7,Sometimes,0,6.6662
Bicycle,5.0,5,397.0,Non-Vegetarian,Sometimes,6.4,Often,0,3.8651
Train,21.6,6,111.0,Mixed,Rarely,1.1,Often,1-2,2.2818
Bus,9.6,6,420.0,Vegetarian,Often,7.5,Often,3-5,4.6504
Car,28.0,5,226.0,Non-Vegetarian,Rarely,6.7,Often,1-2,4.6555
Car,16.7,6,482.0,Mixed,Sometimes,4.0,Often,6+,6.7431
Walking,2.5,4,310.0,Mixed,Sometimes,3.8,Sometimes,0,2.9135
Bicycle,3.9,5,360.0,Mixed,Rarely,18.9,Never,1-2,3.8971
Bus,13.1,4,165.0,Mixed,Sometimes,8.1,Sometimes,3-5,3.3385
Car,47.0,4,489.0,Non-Vegetarian,Sometimes,6.2,Never,0,6.3935
Train,38.2,3,480.0,Non-Vegetarian,Often,14.4,Sometimes,6+,6.4124
Train,5.2,3,402.0,Non-Vegetarian,Sometimes,18.5,Never,0,4.5006
Walking,3.6,3,531.0,Non-Vegetarian,Sometimes,11.7,Sometimes,0,4.7354
Bus,27.4,7,342.0,Non-Vegetarian,Rarely,15.7,Never,3-5,5.5466
Electric Vehicle,72.9,6,461.0,Non-Vegetarian,Sometimes,5.3,Sometimes,0,5.399
Electric Vehicle,24.4,7,461.0,Vegan,Rarely,8.8,Sometimes,1-2,4.2976
Electric Vehicle,43.4,3,361.0,Mixed,Often,17.6,Sometimes,1-2,4.653
Car,30.0,3,454.0,Non-Vegetarian,Often,15.8,Sometimes,3-5,6.6648
Electric Vehicle,50.8,4,464.0,Mixed,Sometimes,6.3,Sometimes,3-5,5.2829
Bicycle,5.4,2,150.0,Non-Vegetarian,Sometimes,15.8,Often,6+,4.9456
Car,51.8,6,60.0,Non-Vegetarian,Sometimes,5.9,Sometimes,1-2,5.3314
Car,39.3,4,473.0,Non-Vegetarian,Sometimes,17.7,Often,0,6.226
Car,7.0,7,569.0,Vegan,Rarely,7.6,Never,3-5,5.0446
Electric Vehicle,54.4,4,217.0,Non-Vegetarian,Sometimes,18.8,Sometimes,0,4.1749
Bus,33.9,6,64.0,Mixed,Often,5.0,Never,1-2,3.6015
Car,62.8,7,498.0,Vegetarian,Rarely,18.4,Often,0,8.2855
Bus,25.4,5,278.0,Non-Vegetarian,Rarely,10.6,Sometimes,1-2,4.1053
Electric Vehicle,6.2,6,492.0,Non-Vegetarian,Often,7.7,Often,3-5,5.282
Car,80.0,3,408.0,Mixed,Often,1.3,Often,3-5,7.3237
Electric Vehicle,8.4,4,148.0,Vegan,Sometimes,3.7,Sometimes,0,1.563
Bicycle,2.7,6,278.0,Vegetarian,Rarely,18.8,Often,3-5,3.3229
Electric Vehicle,18.6,3,483.0,Vegan,Sometimes,8.7,Sometimes,3-5,4.3882
Car,7.1,6,69.0,Mixed,Often,1.9,Sometimes,1-2,2.6435
Bus,8.9,3,242.0,Non-Vegetarian,Sometimes,2.3,Often,1-2,3.1725
Bus,34.7,3,221.0,Non-Vegetarian,Often,3.4,Often,0,4.0793
Train,29.5,6,321.0,Mixed,Sometimes,3.4,Sometimes,3-5,4.4637
Bicycle,5.9,4,538.0,Vegetarian,Sometimes,4.5,Often,0,4.2557
Electric Vehicle,55.1,7,334.0,Mixed,Sometimes,18.1,Sometimes,0,4.8505
Electric Vehicle,61.1,6,398.0,Mixed,Often,1.3,Often,3-5,5.9679
Car,34.8,3,365.0,Non-Vegetarian,Sometimes,12.9,Often,1-2,5.0665
Train,23.2,3,460.0,Non-Vegetarian,Sometimes,7.4,Often,0,4.5917
Car,70.4,7,301.0,Vegetarian,Often,15.5,Sometimes,3-5,8.679
Bus,6.5,6,507.0,Vegetarian,Sometimes,3.4,Sometimes,1-2,4.3246
Bus,37.8,7,150.0,Mixed,Often,10.7,Never,1-2,4.3009
Bicycle,4.4,3,360.0,Non-Vegetarian,Rarely,11.1,Sometimes,1-2,3.9155
Electric Vehicle,17.5,4,105.0,Vegetarian,Sometimes,12.7,Often,3-5,2.7861
Train,34.8,5,77.0,Mixed,Sometimes,8.4,Sometimes,1-2,2.7101
Bus,14.9,5,50.0,Non-Vegetarian,Sometimes,6.9,Often,1-2,2.7461
Motorcycle,15.8,4,471.0,Mixed,Often,5.6,Often,1-2,4.9171
Motorcycle,19.5,5,89.0,Mixed,Sometimes,18.0,Never,3-5,3.6952
Bus,27.9,5,56.0,Vegetarian,Sometimes,2.9,Often,1-2,2.1888
Train,14.1,3,348.0,Non-Vegetarian,Rarely,17.7,Often,3-5,4.9662
Car,67.8,5,112.0,Non-Vegetarian,Sometimes,17.6,Often,3-5,6.1237
Bicycle,2.2,2,99.0,Mixed,Often,17.4,Sometimes,3-5,2.9639
Bus,5.1,3,526.0,Non-Vegetarian,Sometimes,6.2,Sometimes,1-2,5.16
Motorcycle,67.7,5,96.0,Vegetarian,Often,5.6,Sometimes,1-2,3.9283
Walking,5.8,6,384.0,Non-Vegetarian,Sometimes,17.5,Often,0,4.0331
Car,67.9,3,367.0,Vegetarian,Often,7.9,Often,6+,6.9859
Bicycle,3.1,5,519.0,Non-Vegetarian,Sometimes,18.9,Often,1-2,5.2756
Walking,5.5,2,169.0,Vegetarian,Sometimes,7.3,Sometimes,1-2,2.3783
Electric Vehicle,31.9,5,244.0,Mixed,Sometimes,15.9,Sometimes,1-2,3.7265
Train,31.4,4,165.0,Mixed,Sometimes,7.1,Sometimes,0,2.7081
Electric Vehicle,30.0,7,346.0,Mixed,Often,7.0,Sometimes,6+,5.6949
Car,35.5,7,323.0,Vegetarian,Sometimes,6.0,Often,0,5.494
Bicycle,7.7,4,59.0,Vegetarian,Sometimes,10.6,Often,0,1.2369
Bus,9.6,7,433.0,Vegetarian,Rarely,12.4,Often,1-2,4.0015
Bus,17.7,6,107.0,Mixed,Often,17.9,Sometimes,1-2,3.5658
Car,80.0,6,504.0,Non-Vegetarian,Rarely,19.9,Never,0,9.597
Electric Vehicle,38.0,4,130.0,Non-Vegetarian,Often,17.3,Sometimes,1-2,3.662
Bus,39.9,4,277.0,Mixed,Sometimes,12.9,Often,6+,5.8424
Electric Vehicle,65.3,5,287.0,Non-Vegetarian,Often,5.5,Sometimes,0,4.3163
Bicycle,2.9,7,186.0,Non-Vegetarian,Rarely,19.6,Often,1-2,2.9623
Walking,5.0,7,242.0,Mixed,Often,16.6,Sometimes,0,3.2846
Electric Vehicle,39.5,6,323.0,Non-Vegetarian,Often,4.3,Sometimes,1-2,5.0785
Electric Vehicle,16.1,5,86.0,Mixed,Sometimes,19.0,Often,3-5,3.0583
Bus,29.1,4,592.0,Non-Vegetarian,Sometimes,11.2,Often,0,5.2701
Electric Vehicle,15.8,7,589.0,Non-Vegetarian,Often,19.4,Never,3-5,6.6545
Train,31.7,3,388.0,Non-Vegetarian,Sometimes,14.9,Sometimes,1-2,4.6333
Car,53.7,6,451.0,Non-Vegetarian,Rarely,8.7,Often,1-2,7.4395
Walking,3.4,5,126.0,Non-Vegetarian,Rarely,7.7,Often,3-5,2.9993
Motorcycle,22.0,3,237.0,Mixed,Sometimes,1.4,Often,6+,5.0572
Car,33.0,4,51.0,Mixed,Rarely,7.2,Sometimes,3-5,3.5072
Car,17.9,7,324.0,Non-Vegetarian,Often,2.8,Often,0,5.0702
Motorcycle,18.3,6,439.0,Mixed,Rarely,3.8,Often,0,4.6301
Electric Vehicle,75.6,5,564.0,Vegetarian,Sometimes,12.2,Never,0,5.5558
Car,16.6,7,556.0,Mixed,Often,11.4,Sometimes,1-2,6.6627
Car,32.4,4,578.0,Non-Vegetarian,Often,1.8,Never,6+,9.0436
Bus,34.2,7,104.0,Non-Vegetarian,Sometimes,7.1,Sometimes,1-2,3.698
Bus,10.4,5,125.0,Mixed,Sometimes,12.9,Sometimes,0,2.5011
Bus,21.2,5,359.0,Non-Vegetarian,Sometimes,19.9,Often,3-5,5.1875
Car,76.0,5,541.0,Mixed,Sometimes,4.3,Sometimes,0,7.7815
Car,77.5,6,154.0,Mixed,Rarely,16.7,Often,3-5,7.4203
Motorcycle,57.4,4,104.0,Mixed,Often,14.5,Never,0,3.8607
Car,53.0,3,75.0,Non-Vegetarian,Often,3.2,Sometimes,6+,5.7518
Car,18.3,6,505.0,Non-Vegetarian,Often,1.9,Never,0,5.4963
Train,35.6,6,424.0,Mixed,Often,6.9,Often,1-2,4.9121
Car,66.8,6,203.0,Mixed,Often,10.3,Often,1-2,6.9146
Motorcycle,57.2,6,121.0,Non-Vegetarian,Rarely,3.2,Never,3-5,5.357
Car,60.5,6,207.0,Non-Vegetarian,Often,6.0,Often,0,7.0964
Electric Vehicle,20.2,3,355.0,Non-Vegetarian,Rarely,19.9,Sometimes,0,4.1606
Car,62.2,3,183.0,Non-Vegetarian,Sometimes,3.7,Sometimes,0,5.117
Electric Vehicle,62.5,4,473.0,Mixed,Rarely,1.3,Never,3-5,5.3381
Bus,36.4,3,265.0,Vegetarian,Sometimes,2.2,Never,0,3.1123
Train,19.2,6,88.0,Non-Vegetarian,Sometimes,11.6,Never,6+,5.0485
Motorcycle,45.1,7,446.0,Mixed,Sometimes,1.7,Often,1-2,6.1276
Car,5.3,3,498.0,Mixed,Rarely,5.3,Often,1-2,4.7763
Electric Vehicle,75.3,6,205.0,Non-Vegetarian,Sometimes,15.2,Often,1-2,4.7091
Car,79.1,6,314.0,Mixed,Sometimes,17.7,Sometimes,0,8.0483
Motorcycle,24.3,4,252.0,Vegan,Often,3.7,Sometimes,3-5,3.0971
Bus,11.4,6,119.0,Non-Vegetarian,Sometimes,8.7,Often,1-2,2.7226
Bus,15.5,6,123.0,Non-Vegetarian,Sometimes,14.5,Sometimes,6+,5.3406
Bicycle,6.4,4,545.0,Non-Vegetarian,Often,8.8,Often,0,5.3405
Train,14.1,7,277.0,Vegetarian,Sometimes,17.9,Often,6+,4.9822
Bus,37.9,3,432.0,Non-Vegetarian,Sometimes,6.2,Often,1-2,5.2097
Walking,2.0,5,224.0,Non-Vegetarian,Sometimes,15.5,Sometimes,1-2,3.6775
Walking,4.5,7,532.0,Non-Vegetarian,Often,2.6,Never,3-5,6.4349
Car,72.6,4,459.0,Mixed,Sometimes,2.3,Often,0,7.0636
Electric Vehicle,38.5,5,437.0,Non-Vegetarian,Rarely,11.7,Often,0,4.4538
Train,8.9,7,396.0,Non-Vegetarian,Sometimes,17.1,Sometimes,0,4.5419
Electric Vehicle,73.2,3,466.0,Vegetarian,Sometimes,8.2,Never,0,4.2216
Electric Vehicle,48.9,4,296.0,Vegan,Sometimes,13.8,Sometimes,0,2.831
Car,32.7,4,124.0,Non-Vegetarian,Sometimes,3.8,Often,3-5,4.2311
Car,58.4,3,245.0,Mixed,Sometimes,12.8,Sometimes,6+,5.9492
Motorcycle,24.0,7,204.0,Non-Vegetarian,Often,10.3,Often,0,4.3369
Bus,19.0,3,200.0,Mixed,Sometimes,13.5,Sometimes,0,3.1185
Electric Vehicle,74.5,3,454.0,Vegan,Sometimes,18.2,Sometimes,0,4.0073
Car,65.2,6,274.0,Non-Vegetarian,Often,14.7,Sometimes,1-2,7.4961
Car,73.5,3,493.0,Mixed,Often,18.0,Never,0,7.0595
Car,9.9,7,491.0,Mixed,Often,1.2,Never,3-5,5.6149
Electric Vehicle,51.3,4,371.0,Mixed,Often,13.0,Sometimes,1-2,4.6824
Car,73.9,3,152.0,Mixed,Rarely,9.2,Often,0,4.3212
Bicycle,3.4,7,341.0,Non-Vegetarian,Rarely,19.8,Often,0,3.6647
Electric Vehicle,9.6,4,329.0,Vegetarian,Often,6.0,Often,1-2,3.6363
Car,14.3,3,154.0,Mixed,Often,5.3,Sometimes,3-5,3.664
Train,11.1,5,503.0,Mixed,Sometimes,13.4,Often,0,4.6615
Bicycle,1.0,2,322.0,Mixed,Rarely,15.4,Sometimes,1-2,3.711
Electric Vehicle,55.6,5,373.0,Mixed,Sometimes,13.9,Often,0,4.2317
Car,68.0,6,247.0,Mixed,Sometimes,6.7,Sometimes,1-2,7.1539
Car,56.8,6,306.0,Non-Vegetarian,Often,17.1,Often,1-2,7.3836
Electric Vehicle,38.9,4,456.0,Non-Vegetarian,Often,17.6,Often,0,5.4001
Motorcycle,37.6,4,133.0,Mixed,Sometimes,1.3,Sometimes,0,2.9058
Car,42.3,4,217.0,Mixed,Sometimes,5.3,Sometimes,3-5,4.5173
Car,77.7,3,244.0,Vegetarian,Often,14.4,Often,0,5.233
Bus,21.3,4,279.0,Vegan,Sometimes,4.0,Often,1-2,2.8548
Car,26.1,5,494.0,Mixed,Sometimes,19.4,Never,1-2,6.241
Motorcycle,20.7,5,429.0,Mixed,Often,13.0,Often,1-2,4.9887
Walking,5.7,3,581.0,Mixed,Sometimes,18.3,Often,1-2,5.3281
Electric Vehicle,23.7,7,308.0,Vegan,Sometimes,2.8,Often,1-2,3.2563
Train,36.0,5,87.0,Non-Vegetarian,Rarely,15.6,Often,0,2.6289
Walking,4.1,3,398.0,Non-Vegetarian,Often,10.2,Never,0,4.2908
Train,22.8,4,577.0,Non-Vegetarian,Rarely,14.9,Often,0,5.8591
Walking,2.6,5,283.0,Mixed,Rarely,6.0,Never,0,2.7947
Car,39.9,4,296.0,Non-Vegetarian,Rarely,9.4,Sometimes,6+,6.5107
Bus,10.3,7,299.0,Vegetarian,Rarely,19.2,Never,3-5,3.9399
Car,59.0,7,64.0,Non-Vegetarian,Sometimes,4.4,Often,3-5,6.8866
Train,15.0,7,72.0,Non-Vegetarian,Sometimes,14.6,Sometimes,6+,4.6541
Car,58.5,3,465.0,Mixed,Sometimes,8.8,Often,1-2,6.1756
Bus,22.4,6,432.0,Non-Vegetarian,Rarely,4.9,Never,3-5,5.6829
Car,56.3,3,79.0,Mixed,Sometimes,1.8,Sometimes,0,3.3801
Car,70.3,7,226.0,Non-Vegetarian,Sometimes,8.5,Sometimes,0,8.699
Motorcycle,10.1,4,374.0,Non-Vegetarian,Sometimes,1.1,Often,1-2,4.384
Motorcycle,72.4,4,268.0,Vegetarian,Rarely,12.9,Often,0,4.0601
Electric Vehicle,61.6,5,234.0,Non-Vegetarian,Sometimes,3.3,Sometimes,0,4.086
Train,27.1,7,474.0,Non-Vegetarian,Rarely,8.4,Never,6+,6.9536
Bicycle,2.7,7,421.0,Mixed,Often,7.9,Never,1-2,4.7735
Bus,35.7,5,169.0,Vegan,Rarely,16.8,Often,0,2.7449
Car,78.8,7,465.0,Mixed,Sometimes,12.3,Often,1-2,9.707
Electric Vehicle,10.8,3,536.0,Mixed,Sometimes,17.3,Often,6+,6.5617
Bus,8.9,3,252.0,Non-Vegetarian,Often,15.1,Sometimes,0,4.0862
Train,14.0,3,544.0,Non-Vegetarian,Sometimes,18.7,Often,3-5,6.0554
Bicycle,5.6,2,534.0,Mixed,Rarely,3.1,Often,1-2,4.9892
Electric Vehicle,57.1,5,199.0,Mixed,Sometimes,14.9,Never,0,3.5891
Bus,33.7,6,146.0,Vegan,Often,13.5,Often,3-5,3.4588
Bicycle,5.9,3,491.0,Vegan,Sometimes,17.6,Sometimes,1-2,4.2812
Electric Vehicle,67.7,6,357.0,Mixed,Often,14.6,Often,0,4.9086
Car,32.5,6,350.0,Non-Vegetarian,Often,14.8,Sometimes,0,6.0651
Train,16.8,5,472.0,Vegetarian,Sometimes,17.9,Often,1-2,4.0602
Electric Vehicle,11.5,5,537.0,Non-Vegetarian,Sometimes,9.9,Often,3-5,5.8421
Bus,34.8,4,379.0,Non-Vegetarian,Often,4.0,Often,0,5.0173
Electric Vehicle,20.4,6,95.0,Non-Vegetarian,Rarely,10.5,Never,0,2.9948
Train,9.1,4,426.0,Mixed,Sometimes,7.2,Often,0,3.8995
Electric Vehicle,44.2,6,170.0,Non-Vegetarian,Sometimes,15.3,Never,1-2,3.6801
Electric Vehicle,19.1,3,541.0,Mixed,Often,10.4,Often,1-2,5.328
Car,61.7,5,504.0,Non-Vegetarian,Rarely,16.5,Never,0,8.0956
Walking,1.0,4,299.0,Vegetarian,Often,13.6,Never,1-2,3.4628
Car,33.1,5,286.0,Non-Vegetarian,Sometimes,12.7,Never,1-2,5.8021
Car,57.5,6,464.0,Mixed,Sometimes,12.2,Often,6+,9.6303
Bicycle,8.0,5,71.0,Non-Vegetarian,Often,10.0,Sometimes,0,2.606
Electric Vehicle,39.1,5,183.0,Mixed,Rarely,6.9,Often,3-5,3.3105
Car,35.8,3,426.0,Non-Vegetarian,Sometimes,1.5,Sometimes,0,5.3175
Bus,32.6,7,410.0,Vegan,Sometimes,14.3,Sometimes,6+,6.5986
Car,17.2,5,381.0,Non-Vegetarian,Sometimes,19.4,Never,1-2,5.4863
Bicycle,5.4,3,475.0,Vegan,Rarely,7.5,Often,3-5,4.2977
Car,38.3,3,106.0,Vegetarian,Sometimes,19.0,Sometimes,1-2,3.1023
Car,44.4,5,399.0,Vegetarian,Sometimes,6.3,Sometimes,1-2,6.0954
Car,24.7,5,311.0,Non-Vegetarian,Sometimes,18.6,Never,0,5.3322
Car,54.5,7,255.0,Non-Vegetarian,Rarely,16.0,Never,1-2,7.5823
Bus,11.6,4,215.0,Mixed,Sometimes,8.1,Sometimes,0,2.8042
Bus,14.2,4,226.0,Non-Vegetarian,Sometimes,5.1,Often,1-2,3.5693
Car,17.9,7,398.0,Non-Vegetarian,Often,3.8,Never,1-2,5.9797
Bus,39.5,7,141.0,Non-Vegetarian,Sometimes,12.9,Often,3-5,4.7469
Motorcycle,61.4,3,529.0,Mixed,Rarely,13.8,Often,0,5.0179
Bicycle,1.5,6,572.0,Non-Vegetarian,Sometimes,17.6,Often,0,4.8661
Bus,21.4,3,288.0,Vegan,Rarely,2.6,Often,0,2.4623
Motorcycle,39.8,5,217.0,Non-Vegetarian,Sometimes,6.9,Often,1-2,4.2802
Motorcycle,70.3,7,432.0,Mixed,Sometimes,13.6,Sometimes,1-2,7.5189
Car,43.8,3,188.0,Non-Vegetarian,Sometimes,6.5,Sometimes,0,4.3423
Electric Vehicle,73.0,7,155.0,Mixed,Rarely,7.4,Often,0,3.3416
Car,51.0,4,491.0,Non-Vegetarian,Rarely,14.0,Often,1-2,6.5058
Car,39.7,7,145.0,Mixed,Often,13.1,Sometimes,3-5,6.2614
Train,21.4,4,265.0,Mixed,Often,9.7,Sometimes,0,3.3204
Car,14.3,6,497.0,Mixed,Rarely,4.6,Often,6+,5.9018
Train,13.3,7,281.0,Non-Vegetarian,Often,12.9,Sometimes,0,4.2373
Bus,14.6,4,150.0,Non-Vegetarian,Often,2.0,Often,0,3.0943
Walking,7.4,7,283.0,Vegan,Sometimes,2.1,Never,6+,4.2171
Bicycle,2.6,3,177.0,Non-Vegetarian,Sometimes,6.1,Sometimes,3-5,3.7094
Car,21.5,6,162.0,Non-Vegetarian,Often,2.7,Often,6+,6.6119
Car,41.5,3,185.0,Non-Vegetarian,Sometimes,12.6,Often,6+,6.1568
Train,19.1,7,517.0,Non-Vegetarian,Sometimes,17.1,Sometimes,1-2,5.4951
Car,71.6,7,463.0,Vegan,Often,4.9,Often,1-2,8.9579
Car,43.1,6,511.0,Non-Vegetarian,Sometimes,14.4,Often,1-2,7.385
Motorcycle,64.1,4,170.0,Non-Vegetarian,Sometimes,14.6,Often,0,4.7647
Bicycle,4.7,7,434.0,Non-Vegetarian,Often,8.4,Sometimes,0,4.2642
Bus,29.8,6,99.0,Non-Vegetarian,Sometimes,8.0,Often,1-2,3.6892
Train,25.2,4,515.0,Mixed,Sometimes,15.5,Never,6+,7.405
Car,57.1,3,188.0,Non-Vegetarian,Sometimes,3.8,Never,1-2,4.9375
Motorcycle,17.5,3,177.0,Vegetarian,Rarely,13.4,Often,6+,4.2016
Electric Vehicle,18.2,7,309.0,Non-Vegetarian,Rarely,1.3,Often,1-2,4.2072
Car,63.7,7,118.0,Non-Vegetarian,Often,14.7,Never,6+,9.9292
Car,5.7,4,471.0,Non-Vegetarian,Rarely,10.6,Never,0,4.849
Car,69.6,5,366.0,Non-Vegetarian,Sometimes,4.3,Never,0,7.4366
Train,30.9,3,591.0,Vegetarian,Sometimes,11.0,Sometimes,3-5,4.9887
Electric Vehicle,40.0,7,245.0,Non-Vegetarian,Sometimes,15.2,Often,1-2,4.2078
Motorcycle,42.7,6,119.0,Vegan,Rarely,19.9,Often,0,3.1031
Car,6.8,6,159.0,Vegan,Sometimes,13.1,Never,3-5,2.9206
Walking,6.1,7,487.0,Non-Vegetarian,Rarely,18.1,Often,0,4.252
Motorcycle,20.4,4,279.0,Vegetarian,Often,18.0,Often,0,3.5419
Car,39.9,6,538.0,Mixed,Rarely,6.6,Often,1-2,7.9134
Electric Vehicle,10.1,5,156.0,Mixed,Rarely,19.8,Never,3-5,3.5863
Car,6.9,4,397.0,Non-Vegetarian,Sometimes,7.3,Often,0,4.2374
Walking,4.9,5,467.0,Non-Vegetarian,Sometimes,13.7,Sometimes,3-5,5.6075
Bus,39.9,4,563.0,Non-Vegetarian,Sometimes,9.4,Often,0,6.2423
Car,33.8,6,171.0,Vegan,Rarely,3.5,Sometimes,0,3.9198
Walking,7.1,5,351.0,Non-Vegetarian,Often,1.0,Never,3-5,4.7898
Car,40.1,4,559.0,Non-Vegetarian,Rarely,9.7,Often,1-2,7.0762
Electric Vehicle,68.8,5,367.0,Non-Vegetarian,Often,15.1,Often,0,5.4995
Bicycle,4.4,4,493.0,Mixed,Sometimes,16.5,Sometimes,0,4.7099
Electric Vehicle,27.5,6,78.0,Non-Vegetarian,Often,5.9,Often,1-2,3.3302
Electric Vehicle,39.8,4,559.0,Non-Vegetarian,Sometimes,8.8,Sometimes,1-2,5.5793
Car,23.2,7,315.0,Mixed,Rarely,7.0,Often,1-2,4.9846
Bus,4.1,5,115.0,Non-Vegetarian,Often,10.3,Often,1-2,3.0983
Motorcycle,68.7,5,184.0,Mixed,Sometimes,12.4,Sometimes,3-5,5.4486
Bicycle,1.6,5,321.0,Vegetarian,Often,16.4,Often,6+,5.1857
Car,18.3,4,210.0,Mixed,Sometimes,18.4,Often,1-2,3.8122
Car,12.5,7,95.0,Vegan,Rarely,18.5,Often,3-5,2.9919
Electric Vehicle,41.8,5,376.0,Non-Vegetarian,Sometimes,16.8,Sometimes,0,4.6021
Train,28.9,3,323.0,Non-Vegetarian,Sometimes,8.5,Sometimes,0,3.7718
Bus,19.7,7,219.0,Non-Vegetarian,Often,8.9,Often,3-5,5.0555
Car,39.6,4,70.0,Vegetarian,Often,3.8,Often,0,2.9211
Bicycle,2.6,4,428.0,Non-Vegetarian,Sometimes,9.3,Never,1-2,4.906
Train,37.7,4,543.0,Non-Vegetarian,Sometimes,8.4,Sometimes,0,5.1163
Electric Vehicle,65.3,6,153.0,Non-Vegetarian,Sometimes,8.6,Often,0,3.8761
Electric Vehicle,36.7,5,577.0,Mixed,Often,4.5,Often,0,5.5916
Car,12.0,5,131.0,Mixed,Sometimes,12.5,Often,6+,4.7625
Walking,5.2,7,239.0,Non-Vegetarian,Sometimes,3.0,Often,6+,4.8404
Car,16.1,7,200.0,Non-Vegetarian,Sometimes,12.2,Often,0,4.1651
Car,77.3,7,351.0,Non-Vegetarian,Often,1.8,Sometimes,1-2,8.9456
Train,32.3,6,506.0,Non-Vegetarian,Sometimes,17.8,Sometimes,6+,7.4154
Car,71.9,3,499.0,Non-Vegetarian,Sometimes,8.5,Never,0,6.7072
Car,66.6,4,268.0,Non-Vegetarian,Often,16.2,Sometimes,3-5,6.9306
Bus,38.2,5,473.0,Non-Vegetarian,Sometimes,12.0,Sometimes,1-2,5.756
Walking,6.9,5,358.0,Non-Vegetarian,Sometimes,4.8,Often,0,3.5251
Car,14.7,5,143.0,Non-Vegetarian,Sometimes,4.1,Sometimes,3-5,3.6854
Motorcycle,62.4,5,220.0,Non-Vegetarian,Sometimes,2.3,Often,3-5,5.5809
Car,63.4,5,581.0,Vegetarian,Sometimes,3.3,Often,3-5,8.1429
Bus,7.5,7,203.0,Vegetarian,Often,7.7,Sometimes,0,2.8526
Electric Vehicle,51.5,3,596.0,Vegetarian,Sometimes,10.9,Often,0,4.7321
Electric Vehicle,61.8,5,66.0,Mixed,Often,9.2,Often,3-5,3.5668
Train,20.9,7,461.0,Vegetarian,Often,5.3,Often,6+,6.1481
Bus,31.5,6,227.0,Non-Vegetarian,Often,1.7,Never,1-2,4.918
Motorcycle,30.4,3,583.0,Mixed,Rarely,17.0,Sometimes,1-2,5.655
Car,15.2,6,354.0,Non-Vegetarian,Often,3.3,Often,3-5,5.6212
Bus,18.7,3,522.0,Vegetarian,Sometimes,19.3,Never,0,4.5266
Motorcycle,16.5,5,517.0,Mixed,Often,7.9,Sometimes,3-5,5.8391
Car,18.9,3,528.0,Mixed,Sometimes,17.2,Sometimes,0,5.2442
Car,30.0,3,150.0,Non-Vegetarian,Often,5.4,Sometimes,3-5,4.373
Electric Vehicle,65.9,7,564.0,Mixed,Sometimes,18.2,Often,0,5.9061
Motorcycle,74.8,5,555.0,Non-Vegetarian,Sometimes,6.1,Never,0,7.6761
Car,40.8,6,495.0,Non-Vegetarian,Rarely,4.0,Often,3-5,7.4381
Car,30.1,4,407.0,Non-Vegetarian,Often,13.0,Never,0,5.8533
Electric Vehicle,69.8,7,181.0,Non-Vegetarian,Sometimes,17.6,Sometimes,3-5,5.0194
Electric Vehicle,41.9,4,83.0,Non-Vegetarian,Sometimes,4.7,Sometimes,0,2.5763
Electric Vehicle,26.6,4,389.0,Mixed,Sometimes,5.8,Often,0,4.0325
Car,49.3,5,430.0,Non-Vegetarian,Often,12.0,Often,0,7.0457
Car,8.5,3,426.0,Vegetarian,Sometimes,19.2,Sometimes,1-2,4.0593
Bicycle,6.7,2,277.0,Non-Vegetarian,Sometimes,3.8,Often,0,3.0176
Motorcycle,43.9,5,294.0,Non-Vegetarian,Sometimes,4.9,Sometimes,3-5,6.0677
Electric Vehicle,54.7,6,319.0,Non-Vegetarian,Rarely,1.1,Sometimes,0,4.3317
Bus,13.7,6,111.0,Non-Vegetarian,Sometimes,4.4,Often,1-2,3.0201
Walking,1.0,5,241.0,Non-Vegetarian,Sometimes,14.1,Sometimes,1-2,3.5164
Car,72.9,3,480.0,Non-Vegetarian,Sometimes,19.7,Sometimes,1-2,7.3898
Car,25.1,5,337.0,Non-Vegetarian,Sometimes,13.5,Often,3-5,6.1716
Electric Vehicle,23.1,5,189.0,Non-Vegetarian,Often,18.7,Often,1-2,3.961
Electric Vehicle,74.1,6,588.0,Vegan,Often,7.2,Often,1-2,5.6266
Car,13.1,5,446.0,Non-Vegetarian,Sometimes,6.2,Never,1-2,5.3015
Electric Vehicle,50.1,7,246.0,Non-Vegetarian,Sometimes,17.9,Sometimes,3-5,4.8966
Bus,21.2,6,577.0,Vegan,Rarely,11.7,Never,1-2,5.3565
Car,40.0,7,598.0,Vegetarian,Sometimes,19.5,Sometimes,0,7.4646
Car,24.2,7,275.0,Mixed,Sometimes,17.9,Often,0,4.6238
Electric Vehicle,50.9,3,493.0,Mixed,Sometimes,13.0,Often,0,4.5902
Train,28.7,3,559.0,Non-Vegetarian,Often,16.1,Often,0,5.2686
Bus,11.5,7,203.0,Non-Vegetarian,Sometimes,7.8,Sometimes,1-2,3.747
Train,3.8,5,156.0,Mixed,Sometimes,1.9,Never,3-5,3.0347
Car,27.1,3,414.0,Non-Vegetarian,Rarely,3.2,Often,0,4.4023
Car,56.5,4,428.0,Mixed,Rarely,8.2,Never,0,5.6306
Car,68.2,6,110.0,Mixed,Sometimes,3.9,Never,0,6.2061
Bus,23.5,7,572.0,Mixed,Often,18.4,Often,3-5,6.3981
Car,79.8,7,413.0,Non-Vegetarian,Sometimes,4.3,Often,1-2,9.6648
Electric Vehicle,64.9,3,158.0,Non-Vegetarian,Often,9.8,Never,1-2,4.231
Walking,1.5,2,176.0,Mixed,Often,3.2,Sometimes,6+,4.2948
Car,43.8,7,532.0,Mixed,Sometimes,2.0,Often,1-2,7.365
Car,45.4,3,237.0,Non-Vegetarian,Sometimes,7.3,Never,0,4.1977
Car,65.2,4,434.0,Vegetarian,Rarely,9.4,Sometimes,1-2,6.5911
Car,62.0,6,141.0,Non-Vegetarian,Often,1.6,Often,3-5,7.4174
Electric Vehicle,59.2,3,227.0,Mixed,Often,12.1,Never,0,3.3813
Electric Vehicle,12.4,7,406.0,Vegetarian,Sometimes,19.4,Never,0,3.841
Car,73.6,5,464.0,Non-Vegetarian,Rarely,16.4,Often,1-2,8.6353
Bus,21.2,3,133.0,Mixed,Sometimes,12.8,Never,0,2.8519
Car,49.9,3,414.0,Mixed,Sometimes,13.1,Never,3-5,6.3287
Car,16.2,6,360.0,Non-Vegetarian,Rarely,6.1,Sometimes,0,4.5534
Electric Vehicle,63.9,6,451.0,Non-Vegetarian,Rarely,9.9,Sometimes,0,5.1336
Train,25.7,6,390.0,Mixed,Rarely,12.9,Often,6+,6.0074
Car,25.1,3,560.0,Mixed,Sometimes,11.0,Often,6+,7.2792
Bicycle,2.5,7,192.0,Mixed,Rarely,19.0,Sometimes,6+,4.4101
Walking,4.5,2,270.0,Non-Vegetarian,Sometimes,3.7,Sometimes,1-2,3.5441
Bicycle,4.4,7,418.0,Mixed,Sometimes,4.0,Sometimes,1-2,3.971
Bicycle,4.5,3,107.0,Mixed,Sometimes,9.8,Never,0,2.0632
Electric Vehicle,52.4,4,245.0,Mixed,Often,17.5,Never,1-2,4.2809
Car,56.2,5,155.0,Mixed,Sometimes,13.7,Sometimes,0,5.6472
Walking,7.0,6,367.0,Mixed,Sometimes,18.4,Often,3-5,4.1921
Bus,9.6,5,232.0,Mixed,Sometimes,16.8,Never,1-2,3.7178
Car,56.5,3,596.0,Non-Vegetarian,Sometimes,5.1,Often,3-5,7.7651
Train,35.7,3,267.0,Non-Vegetarian,Rarely,2.9,Never,1-2,3.7773
Bus,29.7,3,349.0,Non-Vegetarian,Rarely,12.3,Often,0,4.1722
Car,21.9,6,520.0,Mixed,Often,18.4,Often,1-2,6.6404
Bicycle,3.0,5,102.0,Mixed,Often,15.8,Often,1-2,2.8823
Car,7.0,3,372.0,Non-Vegetarian,Sometimes,11.4,Often,1-2,4.454
Car,56.6,5,310.0,Mixed,Sometimes,6.4,Often,0,5.9268
Car,51.6,4,265.0,Non-Vegetarian,Sometimes,17.8,Never,1-2,5.6778
Walking,7.0,7,475.0,Non-Vegetarian,Sometimes,5.3,Sometimes,1-2,4.9271
Bicycle,3.6,3,498.0,Vegetarian,Sometimes,12.4,Never,0,3.8314
Car,30.3,3,101.0,Mixed,Sometimes,17.3,Sometimes,1-2,3.1373
Electric Vehicle,52.3,5,181.0,Mixed,Sometimes,19.4,Often,1-2,3.7168
Car,61.0,6,479.0,Vegan,Rarely,4.7,Often,1-2,7.3399
Electric Vehicle,11.6,3,262.0,Non-Vegetarian,Rarely,18.9,Sometimes,6+,5.7493
Walking,2.4,4,246.0,Mixed,Sometimes,4.5,Sometimes,1-2,3.1318
Bus,36.4,7,166.0,Non-Vegetarian,Sometimes,15.2,Never,0,4.1405
Electric Vehicle,5.4,7,592.0,Mixed,Sometimes,5.5,Often,6+,6.8149
Motorcycle,20.9,5,388.0,Vegetarian,Rarely,8.0,Often,0,3.5111
Electric Vehicle,43.1,7,369.0,Vegetarian,Sometimes,11.9,Often,3-5,4.5654
Walking,3.5,6,438.0,Non-Vegetarian,Sometimes,15.6,Sometimes,0,4.551
Walking,2.7,6,403.0,Mixed,Sometimes,13.8,Often,3-5,4.7591
Car,63.8,7,261.0,Mixed,Sometimes,7.3,Never,0,7.6777
Bus,14.5,7,486.0,Mixed,Often,17.9,Never,3-5,6.1331
Walking,6.3,5,272.0,Non-Vegetarian,Often,8.7,Often,6+,5.5138
Bus,17.7,3,301.0,Non-Vegetarian,Often,13.2,Never,0,3.7124
Car,50.5,5,419.0,Non-Vegetarian,Sometimes,5.6,Often,0,6.2735
Electric Vehicle,61.8,5,505.0,Mixed,Often,17.9,Never,0,5.6221
Car,46.2,4,273.0,Mixed,Sometimes,3.8,Often,0,4.4437
Bus,24.2,5,274.0,Vegetarian,Often,1.3,Sometimes,1-2,3.4012
Car,19.3,7,223.0,Non-Vegetarian,Often,3.3,Often,3-5,5.0868
Motorcycle,16.2,7,488.0,Non-Vegetarian,Sometimes,12.9,Never,0,5.7859
Car,5.5,7,289.0,Non-Vegetarian,Often,2.2,Never,3-5,4.8084
Walking,4.3,2,95.0,Vegetarian,Sometimes,16.6,Often,0,1.733
Car,53.6,3,211.0,Non-Vegetarian,Often,7.1,Sometimes,3-5,5.6429
Electric Vehicle,44.1,7,572.0,Non-Vegetarian,Sometimes,2.0,Sometimes,1-2,6.0184
Bus,25.2,6,139.0,Mixed,Sometimes,3.7,Sometimes,3-5,4.0649
Train,25.1,5,61.0,Mixed,Sometimes,10.3,Often,1-2,2.2336
Car,57.4,7,87.0,Mixed,Rarely,18.8,Often,0,5.9833
Electric Vehicle,19.9,6,178.0,Mixed,Often,7.0,Often,0,2.7808
Car,45.9,3,305.0,Non-Vegetarian,Often,18.2,Often,0,5.9583
Car,33.5,4,463.0,Non-Vegetarian,Sometimes,13.7,Never,1-2,6.0244
Car,21.4,3,540.0,Non-Vegetarian,Sometimes,12.3,Often,0,5.4647
Bus,4.8,6,212.0,Vegan,Often,9.2,Sometimes,0,2.0903
Electric Vehicle,34.9,7,110.0,Vegetarian,Sometimes,16.0,Often,0,2.4627
Car,6.1,4,401.0,Mixed,Often,12.2,Often,0,4.3374
Electric Vehicle,17.9,7,237.0,Mixed,Often,14.0,Sometimes,3-5,4.522
Electric Vehicle,22.4,7,184.0,Vegetarian,Sometimes,11.3,Often,1-2,2.6823
Bus,30.3,6,482.0,Non-Vegetarian,Sometimes,9.1,Often,6+,7.897
Bus,28.9,6,523.0,Non-Vegetarian,Often,10.8,Often,3-5,7.3604
Motorcycle,15.8,4,149.0,Non-Vegetarian,Sometimes,4.0,Often,1-2,3.2493
Train,3.5,5,346.0,Non-Vegetarian,Rarely,6.0,Sometimes,3-5,4.0276
Car,78.6,4,230.0,Non-Vegetarian,Sometimes,12.3,Never,1-2,6.6374
Walking,2.5,5,393.0,Non-Vegetarian,Often,17.5,Often,0,4.891
Walking,7.6,7,451.0,Non-Vegetarian,Sometimes,19.5,Sometimes,1-2,4.6669
Bus,13.8,4,214.0,Non-Vegetarian,Often,12.6,Sometimes,0,3.9347
Train,21.8,3,432.0,Non-Vegetarian,Sometimes,4.4,Often,1-2,4.6952
Motorcycle,19.7,4,64.0,Non-Vegetarian,Sometimes,15.8,Often,0,2.4776
Bus,22.7,6,348.0,Mixed,Sometimes,9.3,Sometimes,3-5,4.427
Electric Vehicle,14.7,7,367.0,Non-Vegetarian,Sometimes,16.0,Sometimes,1-2,4.9706
Bicycle,6.4,4,79.0,Non-Vegetarian,Rarely,18.0,Sometimes,6+,4.3326
Motorcycle,51.5,6,363.0,Vegan,Rarely,6.3,Sometimes,3-5,5.1565
Car,75.1,6,303.0,Non-Vegetarian,Rarely,16.7,Often,0,8.2956
Car,76.4,7,457.0,Mixed,Often,16.8,Sometimes,6+,10.6114
Bus,6.8,6,140.0,Vegetarian,Sometimes,7.2,Sometimes,0,1.9812
Electric Vehicle,41.2,5,264.0,Mixed,Rarely,19.0,Sometimes,1-2,3.7167
Bicycle,1.3,6,108.0,Mixed,Sometimes,1.5,Often,1-2,2.3096
Electric Vehicle,76.2,7,228.0,Non-Vegetarian,Often,15.7,Sometimes,0,5.3344
Train,35.5,7,503.0,Vegetarian,Often,18.4,Sometimes,0,4.7679
Car,67.5,5,370.0,Non-Vegetarian,Rarely,16.9,Sometimes,0,7.1545
Car,29.6,3,169.0,Vegetarian,Sometimes,5.1,Sometimes,3-5,3.7755
Electric Vehicle,12.3,6,296.0,Non-Vegetarian,Rarely,12.8,Often,0,3.7995
Car,62.7,3,69.0,Non-Vegetarian,Sometimes,12.7,Often,0,3.8559
Train,20.5,3,383.0,Mixed,Often,1.1,Sometimes,0,3.6299
Walking,3.5,3,564.0,Non-Vegetarian,Often,15.7,Sometimes,6+,7.5177
Electric Vehicle,48.8,6,486.0,Non-Vegetarian,Sometimes,6.7,Never,1-2,5.5657
Bicycle,5.5,6,398.0,Mixed,Sometimes,7.9,Often,3-5,4.592
Electric Vehicle,26.6,7,121.0,Mixed,Often,19.4,Often,1-2,3.2214
Electric Vehicle,71.2,3,136.0,Non-Vegetarian,Sometimes,12.1,Often,0,3.2969
Car,53.2,3,490.0,Mixed,Rarely,1.1,Sometimes,0,5.6902
Bus,9.7,3,206.0,Non-Vegetarian,Sometimes,12.7,Sometimes,1-2,3.7574
Bicycle,1.6,7,595.0,Non-Vegetarian,Sometimes,13.1,Sometimes,6+,7.2168
Car,32.5,7,592.0,Mixed,Often,6.5,Often,0,7.1278
Car,66.0,7,494.0,Vegetarian,Rarely,16.9,Never,1-2,9.3925
Train,26.1,3,257.0,Vegan,Rarely,5.7,Sometimes,0,2.1463
Bicycle,4.0,2,343.0,Mixed,Sometimes,14.4,Often,0,3.5097
Bus,12.6,5,359.0,Non-Vegetarian,Rarely,3.9,Sometimes,0,4.1372
Car,11.8,6,260.0,Non-Vegetarian,Sometimes,2.9,Never,3-5,4.5958
Train,9.5,6,428.0,Vegetarian,Often,14.8,Often,1-2,3.5594
Electric Vehicle,76.8,3,229.0,Vegetarian,Sometimes,11.8,Often,3-5,4.0871
Bicycle,6.5,7,520.0,Vegetarian,Sometimes,11.5,Never,3-5,4.4981
Car,32.3,4,484.0,Mixed,Sometimes,7.1,Often,0,5.7555
Bus,30.5,6,170.0,Mixed,Sometimes,18.9,Sometimes,0,3.7592
Car,65.8,6,386.0,Mixed,Rarely,9.5,Often,3-5,7.9414
Car,10.2,3,232.0,Non-Vegetarian,Sometimes,15.4,Often,3-5,4.3297
Car,58.1,5,126.0,Mixed,Often,10.9,Never,0,5.1312
Car,32.3,3,351.0,Vegetarian,Often,6.0,Sometimes,1-2,3.8885
Electric Vehicle,71.4,7,327.0,Mixed,Sometimes,14.0,Often,3-5,5.7667
Motorcycle,22.8,7,267.0,Vegetarian,Often,15.3,Often,3-5,4.2584
Car,25.9,5,180.0,Non-Vegetarian,Rarely,11.9,Often,0,3.8246
Electric Vehicle,76.6,7,544.0,Mixed,Rarely,3.8,Sometimes,3-5,6.6477
Bicycle,4.9,4,415.0,Vegetarian,Rarely,6.3,Often,1-2,3.8134
Electric Vehicle,48.2,6,95.0,Non-Vegetarian,Sometimes,12.6,Never,0,3.4754
Train,30.1,3,164.0,Vegetarian,Sometimes,14.3,Sometimes,1-2,2.5056
Train,30.6,3,114.0,Non-Vegetarian,Rarely,18.4,Never,1-2,3.0322
Car,15.2,5,414.0,Mixed,Often,18.7,Never,1-2,5.4053
Bus,19.0,5,165.0,Vegan,Rarely,13.4,Often,0,2.1048
Bus,8.5,5,147.0,Vegetarian,Rarely,11.6,Sometimes,1-2,2.543
Bus,15.1,4,133.0,Non-Vegetarian,Rarely,17.0,Sometimes,3-5,3.5027
Motorcycle,77.6,6,512.0,Vegetarian,Sometimes,13.4,Often,0,6.5027
Car,57.1,6,503.0,Mixed,Sometimes,9.6,Never,0,7.3797
Electric Vehicle,46.2,7,252.0,Non-Vegetarian,Often,5.0,Never,6+,6.928
Car,79.3,3,282.0,Non-Vegetarian,Rarely,5.4,Sometimes,0,5.3026
Train,5.3,3,287.0,Mixed,Rarely,5.3,Never,0,2.7848
Car,24.6,4,505.0,Non-Vegetarian,Sometimes,5.2,Often,0,5.1385
Car,14.4,7,250.0,Mixed,Often,11.7,Often,1-2,4.0514
Train,16.7,7,422.0,Mixed,Sometimes,9.1,Never,0,4.3243
Bus,6.9,5,304.0,Vegan,Rarely,2.1,Never,3-5,3.3309
Walking,6.0,5,355.0,Vegetarian,Sometimes,15.5,Never,0,3.4054
Bus,23.1,7,104.0,Mixed,Sometimes,3.0,Sometimes,3-5,3.6422
Car,11.3,7,73.0,Non-Vegetarian,Sometimes,9.8,Sometimes,0,3.1861
Car,70.3,5,583.0,Mixed,Sometimes,4.8,Sometimes,0,8.2515
Bus,15.9,7,422.0,Non-Vegetarian,Sometimes,12.3,Sometimes,0,4.95
Bus,15.3,4,384.0,Vegetarian,Often,18.8,Often,3-5,4.7603
Car,31.5,3,339.0,Mixed,Sometimes,10.0,Never,6+,6.2154
Motorcycle,36.9,5,581.0,Non-Vegetarian,Rarely,2.3,Never,1-2,5.8871
Electric Vehicle,7.8,5,372.0,Non-Vegetarian,Often,2.3,Often,3-5,5.0733
Electric Vehicle,52.3,5,366.0,Non-Vegetarian,Sometimes,14.4,Sometimes,0,4.7763
Car,49.2,7,502.0,Mixed,Sometimes,12.5,Often,1-2,8.561
Train,10.4,7,291.0,Vegetarian,Sometimes,12.5,Often,0,3.1519
Car,41.4,3,317.0,Non-Vegetarian,Sometimes,16.8,Often,1-2,4.8601
Car,56.7,7,418.0,Non-Vegetarian,Sometimes,18.3,Often,1-2,9.203
Electric Vehicle,17.4,6,516.0,Mixed,Rarely,5.1,Never,1-2,4.8162
Electric Vehicle,68.3,3,99.0,Vegetarian,Rarely,13.6,Never,3-5,2.9954
Electric Vehicle,75.2,3,179.0,Non-Vegetarian,Often,11.9,Sometimes,3-5,4.5891
Walking,3.9,3,544.0,Vegetarian,Sometimes,1.4,Often,1-2,4.1185
Train,4.1,3,584.0,Mixed,Often,6.8,Never,3-5,5.7116
Bus,35.6,5,337.0,Mixed,Sometimes,19.7,Often,0,4.6229
Car,6.9,7,76.0,Non-Vegetarian,Sometimes,2.8,Often,3-5,3.3147
Motorcycle,11.4,7,272.0,Mixed,Sometimes,18.7,Sometimes,1-2,3.998
Car,55.3,7,547.0,Vegetarian,Sometimes,8.4,Often,1-2,7.9434
Electric Vehicle,54.8,3,197.0,Non-Vegetarian,Sometimes,3.2,Often,0,3.2468
Motorcycle,42.1,7,403.0,Vegetarian,Sometimes,18.0,Often,1-2,5.3484
Car,33.3,3,478.0,Non-Vegetarian,Often,16.3,Often,0,5.9497
Train,18.6,5,509.0,Non-Vegetarian,Sometimes,14.7,Often,1-2,5.2881
Car,43.4,4,86.0,Vegan,Sometimes,2.9,Never,6+,4.644
Electric Vehicle,35.5,7,351.0,Vegan,Often,19.2,Often,0,3.8985
Motorcycle,57.3,4,388.0,Mixed,Rarely,5.9,Sometimes,6+,6.8502
Bus,18.7,7,508.0,Vegetarian,Rarely,20.0,Never,3-5,5.3301
Electric Vehicle,23.6,7,402.0,Vegetarian,Often,4.9,Sometimes,0,3.724
Car,19.0,4,74.0,Non-Vegetarian,Sometimes,2.8,Sometimes,3-5,3.7146
Car,17.4,5,463.0,Non-Vegetarian,Sometimes,12.7,Sometimes,1-2,6.0133
Car,64.1,6,271.0,Vegetarian,Often,10.2,Often,3-5,6.9408
Walking,1.5,4,377.0,Non-Vegetarian,Sometimes,1.8,Sometimes,6+,6.1817
Electric Vehicle,15.9,5,94.0,Non-Vegetarian,Sometimes,19.9,Often,3-5,3.4667
Train,37.0,6,571.0,Non-Vegetarian,Sometimes,11.2,Often,0,5.7773
Train,19.3,7,260.0,Non-Vegetarian,Often,2.7,Sometimes,0,3.7908
Car,54.5,3,118.0,Vegetarian,Sometimes,4.4,Often,3-5,4.163
Electric Vehicle,71.7,3,243.0,Vegetarian,Rarely,14.0,Never,3-5,3.897
Bus,31.5,6,164.0,Non-Vegetarian,Sometimes,14.5,Never,1-2,4.2024
Car,41.4,3,64.0,Non-Vegetarian,Sometimes,16.3,Sometimes,6+,5.8935
Car,8.5,6,599.0,Non-Vegetarian,Sometimes,18.2,Often,1-2,5.8248
Car,37.7,4,58.0,Mixed,Sometimes,9.0,Sometimes,3-5,4.149
Car,71.9,7,298.0,Mixed,Often,19.3,Never,1-2,8.6664
Car,63.7,5,489.0,Mixed,Often,17.2,Never,1-2,7.9515
Bicycle,0.9,5,398.0,Non-Vegetarian,Sometimes,18.6,Never,6+,5.8858
Car,16.4,4,580.0,Mixed,Sometimes,17.7,Often,1-2,5.9959
Motorcycle,62.3,7,87.0,Vegan,Rarely,6.3,Often,0,3.9848
Electric Vehicle,23.8,7,402.0,Mixed,Rarely,18.2,Sometimes,0,4.0532
Train,39.3,6,441.0,Mixed,Rarely,17.6,Never,1-2,5.0644
Walking,0.6,4,295.0,Mixed,Sometimes,6.0,Never,3-5,3.8121
Car,59.8,4,79.0,Non-Vegetarian,Sometimes,15.4,Sometimes,0,4.6563
Motorcycle,61.4,3,304.0,Non-Vegetarian,Often,4.2,Often,6+,7.2895
Car,14.6,7,432.0,Non-Vegetarian,Sometimes,5.8,Often,6+,7.2476
Electric Vehicle,24.1,5,207.0,Non-Vegetarian,Sometimes,17.5,Often,0,3.4827
Car,19.5,6,207.0,Non-Vegetarian,Often,14.9,Sometimes,6+,6.5794
Bus,36.3,6,470.0,Non-Vegetarian,Sometimes,13.2,Often,1-2,5.06
Car,70.1,7,346.0,Non-Vegetarian,Often,18.1,Sometimes,0,8.4618
Car,63.8,4,505.0,Non-Vegetarian,Sometimes,4.7,Sometimes,6+,8.9975
Electric Vehicle,29.4,7,327.0,Vegetarian,Sometimes,5.4,Often,3-5,4.5602
Electric Vehicle,64.1,3,333.0,Mixed,Sometimes,10.0,Sometimes,6+,5.9665
Electric Vehicle,30.9,4,203.0,Non-Vegetarian,Sometimes,7.8,Sometimes,0,3.046
Electric Vehicle,56.6,6,382.0,Non-Vegetarian,Sometimes,11.5,Never,1-2,5.264
Bicycle,6.5,7,226.0,Non-Vegetarian,Rarely,11.2,Often,1-2,3.2069
Motorcycle,51.7,7,284.0,Non-Vegetarian,Sometimes,3.9,Often,1-2,6.1033
Car,79.5,5,315.0,Mixed,Often,3.0,Often,1-2,7.6065
Electric Vehicle,69.6,7,347.0,Mixed,Sometimes,4.3,Never,0,4.9045
Bus,11.4,6,140.0,Non-Vegetarian,Sometimes,3.0,Often,6+,4.7273
Motorcycle,66.3,7,166.0,Vegetarian,Often,18.6,Often,1-2,4.9849
Car,15.9,3,499.0,Vegan,Sometimes,17.9,Never,1-2,4.4494
Car,73.3,7,513.0,Non-Vegetarian,Often,18.5,Often,3-5,11.4656
Car,46.1,5,154.0,Non-Vegetarian,Rarely,2.2,Often,3-5,5.4288
Car,75.8,7,331.0,Vegan,Sometimes,9.0,Often,3-5,9.0191
Train,10.2,5,275.0,Mixed,Sometimes,13.8,Never,0,3.2631
Bus,30.8,4,52.0,Mixed,Sometimes,7.3,Often,0,1.9412
Electric Vehicle,29.9,3,290.0,Mixed,Sometimes,9.0,Never,0,3.2043
Car,11.5,3,437.0,Mixed,Often,19.7,Never,1-2,4.6988
Car,34.9,7,198.0,Non-Vegetarian,Rarely,12.7,Sometimes,1-2,5.6948
Car,46.5,6,344.0,Non-Vegetarian,Sometimes,4.0,Often,3-5,7.6038
Bus,23.0,7,355.0,Mixed,Sometimes,10.0,Often,1-2,4.2052
Motorcycle,32.8,7,286.0,Non-Vegetarian,Often,11.8,Often,0,5.2056
Train,7.7,3,123.0,Mixed,Often,7.8,Often,1-2,2.4332
Car,6.1,3,354.0,Vegan,Often,18.0,Sometimes,0,3.1275
Car,39.6,5,331.0,Mixed,Rarely,10.2,Sometimes,0,5.2285
Motorcycle,18.9,3,103.0,Non-Vegetarian,Often,11.5,Sometimes,1-2,3.2357
Train,37.8,6,196.0,Vegetarian,Sometimes,10.1,Sometimes,0,2.8213
Electric Vehicle,71.3,5,197.0,Vegetarian,Often,7.6,Sometimes,1-2,3.6761
Electric Vehicle,28.9,7,120.0,Mixed,Rarely,17.0,Sometimes,3-5,3.4848
Bicycle,1.0,5,171.0,Mixed,Sometimes,6.2,Never,0,2.4134
Electric Vehicle,25.9,6,596.0,Non-Vegetarian,Often,12.6,Often,3-5,6.7573
Bus,27.1,7,151.0,Non-Vegetarian,Sometimes,5.6,Never,1-2,3.9798
Motorcycle,75.0,5,53.0,Vegetarian,Often,18.9,Often,3-5,4.6874
Motorcycle,5.1,4,514.0,Mixed,Rarely,16.5,Never,0,4.6905
Car,71.0,5,175.0,Mixed,Often,2.0,Sometimes,0,6.256
Bus,14.6,3,53.0,Non-Vegetarian,Often,16.8,Often,3-5,3.5453
Bus,14.6,5,435.0,Non-Vegetarian,Sometimes,16.2,Sometimes,1-2,4.9471
Electric Vehicle,30.8,7,191.0,Mixed,Often,8.9,Often,6+,5.2954
Walking,4.4,3,588.0,Non-Vegetarian,Sometimes,11.2,Sometimes,3-5,6.0319
Car,16.5,7,415.0,Non-Vegetarian,Sometimes,2.3,Often,0,5.1788
Electric Vehicle,64.3,5,291.0,Non-Vegetarian,Often,5.6,Often,0,4.4242
Car,45.9,3,460.0,Non-Vegetarian,Sometimes,5.2,Often,0,5.7094
Car,45.6,4,351.0,Mixed,Sometimes,5.3,Often,3-5,5.5464
Motorcycle,15.3,3,232.0,Vegetarian,Often,18.6,Often,0,2.7063
Bus,15.4,3,250.0,Non-Vegetarian,Sometimes,4.5,Often,1-2,3.5068
Walking,1.3,5,396.0,Non-Vegetarian,Rarely,19.8,Never,0,4.2528
Electric Vehicle,79.8,6,478.0,Mixed,Rarely,19.7,Never,0,5.5358
Bicycle,0.9,7,147.0,Non-Vegetarian,Sometimes,12.8,Often,0,3.0146
Electric Vehicle,25.1,3,425.0,Mixed,Often,13.7,Never,6+,6.6992
Motorcycle,77.1,3,137.0,Non-Vegetarian,Often,18.5,Never,0,4.1728
Car,59.0,4,549.0,Non-Vegetarian,Often,14.0,Sometimes,1-2,8.3319
Bus,4.6,6,105.0,Non-Vegetarian,Rarely,3.5,Sometimes,0,2.2685
Motorcycle,60.7,5,404.0,Mixed,Sometimes,16.8,Never,6+,7.6844
Car,27.8,3,162.0,Mixed,Rarely,6.3,Never,0,3.3158
Car,8.4,7,434.0,Mixed,Rarely,11.3,Often,6+,7.3129
Car,51.2,4,578.0,Non-Vegetarian,Often,5.6,Sometimes,1-2,7.4121
Car,32.1,3,68.0,Non-Vegetarian,Sometimes,18.9,Never,0,3.1586
Electric Vehicle,46.1,3,351.0,Mixed,Sometimes,1.8,Often,0,3.5135
Bus,12.9,4,444.0,Mixed,Sometimes,11.8,Sometimes,1-2,4.7869
Car,5.2,6,302.0,Mixed,Often,7.3,Never,0,3.7407
Car,5.8,6,167.0,Non-Vegetarian,Sometimes,18.1,Never,0,3.3623
Car,19.0,7,436.0,Vegetarian,Often,6.8,Often,0,4.9447
Bicycle,0.7,2,404.0,Mixed,Often,1.9,Sometimes,1-2,4.4054
Motorcycle,24.0,3,133.0,Mixed,Rarely,8.5,Sometimes,0,2.4761
Electric Vehicle,26.1,5,577.0,Mixed,Sometimes,15.3,Often,1-2,5.6912
Electric Vehicle,69.6,3,144.0,Mixed,Often,6.9,Sometimes,0,3.0717
Electric Vehicle,36.4,4,489.0,Mixed,Rarely,8.0,Sometimes,0,4.2699
Car,49.7,3,549.0,Vegetarian,Often,17.0,Sometimes,3-5,6.869
Car,19.2,4,104.0,Mixed,Sometimes,4.2,Sometimes,6+,4.8056
Electric Vehicle,59.2,5,361.0,Non-Vegetarian,Often,10.6,Sometimes,0,4.8168
Bus,6.0,7,534.0,Non-Vegetarian,Sometimes,19.5,Never,1-2,5.459
Bicycle,6.1,4,554.0,Non-Vegetarian,Often,14.3,Often,0,5.6034
Electric Vehicle,50.6,4,330.0,Non-Vegetarian,Often,16.3,Sometimes,6+,6.7546
Car,43.5,4,447.0,Non-Vegetarian,Rarely,4.4,Sometimes,0,5.9916
Car,74.5,4,124.0,Mixed,Rarely,2.7,Sometimes,6+,6.5897
Electric Vehicle,69.5,3,86.0,Mixed,Often,12.0,Often,3-5,3.2943
Train,30.2,3,120.0,Non-Vegetarian,Often,6.3,Often,0,3.0179
Bus,16.3,4,432.0,Vegetarian,Sometimes,4.7,Often,3-5,4.4071
Bus,18.5,3,274.0,Non-Vegetarian,Rarely,19.7,Never,3-5,4.1857
Bus,20.0,6,547.0,Vegetarian,Sometimes,3.5,Never,0,4.4049
Car,49.9,6,425.0,Mixed,Often,2.4,Sometimes,3-5,8.673
Train,38.4,4,116.0,Mixed,Sometimes,17.0,Often,3-5,3.31
Car,34.0,4,133.0,Vegetarian,Often,18.8,Sometimes,0,3.7332
Electric Vehicle,77.7,6,513.0,Mixed,Sometimes,15.3,Often,0,5.808
Bicycle,7.5,2,364.0,Mixed,Sometimes,2.1,Sometimes,3-5,4.2022
Car,77.4,6,589.0,Non-Vegetarian,Sometimes,4.6,Sometimes,1-2,9.6187
Car,53.5,6,142.0,Vegetarian,Often,8.3,Sometimes,3-5,6.6774
Car,63.9,4,556.0,Mixed,Often,11.5,Sometimes,1-2,8.2938
Car,43.6,7,400.0,Mixed,Sometimes,10.4,Often,6+,8.2311
Electric Vehicle,16.1,4,448.0,Mixed,Sometimes,13.5,Sometimes,0,4.0568
Car,47.0,4,538.0,Mixed,Often,6.4,Sometimes,6+,9.1185
Motorcycle,22.7,4,193.0,Non-Vegetarian,Often,16.4,Sometimes,0,3.8032
Electric Vehicle,68.6,7,325.0,Vegan,Often,6.1,Often,3-5,4.4461
Train,21.5,6,271.0,Mixed,Sometimes,19.8,Often,6+,5.5964
Electric Vehicle,30.2,4,248.0,Non-Vegetarian,Sometimes,10.0,Often,0,3.7947
Bus,38.6,3,287.0,Mixed,Rarely,4.4,Sometimes,0,3.3779
Bicycle,0.6,4,559.0,Mixed,Often,6.8,Never,0,4.9448
Car,75.5,7,260.0,Non-Vegetarian,Sometimes,3.1,Often,0,7.9279
Electric Vehicle,25.7,4,252.0,Mixed,Often,6.0,Sometimes,6+,5.1863
Electric Vehicle,53.8,7,157.0,Mixed,Rarely,8.9,Never,3-5,4.7779
Electric Vehicle,21.0,3,299.0,Non-Vegetarian,Sometimes,9.7,Never,6+,5.8893
Train,30.0,6,567.0,Mixed,Often,3.7,Never,0,5.1791
Bus,6.4,7,204.0,Vegetarian,Sometimes,19.4,Sometimes,3-5,3.0782
Walking,2.4,7,408.0,Non-Vegetarian,Rarely,10.4,Often,0,4.1682
Train,33.2,3,430.0,Non-Vegetarian,Sometimes,15.1,Never,6+,6.5508
Motorcycle,56.1,6,154.0,Non-Vegetarian,Rarely,18.3,Often,0,4.6521
Walking,5.8,3,498.0,Mixed,Rarely,18.6,Sometimes,1-2,4.5828
Car,16.4,4,451.0,Vegetarian,Rarely,9.8,Often,0,4.1098
Motorcycle,50.3,4,582.0,Non-Vegetarian,Rarely,18.5,Often,1-2,6.4235
Electric Vehicle,73.1,4,117.0,Non-Vegetarian,Sometimes,14.5,Sometimes,0,3.4026
Electric Vehicle,7.0,4,367.0,Non-Vegetarian,Sometimes,5.7,Never,0,3.7355
Electric Vehicle,56.2,4,132.0,Vegetarian,Sometimes,16.5,Sometimes,1-2,2.667
Electric Vehicle,50.3,4,51.0,Non-Vegetarian,Sometimes,14.2,Often,3-5,3.5045
Car,37.0,7,243.0,Vegan,Sometimes,18.2,Sometimes,1-2,4.9946
Bus,17.4,6,483.0,Vegetarian,Sometimes,4.0,Often,0,4.4319
Car,12.5,7,172.0,Mixed,Sometimes,13.0,Never,0,3.61
Electric Vehicle,55.0,6,558.0,Mixed,Sometimes,5.9,Sometimes,0,5.304
Car,78.5,4,590.0,Mixed,Rarely,4.1,Often,0,7.8276
Car,50.6,5,598.0,Non-Vegetarian,Often,17.3,Sometimes,3-5,8.7112
Electric Vehicle,18.4,5,273.0,Non-Vegetarian,Often,12.7,Often,0,3.752
Train,36.3,4,508.0,Non-Vegetarian,Sometimes,17.4,Sometimes,3-5,6.0247
Motorcycle,64.5,5,107.0,Non-Vegetarian,Sometimes,7.0,Often,6+,6.3661
Walking,5.4,4,132.0,Mixed,Rarely,15.7,Never,1-2,2.4747
Motorcycle,47.8,6,411.0,Non-Vegetarian,Sometimes,6.3,Sometimes,0,5.8376
Car,10.5,4,565.0,Non-Vegetarian,Sometimes,9.1,Often,0,4.8994
Car,37.1,3,363.0,Non-Vegetarian,Sometimes,8.1,Often,1-2,4.9988
Bus,21.4,4,83.0,Mixed,Often,1.3,Never,6+,4.4555
Electric Vehicle,42.2,4,451.0,Vegetarian,Sometimes,18.9,Sometimes,3-5,4.9704
Motorcycle,76.0,6,305.0,Non-Vegetarian,Sometimes,1.7,Often,1-2,6.691
Electric Vehicle,22.3,7,592.0,Vegetarian,Sometimes,8.4,Often,1-2,5.1838
Car,48.3,7,344.0,Non-Vegetarian,Sometimes,7.7,Often,6+,9.7832
Electric Vehicle,57.4,5,162.0,Non-Vegetarian,Sometimes,8.3,Sometimes,0,3.4773
Bus,29.8,7,400.0,Vegetarian,Rarely,1.9,Never,0,4.3896
Bus,17.0,5,360.0,Non-Vegetarian,Often,10.1,Often,0,4.316
Motorcycle,47.1,6,218.0,Non-Vegetarian,Often,10.4,Sometimes,1-2,5.1751
Electric Vehicle,36.5,4,262.0,Non-Vegetarian,Sometimes,1.6,Often,0,3.6646
Motorcycle,31.5,4,309.0,Vegan,Sometimes,19.5,Sometimes,1-2,3.9278
Car,52.6,5,126.0,Non-Vegetarian,Sometimes,4.9,Often,1-2,5.2909
Bicycle,1.8,4,111.0,Non-Vegetarian,Sometimes,13.8,Sometimes,0,2.7013
Car,44.3,7,512.0,Mixed,Sometimes,7.6,Sometimes,1-2,7.8709
Car,77.9,5,531.0,Mixed,Sometimes,5.2,Often,3-5,9.133
Car,47.7,7,374.0,Mixed,Sometimes,14.4,Often,0,6.6661
Bus,11.4,5,532.0,Non-Vegetarian,Sometimes,13.8,Often,1-2,5.5011
Car,36.5,7,448.0,Mixed,Sometimes,11.9,Often,1-2,6.8938
Electric Vehicle,48.7,5,105.0,Vegetarian,Often,20.0,Often,1-2,2.9414
Electric Vehicle,62.1,6,230.0,Mixed,Sometimes,4.7,Often,3-5,4.5005
Motorcycle,40.4,7,123.0,Mixed,Rarely,1.2,Sometimes,1-2,3.9142
Car,59.3,4,362.0,Mixed,Rarely,15.0,Sometimes,0,5.6585
Car,60.0,6,233.0,Non-Vegetarian,Sometimes,14.4,Sometimes,0,6.6321
Bus,3.1,6,584.0,Vegetarian,Sometimes,5.1,Never,3-5,5.5392
Bus,10.0,5,268.0,Non-Vegetarian,Rarely,18.8,Sometimes,0,3.7849
Car,35.6,4,68.0,Non-Vegetarian,Sometimes,6.6,Sometimes,0,4.005
Car,27.6,6,443.0,Non-Vegetarian,Sometimes,13.8,Often,3-5,6.7293
Bus,36.4,5,441.0,Mixed,Sometimes,6.3,Often,6+,6.7933
Car,65.4,3,406.0,Mixed,Sometimes,6.4,Sometimes,0,5.887
Car,16.6,7,487.0,Mixed,Often,4.1,Often,1-2,5.8456
Car,34.3,4,297.0,Non-Vegetarian,Often,18.5,Never,0,5.4239
Walking,0.6,2,124.0,Non-Vegetarian,Often,5.1,Often,0,2.8028
Car,24.0,6,293.0,Mixed,Rarely,18.1,Often,0,4.6103
Motorcycle,63.2,7,385.0,Mixed,Sometimes,18.1,Never,0,6.2421
Motorcycle,9.2,4,551.0,Mixed,Sometimes,5.9,Sometimes,0,4.8505
Electric Vehicle,14.9,4,347.0,Non-Vegetarian,Often,16.2,Often,3-5,5.5424
Electric Vehicle,6.2,6,445.0,Mixed,Sometimes,3.5,Never,0,3.6458
Motorcycle,67.3,7,304.0,Mixed,Rarely,18.4,Often,1-2,6.3955
Car,24.5,3,392.0,Mixed,Often,4.5,Sometimes,0,4.5102
Electric Vehicle,38.1,6,396.0,Non-Vegetarian,Often,2.2,Never,1-2,5.0897
Walking,4.9,7,239.0,Non-Vegetarian,Sometimes,14.5,Often,3-5,4.0914
Car,19.1,7,473.0,Vegetarian,Rarely,3.5,Never,0,5.0806
Bus,38.7,3,180.0,Non-Vegetarian,Sometimes,8.9,Often,1-2,3.49
Electric Vehicle,39.1,3,525.0,Non-Vegetarian,Sometimes,16.2,Often,1-2,4.972
Motorcycle,49.1,7,389.0,Non-Vegetarian,Rarely,7.0,Often,3-5,6.4046
Car,41.9,6,462.0,Non-Vegetarian,Sometimes,4.5,Never,3-5,7.7194
Car,13.5,4,257.0,Non-Vegetarian,Often,12.2,Often,3-5,5.0104
Bicycle,5.7,3,161.0,Non-Vegetarian,Sometimes,17.7,Often,0,2.9356
Electric Vehicle,42.4,7,369.0,Non-Vegetarian,Sometimes,1.4,Never,3-5,5.209
Bus,15.9,7,471.0,Non-Vegetarian,Often,9.5,Sometimes,3-5,6.0226
Car,37.0,4,138.0,Mixed,Sometimes,8.9,Sometimes,1-2,3.8131
Car,73.4,7,134.0,Non-Vegetarian,Often,7.6,Never,3-5,8.8861
Car,54.1,7,449.0,Vegetarian,Sometimes,3.2,Sometimes,3-5,8.426
Car,49.4,5,467.0,Mixed,Sometimes,9.3,Sometimes,3-5,7.1959
Car,35.6,7,447.0,Non-Vegetarian,Often,1.8,Sometimes,0,7.0863
Train,23.4,3,157.0,Mixed,Sometimes,11.2,Often,0,2.6164
Bus,34.5,4,437.0,Vegetarian,Often,2.6,Often,0,4.4792
Motorcycle,27.2,3,441.0,Non-Vegetarian,Often,11.3,Sometimes,6+,6.6965
Car,5.6,7,110.0,Non-Vegetarian,Sometimes,2.1,Sometimes,0,2.9348
Car,64.6,4,364.0,Non-Vegetarian,Often,9.4,Sometimes,0,7.3653
Car,29.5,6,401.0,Non-Vegetarian,Often,15.2,Often,0,6.1385
Car,18.5,7,128.0,Mixed,Often,4.4,Never,0,3.7353
Bicycle,0.8,3,386.0,Non-Vegetarian,Often,3.1,Often,6+,6.6335
Electric Vehicle,69.9,3,309.0,Non-Vegetarian,Rarely,15.4,Sometimes,1-2,4.2769
Train,24.3,7,103.0,Vegetarian,Sometimes,3.1,Sometimes,0,1.926
Car,56.6,4,438.0,Vegetarian,Sometimes,4.7,Never,0,5.5654
Bus,10.0,3,52.0,Non-Vegetarian,Sometimes,4.4,Sometimes,1-2,2.502
Electric Vehicle,46.5,4,559.0,Mixed,Sometimes,13.5,Sometimes,1-2,5.9438
Car,34.9,6,140.0,Non-Vegetarian,Sometimes,5.6,Sometimes,3-5,5.633
Electric Vehicle,50.7,6,420.0,Mixed,Sometimes,16.5,Sometimes,3-5,5.5956
Bus,26.5,7,552.0,Mixed,Often,4.4,Sometimes,0,5.0254
Car,78.0,4,135.0,Non-Vegetarian,Rarely,18.1,Often,0,5.4143
Train,34.4,4,242.0,Vegetarian,Sometimes,14.8,Never,1-2,3.0948
Electric Vehicle,6.5,6,321.0,Vegetarian,Rarely,15.4,Often,3-5,3.3939
Car,52.6,7,337.0,Mixed,Often,5.7,Never,0,6.5885
Car,73.9,3,244.0,Non-Vegetarian,Sometimes,11.1,Sometimes,1-2,5.3218
Car,42.3,3,595.0,Mixed,Rarely,8.4,Sometimes,6+,7.6749
Car,70.2,7,506.0,Vegetarian,Sometimes,6.9,Sometimes,1-2,9.3393
Electric Vehicle,30.8,4,381.0,Non-Vegetarian,Sometimes,1.2,Sometimes,0,4.5101
Car,25.1,6,128.0,Non-Vegetarian,Sometimes,19.8,Sometimes,3-5,5.4506
Bus,17.7,3,359.0,Non-Vegetarian,Sometimes,6.8,Often,0,3.9325
Bus,18.0,3,574.0,Vegetarian,Sometimes,10.6,Sometimes,1-2,5.1734
Car,67.9,7,569.0,Non-Vegetarian,Sometimes,12.0,Often,0,9.2206
Bus,12.8,5,55.0,Non-Vegetarian,Sometimes,10.8,Sometimes,0,2.697
Electric Vehicle,13.9,3,140.0,Vegetarian,Sometimes,8.5,Sometimes,1-2,2.4264
Car,45.1,5,247.0,Vegetarian,Sometimes,11.6,Sometimes,1-2,5.2163
Electric Vehicle,65.3,5,315.0,Non-Vegetarian,Sometimes,5.5,Sometimes,1-2,4.9488
Car,31.1,4,58.0,Mixed,Sometimes,8.0,Never,0,2.8606
Car,30.9,6,468.0,Non-Vegetarian,Sometimes,17.5,Sometimes,1-2,7.699
Motorcycle,27.0,7,194.0,Non-Vegetarian,Often,19.6,Often,3-5,5.3361
Car,38.7,3,326.0,Non-Vegetarian,Sometimes,1.4,Never,1-2,4.6954
Car,13.5,4,285.0,Mixed,Rarely,5.4,Often,0,3.5288
Electric Vehicle,14.9,7,566.0,Non-Vegetarian,Sometimes,7.5,Sometimes,6+,6.6938
Car,75.5,6,128.0,Mixed,Rarely,18.3,Often,1-2,7.3595
Bus,14.7,6,472.0,Vegetarian,Often,3.4,Never,0,4.5864
Car,64.5,5,324.0,Non-Vegetarian,Sometimes,11.3,Often,0,6.7063
Train,25.2,5,144.0,Mixed,Often,11.2,Sometimes,1-2,3.1513
Car,31.1,3,141.0,Mixed,Often,2.1,Often,0,3.3669
Train,38.0,3,561.0,Mixed,Sometimes,15.8,Never,6+,6.7415
Car,53.2,4,390.0,Non-Vegetarian,Sometimes,7.1,Sometimes,0,6.1969
Train,9.3,5,127.0,Mixed,Rarely,3.2,Sometimes,1-2,2.1971
Car,73.7,7,518.0,Vegan,Sometimes,2.8,Sometimes,0,8.442
Bus,31.3,4,246.0,Vegetarian,Sometimes,11.0,Often,3-5,4.084
Bus,16.2,5,436.0,Mixed,Sometimes,5.9,Often,1-2,4.7789
Car,22.4,7,344.0,Non-Vegetarian,Rarely,5.1,Never,3-5,5.8559
Train,37.0,4,285.0,Vegan,Sometimes,11.2,Never,6+,4.6211
Car,64.6,6,349.0,Vegetarian,Sometimes,11.5,Never,1-2,7.2357
Bicycle,3.6,7,167.0,Non-Vegetarian,Sometimes,16.4,Often,0,2.9325
Bus,34.9,5,284.0,Non-Vegetarian,Sometimes,17.5,Sometimes,3-5,5.0486
Car,65.7,7,563.0,Mixed,Sometimes,16.5,Never,1-2,9.9478
Car,33.2,6,194.0,Mixed,Rarely,12.2,Sometimes,0,4.5714
Train,15.6,4,368.0,Non-Vegetarian,Sometimes,18.7,Often,0,4.1693
Bicycle,4.6,5,415.0,Non-Vegetarian,Sometimes,13.4,Sometimes,3-5,4.772
Train,37.7,7,448.0,Non-Vegetarian,Sometimes,11.7,Often,3-5,5.6049
Electric Vehicle,29.6,7,242.0,Non-Vegetarian,Often,15.1,Often,0,4.3268
Train,30.1,7,413.0,Non-Vegetarian,Sometimes,2.4,Never,1-2,4.9509
Car,50.6,6,544.0,Non-Vegetarian,Often,15.3,Sometimes,6+,10.4331
Car,24.9,4,284.0,Mixed,Rarely,19.9,Often,0,4.2218
Car,21.3,3,165.0,Non-Vegetarian,Often,17.1,Never,0,4.0789
Bus,22.9,5,570.0,Non-Vegetarian,Rarely,16.6,Often,1-2,6.6731
Electric Vehicle,77.5,7,397.0,Vegetarian,Rarely,9.9,Never,0,4.5895
Motorcycle,20.6,5,99.0,Mixed,Sometimes,10.6,Often,3-5,3.292
Bus,30.7,5,157.0,Non-Vegetarian,Rarely,15.1,Never,0,3.5694
Electric Vehicle,44.9,7,592.0,Non-Vegetarian,Sometimes,7.0,Never,3-5,6.8474
Car,9.4,7,230.0,Non-Vegetarian,Rarely,10.5,Never,0,3.8653
Car,39.6,6,88.0,Non-Vegetarian,Sometimes,16.0,Sometimes,0,4.9351
Motorcycle,73.6,3,169.0,Non-Vegetarian,Sometimes,8.6,Sometimes,0,4.1502
Car,30.0,5,586.0,Mixed,Often,9.2,Sometimes,6+,8.4328
Bus,12.1,5,523.0,Mixed,Sometimes,10.3,Never,0,4.9345
Car,34.5,7,73.0,Vegetarian,Sometimes,5.6,Sometimes,1-2,4.0206
Electric Vehicle,45.9,6,598.0,Non-Vegetarian,Sometimes,7.5,Sometimes,0,6.4883
Car,66.3,6,92.0,Mixed,Sometimes,14.2,Often,0,6.2486
Electric Vehicle,30.1,5,275.0,Non-Vegetarian,Often,19.3,Never,1-2,4.6509
Electric Vehicle,5.6,4,318.0,Non-Vegetarian,Rarely,17.3,Often,0,3.6008
Car,25.3,3,341.0,Non-Vegetarian,Sometimes,16.1,Often,1-2,4.7952
Bus,12.6,7,395.0,Non-Vegetarian,Rarely,4.3,Sometimes,3-5,5.0253
Car,51.0,6,471.0,Mixed,Often,7.7,Often,0,7.5616
Bicycle,3.9,5,118.0,Non-Vegetarian,Rarely,13.2,Sometimes,1-2,2.6045
Bus,7.4,3,467.0,Mixed,Often,15.7,Often,0,4.4854
Bus,22.3,3,329.0,Non-Vegetarian,Sometimes,13.4,Sometimes,1-2,4.5662
Bicycle,2.1,4,469.0,Non-Vegetarian,Often,2.8,Often,1-2,4.912
Electric Vehicle,19.5,6,583.0,Vegetarian,Rarely,3.5,Sometimes,0,4.4467
Car,24.6,4,524.0,Non-Vegetarian,Rarely,1.7,Often,1-2,5.9233
Car,6.5,6,429.0,Mixed,Sometimes,11.7,Never,0,4.5698
Walking,6.8,7,91.0,Non-Vegetarian,Sometimes,6.9,Often,6+,4.4154
Electric Vehicle,7.1,7,311.0,Mixed,Often,17.4,Sometimes,0,3.9297
Car,10.9,6,513.0,Mixed,Rarely,1.3,Often,1-2,4.9426
Car,45.0,7,78.0,Vegetarian,Sometimes,9.2,Often,0,4.4835
Bus,8.5,6,297.0,Non-Vegetarian,Rarely,18.7,Often,0,3.5548
Motorcycle,65.2,4,89.0,Non-Vegetarian,Sometimes,11.3,Never,0,4.3412
Bus,14.6,3,103.0,Non-Vegetarian,Sometimes,16.2,Often,0,2.5362
Car,61.4,3,410.0,Vegetarian,Rarely,4.9,Often,1-2,5.3878
Bicycle,4.0,2,410.0,Non-Vegetarian,Rarely,1.5,Often,0,4.182
Bicycle,6.4,5,111.0,Vegetarian,Often,19.3,Sometimes,0,2.0043
Car,23.4,3,591.0,Vegetarian,Sometimes,6.7,Often,6+,7.2824
Car,34.8,4,238.0,Non-Vegetarian,Sometimes,15.4,Never,3-5,5.7917
Electric Vehicle,59.8,7,199.0,Mixed,Sometimes,17.0,Often,0,4.0914
Motorcycle,51.9,5,102.0,Mixed,Sometimes,2.5,Sometimes,3-5,4.2496
Bicycle,0.7,7,124.0,Mixed,Often,7.8,Sometimes,0,2.4745
Bus,7.1,7,370.0,Mixed,Rarely,9.2,Often,6+,5.6801
Bicycle,6.0,6,537.0,Non-Vegetarian,Sometimes,16.0,Often,1-2,5.0595
Motorcycle,9.4,3,325.0,Non-Vegetarian,Sometimes,1.4,Often,1-2,4.052
Train,39.1,7,110.0,Vegan,Sometimes,17.1,Never,1-2,2.5381
Bicycle,6.2,3,266.0,Mixed,Sometimes,16.8,Often,6+,5.1039
Car,25.2,6,199.0,Mixed,Rarely,4.0,Sometimes,6+,5.6925
Car,58.6,3,142.0,Mixed,Rarely,14.8,Often,3-5,4.7771
Electric Vehicle,31.9,5,51.0,Non-Vegetarian,Sometimes,2.2,Never,1-2,2.7385
Bicycle,3.5,3,377.0,Non-Vegetarian,Rarely,10.9,Often,1-2,4.2396
Car,23.9,6,489.0,Vegan,Often,17.2,Sometimes,3-5,5.6366
Car,42.1,6,458.0,Non-Vegetarian,Sometimes,15.7,Often,3-5,7.2677
Train,17.4,7,487.0,Non-Vegetarian,Sometimes,17.0,Never,3-5,6.151
Electric Vehicle,34.1,3,78.0,Mixed,Often,19.5,Sometimes,1-2,2.8343
Car,13.9,3,448.0,Non-Vegetarian,Sometimes,18.7,Sometimes,0,5.3211
Train,28.7,5,326.0,Mixed,Often,6.9,Often,0,3.9099
Car,68.6,3,88.0,Non-Vegetarian,Often,6.3,Sometimes,1-2,4.7394
Train,13.5,5,525.0,Non-Vegetarian,Rarely,2.0,Never,0,4.9145
Electric Vehicle,59.1,4,438.0,Non-Vegetarian,Rarely,10.6,Often,1-2,4.7259
Walking,7.8,3,579.0,Non-Vegetarian,Rarely,7.6,Often,1-2,5.1499
Bicycle,7.3,5,175.0,Mixed,Sometimes,4.7,Sometimes,6+,4.5149
Car,27.1,4,391.0,Mixed,Sometimes,3.7,Often,0,5.4172
Car,36.4,3,396.0,Mixed,Often,7.6,Never,1-2,5.458
Car,39.8,4,170.0,Non-Vegetarian,Sometimes,2.0,Never,0,4.2439
Car,11.5,3,448.0,Mixed,Rarely,19.7,Never,3-5,5.5811
Motorcycle,14.4,5,571.0,Mixed,Rarely,15.0,Sometimes,0,5.0175
Electric Vehicle,62.9,5,222.0,Mixed,Often,6.8,Never,0,3.3364
Electric Vehicle,27.5,3,109.0,Vegetarian,Sometimes,8.0,Often,3-5,2.7451
Electric Vehicle,77.3,5,320.0,Vegetarian,Sometimes,11.6,Sometimes,1-2,4.1559
Electric Vehicle,61.8,4,504.0,Non-Vegetarian,Rarely,9.6,Never,0,5.4208
Motorcycle,65.7,5,563.0,Mixed,Often,17.3,Sometimes,0,7.6847
Electric Vehicle,35.7,7,293.0,Mixed,Sometimes,12.8,Sometimes,3-5,4.4452
Train,24.4,4,249.0,Vegan,Often,3.1,Sometimes,1-2,2.5168
Car,22.6,5,496.0,Non-Vegetarian,Sometimes,9.0,Often,0,5.7979
Car,13.3,3,235.0,Non-Vegetarian,Often,12.5,Often,0,3.9257
Car,35.0,5,491.0,Non-Vegetarian,Rarely,3.4,Often,1-2,6.9286
Walking,4.6,2,342.0,Non-Vegetarian,Rarely,13.7,Sometimes,0,3.6006
Bus,35.0,4,448.0,Non-Vegetarian,Sometimes,16.2,Sometimes,6+,6.7
Motorcycle,70.0,3,241.0,Vegetarian,Rarely,1.8,Never,3-5,4.1185
Bicycle,1.1,7,153.0,Mixed,Rarely,8.6,Sometimes,3-5,3.0306
Bus,3.2,4,323.0,Vegetarian,Sometimes,17.6,Sometimes,6+,5.176
Bicycle,1.3,5,353.0,Non-Vegetarian,Sometimes,19.2,Never,3-5,5.0465
Car,6.0,5,555.0,Non-Vegetarian,Rarely,3.0,Often,3-5,5.508
Train,18.4,3,537.0,Mixed,Often,4.0,Often,0,4.6304
Bicycle,7.8,2,447.0,Non-Vegetarian,Sometimes,6.4,Often,1-2,4.1259
Electric Vehicle,52.2,3,163.0,Non-Vegetarian,Sometimes,11.1,Often,0,3.1568
Electric Vehicle,46.9,6,337.0,Vegan,Rarely,9.9,Often,3-5,3.6288
Car,7.1,7,111.0,Non-Vegetarian,Often,3.9,Often,1-2,3.5533
Electric Vehicle,49.1,6,188.0,Non-Vegetarian,Rarely,4.8,Sometimes,0,3.3342
Electric Vehicle,72.5,3,150.0,Non-Vegetarian,Rarely,14.7,Sometimes,3-5,4.0891
Bus,38.9,3,58.0,Non-Vegetarian,Sometimes,6.6,Often,0,2.9537
Car,66.8,6,372.0,Mixed,Sometimes,13.7,Sometimes,0,6.994
Bus,17.7,6,61.0,Mixed,Sometimes,7.8,Sometimes,1-2,2.592
Electric Vehicle,32.4,4,99.0,Vegetarian,Rarely,8.7,Sometimes,0,2.0861
Car,41.0,3,170.0,Non-Vegetarian,Often,19.1,Often,3-5,5.3547
Electric Vehicle,57.7,3,391.0,Mixed,Sometimes,6.5,Often,1-2,4.2613
Car,5.8,3,456.0,Non-Vegetarian,Often,16.5,Sometimes,0,5.2826
Car,40.7,5,470.0,Mixed,Often,14.3,Sometimes,3-5,7.5792
Car,70.1,7,524.0,Non-Vegetarian,Sometimes,2.8,Sometimes,3-5,10.6958
Bus,12.6,4,320.0,Mixed,Sometimes,9.1,Often,0,3.4006
Car,30.3,3,125.0,Mixed,Often,18.2,Sometimes,0,3.5518
Bus,21.7,5,249.0,Vegetarian,Often,13.2,Often,3-5,4.1587
Bus,11.4,6,60.0,Non-Vegetarian,Sometimes,15.4,Often,0,2.5452
Bus,4.4,3,293.0,Vegan,Sometimes,16.7,Sometimes,0,2.8875
Walking,6.2,5,342.0,Non-Vegetarian,Sometimes,13.6,Never,0,3.7727
Bus,31.7,6,213.0,Vegetarian,Sometimes,17.1,Often,1-2,3.9934
Motorcycle,17.1,4,233.0,Mixed,Sometimes,11.0,Often,3-5,4.0156
Car,8.4,6,286.0,Vegetarian,Sometimes,18.0,Often,0,3.4485
Electric Vehicle,69.5,4,569.0,Non-Vegetarian,Sometimes,18.5,Sometimes,1-2,6.2174
Electric Vehicle,37.3,7,510.0,Non-Vegetarian,Sometimes,13.8,Never,0,5.7999
Electric Vehicle,44.2,6,375.0,Non-Vegetarian,Rarely,7.4,Sometimes,0,4.9426
Bicycle,7.6,6,475.0,Non-Vegetarian,Sometimes,15.1,Often,0,4.6192
Electric Vehicle,37.2,5,477.0,Non-Vegetarian,Sometimes,15.0,Sometimes,0,4.8774
Bus,29.3,5,190.0,Non-Vegetarian,Rarely,14.4,Never,3-5,4.5258
Bus,8.4,4,312.0,Mixed,Sometimes,3.5,Often,0,3.2656
Train,20.8,3,469.0,Mixed,Often,13.4,Sometimes,1-2,4.713
Electric Vehicle,13.0,4,81.0,Non-Vegetarian,Sometimes,11.3,Never,0,2.4375
Car,33.1,3,510.0,Mixed,Rarely,12.1,Often,0,5.1147
Electric Vehicle,61.0,7,487.0,Vegan,Often,17.9,Never,0,5.035
Motorcycle,6.9,3,298.0,Mixed,Often,18.5,Often,0,3.6228
Electric Vehicle,38.4,3,538.0,Non-Vegetarian,Often,6.5,Never,0,5.6839
Electric Vehicle,33.3,4,519.0,Mixed,Sometimes,11.7,Often,1-2,4.8898
Car,46.6,7,172.0,Non-Vegetarian,Sometimes,15.4,Sometimes,0,6.5538
Train,39.5,5,110.0,Non-Vegetarian,Sometimes,5.3,Sometimes,0,2.6586
Bicycle,1.9,2,138.0,Non-Vegetarian,Often,5.2,Often,0,2.9316
Car,67.3,6,299.0,Non-Vegetarian,Often,9.6,Never,1-2,7.5203
Motorcycle,20.4,6,196.0,Mixed,Sometimes,1.4,Often,1-2,3.2664
Car,61.1,5,464.0,Mixed,Rarely,1.8,Never,3-5,7.569
Car,77.0,4,377.0,Vegetarian,Often,18.2,Often,6+,8.7731
Car,24.4,7,553.0,Non-Vegetarian,Rarely,4.0,Often,0,6.2791
Car,76.8,4,247.0,Vegan,Often,18.2,Often,0,5.5631
Electric Vehicle,22.0,5,206.0,Mixed,Sometimes,1.6,Often,1-2,3.0358
Electric Vehicle,65.6,5,432.0,Non-Vegetarian,Rarely,15.7,Never,0,5.4604
Car,37.0,3,497.0,Vegan,Sometimes,15.1,Often,0,4.5454
Car,77.4,5,464.0,Vegetarian,Often,2.1,Often,3-5,7.6522
Train,25.7,3,115.0,Non-Vegetarian,Sometimes,4.8,Sometimes,0,2.7657
Motorcycle,17.0,3,261.0,Non-Vegetarian,Often,13.2,Sometimes,6+,5.5996
Car,14.9,6,295.0,Mixed,Rarely,8.1,Often,0,4.3205
Motorcycle,76.3,6,225.0,Non-Vegetarian,Sometimes,18.4,Sometimes,0,6.4202
Electric Vehicle,36.9,6,495.0,Non-Vegetarian,Rarely,12.3,Often,3-5,5.6168
Electric Vehicle,28.7,4,199.0,Vegetarian,Sometimes,2.2,Often,3-5,3.0457
Car,59.0,4,105.0,Non-Vegetarian,Sometimes,13.7,Never,3-5,5.9603
Bus,24.9,4,194.0,Non-Vegetarian,Rarely,14.2,Sometimes,0,3.6133
Car,66.4,5,435.0,Non-Vegetarian,Rarely,4.4,Often,0,7.3018
Walking,4.1,2,287.0,Non-Vegetarian,Often,4.8,Sometimes,0,3.8905
Bus,16.1,5,530.0,Mixed,Rarely,9.9,Sometimes,0,5.0704
Bus,5.1,7,233.0,Non-Vegetarian,Often,15.0,Sometimes,3-5,3.9956
Car,37.8,6,124.0,Mixed,Rarely,10.7,Sometimes,0,4.1994
Train,9.2,5,558.0,Mixed,Sometimes,7.1,Sometimes,3-5,5.1828
Car,70.2,3,465.0,Non-Vegetarian,Sometimes,16.1,Often,1-2,7.1891
Bicycle,7.9,5,145.0,Non-Vegetarian,Sometimes,5.8,Never,0,2.7257
Car,74.2,3,208.0,Non-Vegetarian,Sometimes,16.0,Often,1-2,5.4294
Motorcycle,67.4,6,72.0,Non-Vegetarian,Rarely,18.5,Often,3-5,5.6381
Bus,9.8,6,510.0,Non-Vegetarian,Rarely,5.4,Never,3-5,5.7443
Car,21.5,5,470.0,Non-Vegetarian,Rarely,4.0,Often,0,5.514
Electric Vehicle,57.1,6,581.0,Mixed,Rarely,10.2,Never,0,5.6283
Motorcycle,74.3,6,507.0,Vegetarian,Often,17.5,Sometimes,0,6.1209
Car,47.9,4,305.0,Vegetarian,Sometimes,9.4,Sometimes,0,4.6445
Car,13.3,4,483.0,Vegetarian,Sometimes,16.1,Sometimes,3-5,5.4644
Electric Vehicle,58.7,6,242.0,Mixed,Sometimes,18.4,Never,0,4.0905
Bus,36.1,7,249.0,Mixed,Often,15.3,Sometimes,1-2,4.8837
Car,78.1,5,534.0,Mixed,Sometimes,17.3,Never,1-2,8.3526
Car,11.5,6,391.0,Non-Vegetarian,Rarely,14.2,Never,0,4.5739
Car,25.0,6,143.0,Non-Vegetarian,Sometimes,7.4,Never,3-5,4.8555
Bus,19.6,3,141.0,Mixed,Often,8.0,Sometimes,3-5,3.7153
Car,56.6,4,159.0,Non-Vegetarian,Sometimes,2.2,Never,6+,7.2597
Train,11.4,5,394.0,Non-Vegetarian,Sometimes,6.1,Never,3-5,5.0002
Train,33.9,3,370.0,Non-Vegetarian,Sometimes,6.0,Sometimes,0,4.4672
Electric Vehicle,52.6,3,211.0,Non-Vegetarian,Often,10.9,Sometimes,1-2,3.9806
Bus,19.7,5,533.0,Non-Vegetarian,Sometimes,9.9,Often,0,5.5215
Car,46.5,3,252.0,Non-Vegetarian,Sometimes,10.9,Often,3-5,4.8441
Car,40.7,4,367.0,Vegetarian,Often,6.9,Never,1-2,4.9596
Electric Vehicle,47.2,3,210.0,Non-Vegetarian,Sometimes,17.8,Never,3-5,4.5235
Car,36.9,7,185.0,Vegan,Sometimes,9.4,Sometimes,3-5,5.3599
Bus,32.3,3,351.0,Vegetarian,Sometimes,9.0,Often,1-2,3.6203
Car,6.2,7,299.0,Non-Vegetarian,Sometimes,5.1,Often,1-2,4.0776
Walking,0.9,5,463.0,Non-Vegetarian,Sometimes,13.9,Never,1-2,4.5961
Bicycle,7.9,2,458.0,Non-Vegetarian,Often,7.1,Never,1-2,4.7522
Car,15.4,3,432.0,Vegetarian,Sometimes,11.7,Often,3-5,4.4959
Bicycle,0.7,5,163.0,Mixed,Often,8.6,Never,6+,4.646
Train,35.5,6,155.0,Mixed,Sometimes,15.6,Sometimes,1-2,3.0313
Bus,8.9,3,359.0,Non-Vegetarian,Sometimes,17.8,Sometimes,3-5,4.6932
Bus,19.9,3,344.0,Mixed,Sometimes,6.0,Sometimes,0,3.9663
Train,28.4,4,585.0,Vegetarian,Often,19.2,Sometimes,6+,7.1007
Train,3.7,5,247.0,Non-Vegetarian,Often,9.5,Often,1-2,4.017
Bus,10.0,5,192.0,Non-Vegetarian,Rarely,20.0,Sometimes,6+,5.3599
Bicycle,2.6,3,496.0,Non-Vegetarian,Often,14.2,Often,0,5.0323
Bus,34.8,3,263.0,Non-Vegetarian,Sometimes,13.6,Often,0,3.8088
Train,24.5,3,107.0,Non-Vegetarian,Sometimes,15.7,Often,1-2,3.0696
Car,5.1,6,476.0,Vegetarian,Rarely,12.4,Never,1-2,4.2147
Car,71.0,4,67.0,Non-Vegetarian,Rarely,13.2,Often,3-5,5.3933
Bus,25.2,6,353.0,Non-Vegetarian,Often,16.8,Often,0,5.1055
Electric Vehicle,54.5,3,302.0,Non-Vegetarian,Sometimes,19.4,Often,0,3.9483
Car,36.4,3,283.0,Non-Vegetarian,Rarely,12.4,Often,3-5,4.8549
Car,40.4,6,123.0,Non-Vegetarian,Sometimes,17.0,Sometimes,0,5.559
Car,74.2,4,420.0,Mixed,Sometimes,5.1,Often,0,6.9213
Train,26.8,5,599.0,Non-Vegetarian,Often,18.1,Never,0,6.156
Electric Vehicle,15.7,4,412.0,Non-Vegetarian,Sometimes,1.4,Never,6+,5.6873
Electric Vehicle,39.4,4,55.0,Non-Vegetarian,Sometimes,9.6,Often,6+,4.8652
Train,19.6,4,555.0,Non-Vegetarian,Sometimes,3.5,Often,1-2,5.4331
Car,31.6,6,191.0,Mixed,Sometimes,16.5,Often,3-5,5.2378
Car,35.0,5,512.0,Mixed,Sometimes,3.3,Often,1-2,6.3143
Electric Vehicle,23.7,5,202.0,Mixed,Sometimes,20.0,Often,0,3.1879
Bus,31.7,7,274.0,Non-Vegetarian,Rarely,12.0,Sometimes,1-2,4.7522
Electric Vehicle,71.6,4,124.0,Vegetarian,Sometimes,12.5,Sometimes,0,2.4844
Car,36.3,3,582.0,Mixed,Sometimes,8.8,Never,0,6.153
Train,24.8,7,412.0,Vegetarian,Often,12.5,Often,1-2,4.2318
Bicycle,7.0,5,356.0,Non-Vegetarian,Sometimes,12.6,Sometimes,3-5,5.1098
Car,14.1,5,339.0,Vegan,Often,16.3,Often,3-5,4.4371
Bus,10.0,7,97.0,Mixed,Sometimes,1.6,Often,0,2.2689
Car,78.4,6,561.0,Vegetarian,Sometimes,15.2,Never,3-5,9.8989
Electric Vehicle,70.3,7,89.0,Non-Vegetarian,Rarely,10.8,Sometimes,0,3.3393
Electric Vehicle,68.3,6,123.0,Non-Vegetarian,Sometimes,13.2,Often,0,3.8766
Electric Vehicle,15.2,3,231.0,Mixed,Sometimes,2.1,Never,0,3.0041
Car,47.8,6,596.0,Non-Vegetarian,Often,2.9,Often,1-2,8.4269
Electric Vehicle,75.5,7,557.0,Mixed,Rarely,19.8,Sometimes,1-2,6.3232
Electric Vehicle,11.4,5,185.0,Mixed,Sometimes,8.8,Never,1-2,2.6183
Car,62.3,5,517.0,Vegan,Sometimes,18.8,Sometimes,0,6.5997
Car,21.9,3,411.0,Non-Vegetarian,Sometimes,17.2,Never,0,4.976
Car,42.2,5,84.0,Non-Vegetarian,Often,15.5,Never,0,5.0386
Bicycle,6.7,7,510.0,Non-Vegetarian,Rarely,4.8,Sometimes,0,4.7152
Car,27.0,5,201.0,Non-Vegetarian,Sometimes,1.0,Sometimes,1-2,4.5101
Bus,38.5,6,526.0,Mixed,Sometimes,2.2,Often,0,5.6394
Car,61.8,3,483.0,Non-Vegetarian,Often,14.1,Often,6+,8.4378
Car,57.1,4,525.0,Non-Vegetarian,Rarely,7.7,Never,0,6.895
Walking,4.3,4,240.0,Mixed,Sometimes,16.3,Sometimes,3-5,3.6912
Car,58.9,7,266.0,Non-Vegetarian,Sometimes,3.2,Sometimes,1-2,7.6572
Car,49.1,3,444.0,Non-Vegetarian,Sometimes,11.3,Often,6+,7.8223
Car,74.2,7,132.0,Vegetarian,Sometimes,13.9,Sometimes,0,7.5592
Bicycle,2.3,4,553.0,Non-Vegetarian,Sometimes,19.0,Often,1-2,5.8851
Car,38.4,7,57.0,Non-Vegetarian,Rarely,14.3,Never,6+,6.8353
Train,35.1,4,238.0,Non-Vegetarian,Sometimes,18.7,Often,1-2,4.005
Car,6.5,7,545.0,Mixed,Often,10.3,Sometimes,6+,6.2541
Car,17.6,3,380.0,Non-Vegetarian,Sometimes,14.7,Often,3-5,5.0354
Car,21.7,3,160.0,Mixed,Rarely,8.4,Never,0,2.9289
Car,17.2,6,183.0,Non-Vegetarian,Rarely,13.5,Never,6+,6.2215
Walking,5.5,3,131.0,Non-Vegetarian,Sometimes,9.9,Never,1-2,2.9211
Car,59.5,3,525.0,Non-Vegetarian,Sometimes,3.6,Often,0,7.0301
Bus,5.4,6,460.0,Mixed,Sometimes,14.9,Sometimes,1-2,4.7366
Electric Vehicle,14.9,6,149.0,Non-Vegetarian,Often,8.1,Never,0,3.0551
Car,61.2,3,457.0,Non-Vegetarian,Rarely,10.2,Sometimes,1-2,6.4842
Motorcycle,29.8,3,266.0,Vegan,Sometimes,9.2,Never,0,3.0203
Bicycle,7.2,2,406.0,Non-Vegetarian,Often,12.9,Sometimes,0,4.6203
Car,17.4,4,402.0,Vegetarian,Rarely,12.6,Sometimes,1-2,4.3548
Walking,4.0,4,363.0,Non-Vegetarian,Sometimes,17.3,Sometimes,3-5,4.9259
Train,22.7,3,123.0,Mixed,Sometimes,16.5,Sometimes,0,2.4399
Car,65.8,7,574.0,Vegan,Sometimes,11.6,Often,1-2,9.1541
Car,46.8,7,116.0,Non-Vegetarian,Sometimes,13.0,Sometimes,0,5.7909
Electric Vehicle,26.2,5,269.0,Non-Vegetarian,Often,12.3,Often,0,3.8551
Car,35.6,3,179.0,Mixed,Rarely,9.0,Never,1-2,3.7498
Car,5.8,6,525.0,Vegetarian,Sometimes,18.5,Never,0,4.7471
Bus,4.0,5,575.0,Non-Vegetarian,Rarely,5.4,Often,6+,6.8589
Motorcycle,65.7,5,283.0,Non-Vegetarian,Sometimes,2.2,Never,0,5.4777
Car,38.2,5,81.0,Non-Vegetarian,Sometimes,15.2,Sometimes,1-2,4.6936
Car,75.4,6,371.0,Non-Vegetarian,Sometimes,11.9,Often,3-5,9.8354
Bus,19.1,5,516.0,Non-Vegetarian,Sometimes,7.3,Often,1-2,5.3074
Car,29.2,7,322.0,Non-Vegetarian,Sometimes,8.5,Often,0,5.2071
Electric Vehicle,79.5,6,516.0,Mixed,Rarely,6.0,Often,3-5,6.3588
Car,18.9,3,382.0,Non-Vegetarian,Sometimes,4.6,Often,1-2,4.5375
Walking,1.5,6,599.0,Non-Vegetarian,Sometimes,4.5,Sometimes,0,5.0219
Car,17.3,6,564.0,Mixed,Sometimes,12.7,Sometimes,0,5.9654
Car,75.0,4,173.0,Non-Vegetarian,Sometimes,3.7,Never,1-2,6.3217
Car,12.0,3,86.0,Non-Vegetarian,Sometimes,16.2,Sometimes,0,2.8936
Train,25.4,7,132.0,Non-Vegetarian,Often,10.2,Often,3-5,4.1618
Car,25.2,5,120.0,Non-Vegetarian,Often,9.4,Sometimes,1-2,4.3088
Electric Vehicle,14.3,3,444.0,Non-Vegetarian,Sometimes,5.7,Often,0,4.3199
Bicycle,7.9,7,478.0,Mixed,Sometimes,9.9,Sometimes,6+,5.7884
Bicycle,0.8,5,271.0,Non-Vegetarian,Sometimes,18.6,Sometimes,0,3.7564
Motorcycle,22.9,3,234.0,Non-Vegetarian,Sometimes,16.1,Never,0,3.8487
Bus,29.2,3,123.0,Non-Vegetarian,Rarely,13.3,Sometimes,3-5,3.6318
Motorcycle,17.5,6,281.0,Non-Vegetarian,Often,17.0,Sometimes,0,4.6849
Motorcycle,65.4,5,399.0,Mixed,Often,17.8,Often,6+,7.7372
Bicycle,2.6,5,197.0,Non-Vegetarian,Sometimes,5.0,Sometimes,0,2.7066
Train,30.7,7,439.0,Mixed,Sometimes,2.5,Sometimes,3-5,4.7696
Motorcycle,49.2,7,539.0,Mixed,Rarely,6.4,Often,1-2,6.8128
Electric Vehicle,27.2,4,122.0,Non-Vegetarian,Sometimes,18.0,Never,0,3.2918
Bicycle,4.9,6,493.0,Vegetarian,Often,3.0,Often,1-2,4.0944
Car,10.5,6,290.0,Non-Vegetarian,Often,4.1,Often,3-5,5.2904
Electric Vehicle,57.7,5,566.0,Non-Vegetarian,Often,18.7,Never,0,6.1713
Bus,34.3,7,339.0,Mixed,Rarely,9.6,Often,1-2,4.7554
Car,54.3,5,87.0,Non-Vegetarian,Sometimes,2.5,Often,1-2,5.1764
Motorcycle,40.1,7,380.0,Mixed,Often,8.4,Often,0,5.8777
Motorcycle,38.3,5,362.0,Mixed,Rarely,13.9,Sometimes,0,4.254
Car,34.6,3,78.0,Non-Vegetarian,Sometimes,3.7,Never,1-2,3.2553
Car,36.4,5,545.0,Mixed,Sometimes,8.7,Sometimes,1-2,7.3647
Car,61.4,5,539.0,Non-Vegetarian,Often,4.3,Sometimes,0,7.8167
Car,34.0,6,236.0,Mixed,Sometimes,11.1,Never,1-2,5.0517
Motorcycle,29.4,4,146.0,Non-Vegetarian,Sometimes,2.3,Sometimes,1-2,3.6603
Electric Vehicle,5.4,4,161.0,Non-Vegetarian,Sometimes,9.1,Sometimes,0,2.7878
Car,9.8,3,577.0,Non-Vegetarian,Rarely,12.8,Often,0,5.5492
Electric Vehicle,43.5,6,83.0,Vegan,Sometimes,14.9,Sometimes,3-5,2.9005
Walking,2.6,2,167.0,Non-Vegetarian,Rarely,15.6,Often,3-5,3.9185
Bus,20.9,7,533.0,Vegetarian,Sometimes,19.8,Sometimes,0,4.8366
Bus,14.1,3,305.0,Non-Vegetarian,Often,15.3,Sometimes,6+,6.618
Electric Vehicle,6.1,5,324.0,Non-Vegetarian,Sometimes,5.8,Never,0,3.933
Car,54.3,6,51.0,Mixed,Sometimes,3.8,Often,3-5,5.2221
Walking,7.8,4,551.0,Non-Vegetarian,Often,7.3,Sometimes,3-5,6.2697
Car,8.1,3,360.0,Non-Vegetarian,Sometimes,6.4,Sometimes,0,4.1342
Motorcycle,76.1,5,87.0,Mixed,Sometimes,19.9,Often,3-5,5.1296
Bicycle,1.5,6,226.0,Non-Vegetarian,Often,14.2,Often,0,3.7103
Bus,8.9,4,143.0,Mixed,Rarely,13.2,Often,0,2.2684
Bus,34.0,5,560.0,Non-Vegetarian,Often,9.4,Often,0,6.0363
Car,49.3,3,254.0,Mixed,Sometimes,18.0,Often,1-2,4.5116
Car,33.6,5,502.0,Non-Vegetarian,Sometimes,11.4,Often,6+,8.3855
Electric Vehicle,22.7,6,449.0,Non-Vegetarian,Sometimes,9.6,Sometimes,1-2,5.5943
Car,55.9,7,81.0,Mixed,Often,19.6,Sometimes,0,6.2314
Walking,4.6,7,296.0,Non-Vegetarian,Sometimes,16.4,Often,1-2,3.8291
Walking,3.7,4,223.0,Non-Vegetarian,Rarely,16.6,Often,1-2,3.2071
Bicycle,6.8,7,166.0,Non-Vegetarian,Sometimes,2.2,Sometimes,0,2.5763
Electric Vehicle,62.2,6,142.0,Mixed,Sometimes,6.0,Sometimes,1-2,3.4228
Bus,34.9,3,427.0,Non-Vegetarian,Rarely,12.3,Often,0,5.0276
Train,26.4,5,456.0,Non-Vegetarian,Often,2.9,Often,1-2,4.9885
Bus,26.8,3,331.0,Vegetarian,Often,13.3,Sometimes,6+,5.2686
Electric Vehicle,7.7,3,76.0,Non-Vegetarian,Sometimes,15.8,Sometimes,0,2.642
Bus,36.1,4,201.0,Mixed,Sometimes,17.1,Often,1-2,3.5926
Bicycle,0.8,5,230.0,Non-Vegetarian,Sometimes,10.9,Often,0,3.1665
Electric Vehicle,30.4,6,57.0,Non-Vegetarian,Sometimes,2.9,Never,3-5,3.4476
Car,30.5,3,425.0,Mixed,Sometimes,18.2,Sometimes,1-2,5.1318
Bus,25.9,4,334.0,Mixed,Sometimes,1.8,Sometimes,1-2,4.1473
Car,28.1,6,573.0,Non-Vegetarian,Sometimes,15.3,Often,6+,9.992
Walking,6.9,3,270.0,Mixed,Rarely,12.9,Sometimes,6+,4.865
Car,52.9,6,390.0,Non-Vegetarian,Often,3.7,Often,0,7.4489
Walking,2.5,5,332.0,Non-Vegetarian,Often,11.9,Sometimes,6+,6.7334
Motorcycle,69.2,5,498.0,Vegetarian,Sometimes,3.6,Sometimes,0,5.8069
Bus,27.5,3,245.0,Mixed,Sometimes,14.4,Never,6+,5.2908
Car,43.2,7,476.0,Non-Vegetarian,Rarely,11.7,Never,1-2,7.3129
Electric Vehicle,54.6,4,598.0,Non-Vegetarian,Rarely,2.7,Often,3-5,6.5906
Bicycle,4.5,6,288.0,Non-Vegetarian,Often,18.3,Sometimes,3-5,4.8813
Electric Vehicle,58.2,6,147.0,Vegetarian,Sometimes,11.9,Sometimes,1-2,3.3443
Bicycle,7.4,6,113.0,Vegetarian,Rarely,1.2,Never,0,1.4447
Bus,6.5,7,353.0,Non-Vegetarian,Often,17.9,Never,3-5,5.4293
Bus,28.9,3,438.0,Non-Vegetarian,Sometimes,14.2,Often,0,5.0017
Bicycle,1.5,7,523.0,Non-Vegetarian,Sometimes,13.1,Sometimes,0,5.3497
Motorcycle,69.0,5,583.0,Mixed,Sometimes,13.3,Sometimes,3-5,7.3786
Car,71.8,6,257.0,Non-Vegetarian,Sometimes,8.2,Sometimes,1-2,8.0664
Car,34.6,4,203.0,Mixed,Often,3.6,Often,0,4.1992
Bicycle,7.8,4,388.0,Non-Vegetarian,Rarely,19.8,Often,6+,5.403
Bus,25.8,3,102.0,Mixed,Sometimes,7.2,Often,0,2.2829
Motorcycle,25.6,3,389.0,Non-Vegetarian,Often,7.7,Sometimes,3-5,5.8594
Car,70.1,6,497.0,Vegetarian,Sometimes,10.3,Never,0,7.9608
Bus,31.9,5,454.0,Non-Vegetarian,Often,13.0,Sometimes,3-5,6.198
Bus,34.5,5,497.0,Non-Vegetarian,Rarely,5.1,Often,3-5,5.7813
Electric Vehicle,29.3,4,459.0,Non-Vegetarian,Rarely,14.7,Sometimes,6+,7.3319
Electric Vehicle,24.2,7,270.0,Vegetarian,Sometimes,11.2,Sometimes,0,3.071
Bicycle,7.7,2,189.0,Non-Vegetarian,Sometimes,15.0,Never,1-2,3.3327
Car,12.0,5,433.0,Non-Vegetarian,Sometimes,9.9,Often,0,5.34
Car,56.6,5,58.0,Non-Vegetarian,Sometimes,10.4,Sometimes,0,5.1931
Walking,4.3,2,105.0,Non-Vegetarian,Sometimes,5.6,Sometimes,1-2,2.851
Car,75.4,5,176.0,Non-Vegetarian,Sometimes,13.0,Often,0,6.6762
Bus,4.7,6,397.0,Non-Vegetarian,Sometimes,7.3,Sometimes,0,4.1661
Train,27.1,3,129.0,Non-Vegetarian,Sometimes,4.8,Often,3-5,3.3035
Bicycle,2.0,5,68.0,Vegetarian,Rarely,19.2,Sometimes,0,1.6162
Train,37.9,3,421.0,Mixed,Rarely,6.5,Never,0,4.06
Bus,6.8,3,191.0,Mixed,Sometimes,1.4,Often,1-2,2.8751
Electric Vehicle,20.4,7,127.0,Vegetarian,Rarely,1.7,Often,0,2.0006
Train,4.7,6,127.0,Vegan,Often,15.0,Often,3-5,2.431
Car,20.6,7,219.0,Non-Vegetarian,Rarely,5.3,Never,0,3.9324
Walking,1.7,7,379.0,Non-Vegetarian,Often,13.9,Sometimes,0,4.8856
Car,35.0,5,385.0,Non-Vegetarian,Rarely,6.0,Sometimes,1-2,5.7853
Bicycle,4.9,4,186.0,Mixed,Sometimes,10.0,Often,3-5,3.5066
Car,48.0,5,148.0,Non-Vegetarian,Sometimes,8.7,Often,0,5.1622
Electric Vehicle,32.8,5,359.0,Vegetarian,Sometimes,18.0,Often,0,3.7928
Car,53.0,3,391.0,Non-Vegetarian,Sometimes,6.1,Often,0,5.5982
Bicycle,1.7,5,478.0,Mixed,Often,8.5,Often,1-2,5.0967
Car,47.1,6,120.0,Non-Vegetarian,Often,11.5,Sometimes,0,5.624
Bicycle,7.9,5,558.0,Vegetarian,Rarely,10.0,Never,1-2,4.9474
Train,37.6,4,460.0,Non-Vegetarian,Sometimes,6.2,Often,0,4.4136
Motorcycle,55.2,3,277.0,Vegetarian,Sometimes,3.8,Sometimes,1-2,3.7093
Car,50.6,7,483.0,Vegetarian,Rarely,17.3,Often,1-2,8.223
Bus,10.3,6,99.0,Non-Vegetarian,Sometimes,5.0,Never,0,2.8777
Bicycle,6.3,2,569.0,Non-Vegetarian,Sometimes,16.5,Often,6+,7.9142
Motorcycle,25.6,4,115.0,Mixed,Often,8.6,Never,3-5,3.8391
Walking,3.8,3,228.0,Non-Vegetarian,Rarely,12.0,Often,0,3.0543
Bicycle,2.0,3,379.0,Non-Vegetarian,Sometimes,12.1,Often,1-2,4.118
Car,21.1,7,194.0,Mixed,Rarely,13.7,Never,1-2,4.6507
Bus,6.3,6,298.0,Non-Vegetarian,Sometimes,17.9,Sometimes,0,3.772
Train,4.2,6,109.0,Non-Vegetarian,Often,1.5,Sometimes,3-5,3.3598
Train,31.2,3,157.0,Non-Vegetarian,Often,5.1,Often,1-2,3.3653
Bus,32.6,5,343.0,Vegetarian,Rarely,11.7,Often,0,3.6763
Electric Vehicle,42.0,4,71.0,Mixed,Often,2.7,Sometimes,6+,3.9276
Bus,29.3,3,474.0,Vegan,Sometimes,18.1,Never,6+,6.4494
Electric Vehicle,69.0,3,272.0,Non-Vegetarian,Rarely,19.3,Often,1-2,4.3681
Car,15.8,4,192.0,Mixed,Often,6.7,Sometimes,0,3.5553
Car,9.6,6,361.0,Non-Vegetarian,Sometimes,18.8,Sometimes,0,4.7752
Bus,5.2,5,483.0,Vegetarian,Sometimes,2.6,Sometimes,0,4.0328
Train,14.4,3,598.0,Non-Vegetarian,Sometimes,17.5,Never,6+,8.0909
Bus,27.2,5,101.0,Vegetarian,Sometimes,17.2,Sometimes,0,2.305
Walking,5.1,5,312.0,Non-Vegetarian,Sometimes,6.6,Sometimes,1-2,3.8859
Car,64.1,3,71.0,Non-Vegetarian,Sometimes,19.4,Often,0,4.4352
Car,53.1,3,242.0,Mixed,Rarely,5.5,Often,0,3.4572
Car,49.8,6,581.0,Vegetarian,Rarely,11.4,Often,0,7.4784
Train,30.4,3,51.0,Non-Vegetarian,Sometimes,14.7,Never,3-5,3.2878
Train,25.1,7,202.0,Non-Vegetarian,Often,9.1,Often,1-2,4.1397
Electric Vehicle,7.3,3,375.0,Non-Vegetarian,Sometimes,9.2,Sometimes,1-2,4.2943
Motorcycle,32.4,7,213.0,Vegetarian,Often,9.5,Often,1-2,3.918
Train,18.0,3,192.0,Mixed,Sometimes,13.6,Never,3-5,3.6577
Train,13.2,4,53.0,Mixed,Sometimes,19.2,Sometimes,0,2.2283
Bus,32.9,3,52.0,Non-Vegetarian,Often,8.8,Sometimes,1-2,3.3195
Electric Vehicle,65.3,3,317.0,Non-Vegetarian,Rarely,8.7,Never,3-5,5.2068
Train,8.2,4,354.0,Vegetarian,Sometimes,6.4,Sometimes,1-2,3.5868
Electric Vehicle,44.5,5,600.0,Non-Vegetarian,Sometimes,1.0,Never,3-5,6.1726
Walking,2.2,2,437.0,Mixed,Sometimes,1.6,Often,3-5,4.478
Car,77.5,6,560.0,Vegetarian,Sometimes,12.2,Often,0,9.2252
Train,37.6,5,576.0,Non-Vegetarian,Rarely,15.4,Sometimes,0,5.3591
Electric Vehicle,6.3,3,63.0,Non-Vegetarian,Sometimes,18.3,Often,0,2.2978
Electric Vehicle,14.5,7,469.0,Vegetarian,Sometimes,6.5,Sometimes,3-5,5.039
Car,71.3,4,353.0,Vegetarian,Sometimes,13.8,Often,0,5.5637
Bus,36.8,3,421.0,Non-Vegetarian,Sometimes,15.7,Often,0,5.1296
Electric Vehicle,51.5,6,188.0,Mixed,Sometimes,14.7,Sometimes,0,3.5974
Electric Vehicle,73.6,5,376.0,Non-Vegetarian,Often,11.3,Sometimes,1-2,5.3374
Bicycle,6.8,6,581.0,Non-Vegetarian,Rarely,6.7,Often,1-2,5.2652
Motorcycle,59.6,6,232.0,Non-Vegetarian,Sometimes,15.4,Sometimes,3-5,5.8638
Car,28.9,6,278.0,Mixed,Sometimes,11.6,Sometimes,3-5,5.8375
Train,21.9,4,313.0,Non-Vegetarian,Sometimes,13.2,Often,0,3.8797
Car,63.0,6,523.0,Vegetarian,Often,16.4,Sometimes,1-2,8.4189
Car,20.9,7,53.0,Vegan,Rarely,14.5,Sometimes,3-5,3.4272
Car,75.7,6,380.0,Non-Vegetarian,Sometimes,9.7,Often,1-2,9.0438
Bus,32.9,3,139.0,Vegetarian,Sometimes,5.5,Often,0,2.2742
Car,64.6,7,210.0,Vegetarian,Sometimes,2.6,Often,6+,8.9196
Car,6.5,4,383.0,Non-Vegetarian,Often,14.1,Often,1-2,5.1026
Car,27.2,4,380.0,Mixed,Rarely,2.7,Sometimes,6+,6.5473
Bicycle,4.9,5,260.0,Non-Vegetarian,Often,16.9,Sometimes,6+,5.9836
Electric Vehicle,61.4,4,117.0,Non-Vegetarian,Rarely,1.9,Sometimes,6+,4.812
Car,12.1,7,77.0,Non-Vegetarian,Sometimes,5.0,Often,1-2,3.3815
Bus,25.3,3,82.0,Vegan,Sometimes,13.3,Sometimes,0,1.7409
Bicycle,5.6,7,321.0,Non-Vegetarian,Sometimes,19.4,Sometimes,3-5,4.8526
Bus,26.0,4,175.0,Non-Vegetarian,Often,14.8,Often,0,3.8018
Train,20.3,7,473.0,Non-Vegetarian,Sometimes,9.4,Sometimes,0,5.4546
Car,60.5,7,213.0,Mixed,Rarely,12.7,Often,6+,8.2066
Motorcycle,36.6,6,237.0,Non-Vegetarian,Sometimes,13.3,Often,0,3.9796
Car,48.2,7,98.0,Mixed,Sometimes,11.4,Sometimes,0,5.4324
Car,10.2,3,265.0,Non-Vegetarian,Sometimes,9.4,Sometimes,3-5,4.3724
Train,10.6,4,125.0,Vegetarian,Sometimes,11.2,Sometimes,0,2.0221
Bus,13.5,7,252.0,Non-Vegetarian,Sometimes,2.6,Often,1-2,4.1715
Car,8.0,4,299.0,Non-Vegetarian,Often,11.8,Sometimes,6+,6.4338
Bicycle,2.1,4,291.0,Non-Vegetarian,Sometimes,17.2,Sometimes,0,3.8049
Electric Vehicle,61.6,7,442.0,Vegetarian,Sometimes,4.8,Often,1-2,4.4598
Car,20.8,7,127.0,Vegetarian,Often,13.7,Never,0,3.4544
Motorcycle,57.5,6,211.0,Non-Vegetarian,Often,17.7,Often,0,5.6087
Electric Vehicle,28.7,5,171.0,Mixed,Sometimes,19.1,Sometimes,0,2.8772
Electric Vehicle,33.9,6,588.0,Non-Vegetarian,Sometimes,6.6,Sometimes,0,5.8887
Bicycle,6.7,2,219.0,Non-Vegetarian,Sometimes,19.2,Sometimes,6+,5.0012
Motorcycle,33.7,5,522.0,Vegetarian,Sometimes,17.5,Often,3-5,6.1701
Car,75.8,5,436.0,Non-Vegetarian,Sometimes,5.1,Often,0,7.5901
Car,14.8,3,216.0,Mixed,Sometimes,18.1,Never,3-5,4.1302
Bus,34.7,3,208.0,Non-Vegetarian,Sometimes,11.8,Often,0,3.7645
Car,44.0,3,302.0,Non-Vegetarian,Sometimes,11.1,Never,1-2,5.008
Electric Vehicle,15.8,4,156.0,Non-Vegetarian,Often,14.2,Often,1-2,3.1495
Car,9.8,6,319.0,Mixed,Sometimes,8.5,Sometimes,0,4.1159
Electric Vehicle,44.0,4,52.0,Vegetarian,Rarely,16.1,Never,3-5,2.9728
Electric Vehicle,71.9,7,211.0,Mixed,Rarely,16.5,Often,3-5,4.938
Car,68.7,7,260.0,Mixed,Sometimes,18.8,Often,1-2,9.2936
Bus,30.4,3,434.0,Non-Vegetarian,Often,13.2,Sometimes,6+,7.8031
Train,3.9,5,554.0,Non-Vegetarian,Sometimes,2.0,Often,0,4.6001
Train,31.3,3,549.0,Mixed,Sometimes,16.7,Often,3-5,6.0941
Car,13.2,5,483.0,Non-Vegetarian,Sometimes,14.5,Never,3-5,6.5513
Car,44.3,7,367.0,Mixed,Sometimes,6.4,Often,0,6.7977
Car,33.9,7,237.0,Non-Vegetarian,Often,4.6,Often,0,5.9015
Bus,11.0,5,302.0,Non-Vegetarian,Rarely,1.8,Often,0,3.2146
Motorcycle,38.6,6,512.0,Non-Vegetarian,Sometimes,2.7,Often,0,6.4118
Electric Vehicle,64.3,3,273.0,Non-Vegetarian,Sometimes,13.3,Sometimes,3-5,4.6923
Bus,17.4,7,588.0,Vegetarian,Sometimes,9.9,Often,1-2,5.2935
Bus,29.4,4,415.0,Vegetarian,Rarely,17.5,Often,3-5,4.4181
Car,19.2,5,404.0,Vegetarian,Sometimes,7.2,Often,1-2,5.0482
Car,76.4,4,368.0,Non-Vegetarian,Often,4.1,Never,1-2,7.8113
Walking,4.1,6,74.0,Non-Vegetarian,Sometimes,6.1,Sometimes,1-2,2.5997
Train,10.7,4,54.0,Mixed,Sometimes,4.0,Often,0,1.74
Bus,27.0,5,224.0,Non-Vegetarian,Often,14.5,Never,0,4.1428
Bus,37.9,6,109.0,Non-Vegetarian,Often,9.9,Never,6+,5.6843
Bus,35.8,3,401.0,Mixed,Sometimes,17.4,Often,6+,6.2638
Walking,4.0,7,573.0,Vegetarian,Often,10.5,Never,0,4.5822
Electric Vehicle,19.9,7,84.0,Non-Vegetarian,Rarely,2.4,Often,3-5,2.9446
Car,19.5,5,319.0,Mixed,Often,7.6,Often,3-5,5.0992
Bus,31.0,6,564.0,Non-Vegetarian,Sometimes,10.0,Sometimes,3-5,6.4525
Bus,31.6,6,473.0,Non-Vegetarian,Rarely,12.6,Often,1-2,5.6186
Car,6.3,5,134.0,Mixed,Often,19.0,Often,0,3.0035
Bicycle,2.0,5,393.0,Mixed,Rarely,16.9,Sometimes,3-5,4.5017
Car,6.6,5,313.0,Non-Vegetarian,Rarely,3.2,Sometimes,1-2,4.2324
Car,73.1,5,70.0,Mixed,Rarely,8.5,Often,0,5.6437
Car,31.1,7,445.0,Non-Vegetarian,Often,18.3,Sometimes,3-5,7.8829
Electric Vehicle,20.2,5,209.0,Non-Vegetarian,Sometimes,10.3,Never,0,3.4008
Bus,33.3,6,183.0,Mixed,Sometimes,8.9,Often,3-5,4.4259
Train,11.9,4,63.0,Non-Vegetarian,Often,19.0,Often,3-5,3.3439
Walking,1.6,5,346.0,Non-Vegetarian,Often,18.1,Often,1-2,4.6149
Car,5.2,3,429.0,Mixed,Sometimes,1.4,Sometimes,0,3.8198
Walking,2.9,6,63.0,Mixed,Sometimes,16.7,Sometimes,0,2.1397
Electric Vehicle,20.2,3,534.0,Non-Vegetarian,Rarely,5.5,Often,3-5,5.7921
Bicycle,6.7,3,497.0,Vegetarian,Rarely,14.7,Sometimes,1-2,4.0693
Train,11.7,7,294.0,Vegetarian,Rarely,18.9,Often,1-2,3.3145
Electric Vehicle,22.3,5,85.0,Non-Vegetarian,Often,15.4,Often,0,3.0836
Bicycle,0.9,4,438.0,Non-Vegetarian,Sometimes,2.7,Often,0,3.935
Bus,33.0,4,592.0,Non-Vegetarian,Sometimes,2.3,Often,3-5,6.4215
Bus,31.9,5,473.0,Mixed,Often,18.3,Sometimes,6+,7.5216
Electric Vehicle,56.1,4,421.0,Mixed,Rarely,12.6,Sometimes,0,4.3616
Bus,21.6,4,102.0,Non-Vegetarian,Rarely,6.9,Often,1-2,2.741
Electric Vehicle,53.6,3,273.0,Non-Vegetarian,Sometimes,17.5,Sometimes,1-2,4.3257
Electric Vehicle,14.4,7,348.0,Mixed,Sometimes,5.5,Sometimes,6+,5.6371
Bicycle,3.5,7,139.0,Mixed,Rarely,4.0,Sometimes,1-2,2.2682
Bus,28.6,3,363.0,Non-Vegetarian,Sometimes,8.5,Often,6+,6.2203
Electric Vehicle,50.2,7,582.0,Vegan,Sometimes,12.1,Often,1-2,5.4451
Car,29.3,7,312.0,Non-Vegetarian,Sometimes,19.5,Often,0,6.3248
Electric Vehicle,32.7,7,64.0,Vegan,Rarely,14.5,Often,0,1.7498
Bus,36.0,6,231.0,Non-Vegetarian,Rarely,2.3,Often,1-2,4.4026
Motorcycle,65.1,7,343.0,Vegetarian,Rarely,19.6,Sometimes,0,5.7395
Electric Vehicle,32.1,3,52.0,Non-Vegetarian,Sometimes,12.3,Often,1-2,2.4318
Bus,26.7,3,395.0,Non-Vegetarian,Often,12.2,Never,0,5.1677
Electric Vehicle,30.5,3,85.0,Non-Vegetarian,Often,1.7,Sometimes,1-2,3.2119
Train,15.8,4,139.0,Mixed,Sometimes,5.0,Never,1-2,2.562
Motorcycle,71.5,3,480.0,Non-Vegetarian,Rarely,18.9,Often,3-5,6.9131
Motorcycle,24.5,7,298.0,Non-Vegetarian,Often,15.0,Sometimes,0,4.8327
Walking,4.2,7,101.0,Non-Vegetarian,Sometimes,8.4,Often,1-2,2.7964
Electric Vehicle,24.2,6,349.0,Non-Vegetarian,Sometimes,13.3,Sometimes,0,4.1585
Car,59.3,5,259.0,Non-Vegetarian,Sometimes,11.2,Often,0,6.4291
Bicycle,2.5,3,483.0,Non-Vegetarian,Often,13.6,Often,1-2,5.0963
Electric Vehicle,52.2,6,508.0,Non-Vegetarian,Often,16.8,Sometimes,0,6.5706
Bus,16.5,6,53.0,Non-Vegetarian,Sometimes,5.6,Often,1-2,2.8624
Walking,5.1,3,411.0,Non-Vegetarian,Sometimes,17.6,Often,6+,6.0417
Car,6.8,5,226.0,Vegetarian,Often,1.6,Never,0,2.4925
Bus,30.1,3,78.0,Vegetarian,Rarely,19.7,Often,0,2.072
Car,60.4,4,514.0,Non-Vegetarian,Sometimes,16.0,Sometimes,1-2,7.7247
Bicycle,2.3,2,85.0,Vegetarian,Sometimes,7.7,Sometimes,1-2,1.7374
Car,30.8,4,578.0,Vegetarian,Sometimes,5.3,Never,6+,7.0637
Train,31.6,4,503.0,Mixed,Sometimes,16.8,Sometimes,0,4.6334
Car,22.9,5,367.0,Non-Vegetarian,Often,8.6,Never,1-2,5.1341
Car,46.4,6,548.0,Mixed,Sometimes,14.1,Sometimes,1-2,7.2449
Train,15.9,5,575.0,Non-Vegetarian,Often,19.6,Often,3-5,6.3937
Train,24.6,5,102.0,Non-Vegetarian,Often,6.8,Often,0,2.8438
Bicycle,7.4,5,125.0,Vegetarian,Often,8.9,Never,1-2,2.1148
Motorcycle,79.8,4,515.0,Non-Vegetarian,Often,8.1,Sometimes,3-5,7.919
Motorcycle,71.2,4,464.0,Vegan,Sometimes,3.3,Often,1-2,5.0961
Motorcycle,6.1,7,563.0,Non-Vegetarian,Sometimes,12.5,Sometimes,0,5.7447
Train,38.1,6,460.0,Mixed,Sometimes,1.6,Sometimes,1-2,4.1851
Train,8.3,4,553.0,Mixed,Sometimes,5.3,Often,6+,6.8003
Walking,6.7,6,556.0,Non-Vegetarian,Rarely,10.5,Often,0,4.786
Car,16.4,4,253.0,Mixed,Sometimes,8.0,Often,0,3.6272
Car,24.2,6,249.0,Non-Vegetarian,Sometimes,4.5,Often,0,4.9583
Car,49.3,5,396.0,Vegetarian,Rarely,17.2,Sometimes,0,5.491
Car,64.7,3,427.0,Mixed,Sometimes,12.1,Sometimes,1-2,6.3245
Car,6.2,4,426.0,Vegetarian,Sometimes,9.9,Never,6+,6.3471
Electric Vehicle,21.0,4,330.0,Mixed,Rarely,12.7,Often,3-5,4.1025
Bus,33.3,4,136.0,Non-Vegetarian,Sometimes,11.8,Never,0,3.4924
Walking,1.4,2,247.0,Non-Vegetarian,Sometimes,10.3,Sometimes,0,3.4888
Electric Vehicle,60.5,3,255.0,Vegetarian,Sometimes,7.0,Never,6+,5.471
Motorcycle,65.5,4,358.0,Non-Vegetarian,Rarely,5.0,Often,1-2,5.4424
Electric Vehicle,17.8,5,327.0,Non-Vegetarian,Sometimes,5.5,Often,0,3.636
Car,35.6,6,424.0,Non-Vegetarian,Rarely,14.5,Never,3-5,6.8558
Bus,6.6,3,539.0,Mixed,Sometimes,9.5,Never,3-5,5.3897
Car,9.5,7,221.0,Vegetarian,Rarely,11.2,Sometimes,0,3.0536
Car,7.4,7,457.0,Non-Vegetarian,Rarely,15.3,Sometimes,0,4.9977
Motorcycle,5.7,7,361.0,Non-Vegetarian,Rarely,18.8,Sometimes,0,3.977
Motorcycle,5.9,7,376.0,Non-Vegetarian,Sometimes,10.2,Never,0,4.4663
Bicycle,6.4,5,552.0,Non-Vegetarian,Sometimes,6.1,Sometimes,3-5,5.8753
Walking,5.5,6,226.0,Vegetarian,Sometimes,11.1,Never,0,2.517
Train,32.5,5,249.0,Mixed,Sometimes,10.0,Often,0,2.8869
Motorcycle,13.6,4,299.0,Non-Vegetarian,Sometimes,9.5,Often,0,3.855
Motorcycle,15.6,6,182.0,Non-Vegetarian,Rarely,15.1,Often,0,3.1184
Walking,4.6,2,255.0,Non-Vegetarian,Sometimes,4.7,Often,1-2,3.4594
Car,59.7,4,428.0,Mixed,Often,6.5,Sometimes,0,5.9046
Car,34.3,6,147.0,Non-Vegetarian,Sometimes,1.0,Often,0,4.6873
Car,27.4,3,256.0,Non-Vegetarian,Sometimes,12.4,Often,3-5,4.6527
Car,74.2,5,314.0,Mixed,Sometimes,8.2,Often,0,6.505
Car,33.3,7,479.0,Non-Vegetarian,Rarely,11.3,Sometimes,1-2,7.0311
Train,17.9,4,430.0,Vegetarian,Sometimes,19.5,Often,0,4.2672
Train,27.5,4,315.0,Vegetarian,Sometimes,5.2,Never,6+,4.8223
Car,60.7,4,368.0,Vegetarian,Sometimes,3.4,Never,1-2,5.702
Bus,19.5,7,475.0,Mixed,Sometimes,17.1,Sometimes,1-2,5.2732
Bus,30.0,7,411.0,Mixed,Sometimes,6.4,Often,1-2,5.175
Electric Vehicle,13.0,3,111.0,Non-Vegetarian,Sometimes,7.4,Sometimes,1-2,2.8639
Car,51.5,3,597.0,Mixed,Rarely,2.5,Sometimes,3-5,7.3355
Car,69.6,3,596.0,Non-Vegetarian,Rarely,12.3,Often,0,6.6022
Motorcycle,66.3,6,107.0,Non-Vegetarian,Sometimes,5.1,Often,1-2,5.3664
Car,69.0,7,407.0,Mixed,Rarely,11.1,Often,1-2,9.1466
Car,20.5,3,325.0,Non-Vegetarian,Sometimes,4.6,Often,0,3.9346
Bicycle,3.7,2,491.0,Non-Vegetarian,Sometimes,17.4,Sometimes,1-2,5.3822
Bicycle,0.8,7,381.0,Vegetarian,Sometimes,4.1,Sometimes,0,3.0106
Car,57.1,4,424.0,Mixed,Sometimes,16.8,Never,3-5,7.1517
Electric Vehicle,21.3,4,130.0,Non-Vegetarian,Often,7.5,Sometimes,0,3.2853
Car,46.8,3,396.0,Mixed,Often,16.8,Often,3-5,5.7718
Electric Vehicle,72.8,3,500.0,Mixed,Sometimes,8.7,Never,1-2,4.959
Car,24.4,4,448.0,Non-Vegetarian,Sometimes,2.8,Sometimes,3-5,6.2729
Train,3.3,6,379.0,Non-Vegetarian,Sometimes,15.7,Often,1-2,4.0618
Motorcycle,64.1,7,306.0,Non-Vegetarian,Often,1.6,Often,1-2,6.9051
Electric Vehicle,57.7,6,316.0,Mixed,Rarely,13.4,Often,0,4.0389
Electric Vehicle,21.2,7,309.0,Mixed,Sometimes,10.1,Never,1-2,4.0254
Car,27.0,3,438.0,Vegetarian,Rarely,4.3,Never,3-5,4.9286
Bus,32.3,4,496.0,Vegetarian,Sometimes,5.7,Often,1-2,5.0591
Car,6.1,7,105.0,Mixed,Sometimes,4.2,Often,1-2,2.6755
Electric Vehicle,7.3,5,185.0,Mixed,Sometimes,14.3,Sometimes,1-2,2.9147
Bicycle,7.5,2,418.0,Non-Vegetarian,Sometimes,19.6,Sometimes,0,4.2427
Car,42.1,4,392.0,Non-Vegetarian,Rarely,4.7,Never,0,5.3307
Train,14.1,5,595.0,Non-Vegetarian,Sometimes,10.7,Often,0,5.8715
Walking,0.7,3,225.0,Non-Vegetarian,Sometimes,15.2,Sometimes,0,3.4414
Train,9.5,6,260.0,Non-Vegetarian,Sometimes,18.8,Sometimes,0,3.7355
Car,33.8,7,188.0,Mixed,Sometimes,11.3,Often,1-2,5.3367
Car,51.6,4,481.0,Non-Vegetarian,Sometimes,13.0,Never,0,6.65
Bicycle,2.5,3,161.0,Non-Vegetarian,Sometimes,12.5,Often,0,2.8198
Bus,6.8,7,260.0,Mixed,Sometimes,1.7,Sometimes,3-5,3.8501
Car,47.2,6,569.0,Mixed,Sometimes,7.5,Sometimes,0,7.3008
Electric Vehicle,6.6,5,140.0,Mixed,Sometimes,18.2,Sometimes,1-2,2.716
Electric Vehicle,41.0,3,187.0,Non-Vegetarian,Often,17.6,Sometimes,0,3.896
Car,12.2,6,273.0,Vegan,Sometimes,16.2,Sometimes,0,3.2244
Car,15.2,7,572.0,Non-Vegetarian,Sometimes,6.4,Often,1-2,5.789
Train,22.1,6,286.0,Non-Vegetarian,Sometimes,5.9,Never,3-5,4.052
Train,35.3,6,371.0,Vegetarian,Sometimes,9.4,Never,0,3.7387
Bicycle,6.5,4,488.0,Mixed,Often,9.5,Sometimes,1-2,4.6167
Car,53.9,3,349.0,Non-Vegetarian,Often,14.0,Sometimes,1-2,6.4214
Car,71.5,4,162.0,Non-Vegetarian,Often,8.0,Often,6+,7.6088
Electric Vehicle,79.4,5,228.0,Mixed,Sometimes,15.8,Sometimes,3-5,4.6551
Walking,2.2,4,221.0,Vegetarian,Sometimes,18.1,Often,3-5,2.9821
Bicycle,4.9,4,491.0,Vegetarian,Often,17.0,Sometimes,6+,6.3502
Bicycle,2.3,4,529.0,Mixed,Sometimes,4.3,Sometimes,3-5,4.6963
Train,31.1,4,335.0,Non-Vegetarian,Sometimes,15.2,Often,3-5,4.746
Train,10.2,7,243.0,Vegan,Often,1.4,Never,3-5,2.8372
Train,6.1,7,407.0,Vegan,Sometimes,18.5,Often,0,3.3173
Electric Vehicle,58.1,6,243.0,Non-Vegetarian,Sometimes,17.9,Sometimes,1-2,4.7896
Motorcycle,24.0,5,166.0,Non-Vegetarian,Sometimes,15.8,Sometimes,3-5,4.4556
Car,12.9,3,421.0,Vegetarian,Sometimes,9.4,Sometimes,1-2,4.3626
Bus,11.1,3,537.0,Non-Vegetarian,Often,9.8,Often,0,4.9095
Motorcycle,15.2,4,569.0,Non-Vegetarian,Sometimes,1.8,Often,6+,7.7536
Electric Vehicle,24.9,6,581.0,Mixed,Sometimes,14.0,Often,6+,6.9548
Electric Vehicle,58.5,4,373.0,Mixed,Sometimes,9.7,Sometimes,3-5,5.423
Car,34.2,6,357.0,Non-Vegetarian,Sometimes,3.9,Often,1-2,6.1718
Bus,6.0,7,295.0,Vegetarian,Rarely,7.0,Sometimes,0,2.8482
Train,32.2,3,364.0,Non-Vegetarian,Rarely,8.8,Sometimes,3-5,4.6211
Car,60.9,5,239.0,Non-Vegetarian,Often,7.3,Often,0,6.4247
Car,55.8,6,286.0,Vegan,Sometimes,18.4,Often,3-5,6.7353
Car,40.0,7,455.0,Vegetarian,Sometimes,16.5,Sometimes,3-5,7.1123
Car,56.7,7,326.0,Non-Vegetarian,Sometimes,7.0,Never,1-2,8.2705
Bicycle,2.9,3,462.0,Non-Vegetarian,Often,8.6,Never,3-5,5.3551
Car,53.2,6,331.0,Non-Vegetarian,Sometimes,9.8,Sometimes,0,7.0325
Train,31.9,6,351.0,Vegetarian,Sometimes,15.1,Often,0,3.3165
Motorcycle,44.5,7,87.0,Mixed,Sometimes,14.1,Never,0,4.2184
Bicycle,4.2,4,520.0,Non-Vegetarian,Often,13.9,Often,1-2,5.5217
Car,10.0,3,343.0,Non-Vegetarian,Sometimes,6.8,Often,0,4.0045
Train,6.3,6,453.0,Non-Vegetarian,Rarely,9.6,Often,3-5,5.2808
Car,12.7,4,554.0,Non-Vegetarian,Sometimes,13.3,Often,6+,7.5435
Bus,30.7,6,277.0,Mixed,Often,10.1,Never,0,4.3901
Bus,10.0,4,245.0,Non-Vegetarian,Sometimes,18.9,Sometimes,0,3.8346
Electric Vehicle,31.2,7,565.0,Mixed,Sometimes,4.2,Never,1-2,5.218
Walking,0.9,6,337.0,Mixed,Sometimes,19.5,Often,6+,5.9689
Bus,16.9,5,494.0,Mixed,Often,3.1,Sometimes,3-5,5.7653
Electric Vehicle,12.3,4,221.0,Mixed,Sometimes,11.4,Often,0,3.0023
Car,19.7,7,86.0,Non-Vegetarian,Sometimes,5.9,Often,6+,5.9348
Car,50.6,5,366.0,Mixed,Sometimes,15.5,Never,1-2,7.2101
Electric Vehicle,18.0,7,223.0,Non-Vegetarian,Rarely,2.7,Never,3-5,4.0965
Car,53.1,5,158.0,Vegetarian,Rarely,5.2,Never,3-5,5.3511
Car,38.7,7,98.0,Mixed,Often,12.7,Often,1-2,5.0704
Walking,2.9,5,458.0,Mixed,Sometimes,16.2,Sometimes,3-5,4.8378
Car,46.9,4,379.0,Vegetarian,Sometimes,12.7,Often,0,5.2504
Bicycle,7.5,7,492.0,Vegan,Often,18.4,Often,6+,6.0087
Motorcycle,51.2,3,82.0,Mixed,Often,14.3,Sometimes,0,3.1646
Bicycle,3.5,3,280.0,Non-Vegetarian,Rarely,14.1,Often,1-2,3.4774
Electric Vehicle,35.2,6,510.0,Non-Vegetarian,Sometimes,3.8,Sometimes,1-2,5.019
Bicycle,6.1,2,240.0,Non-Vegetarian,Sometimes,13.0,Often,6+,5.2471
Motorcycle,14.7,4,353.0,Non-Vegetarian,Sometimes,4.0,Never,6+,5.8006
Car,30.5,6,454.0,Non-Vegetarian,Rarely,9.8,Never,1-2,5.8458
Car,30.1,3,232.0,Mixed,Often,16.3,Never,6+,6.8533
Motorcycle,65.5,3,208.0,Vegan,Often,16.8,Sometimes,1-2,3.4093
Motorcycle,27.5,6,195.0,Mixed,Sometimes,19.6,Often,0,3.5128
Car,42.7,7,328.0,Non-Vegetarian,Often,5.9,Never,6+,8.88
Car,68.1,6,493.0,Non-Vegetarian,Sometimes,11.1,Often,1-2,9.2867
Bicycle,7.3,6,393.0,Non-Vegetarian,Sometimes,13.5,Never,1-2,4.3975
Electric Vehicle,15.4,7,63.0,Vegetarian,Rarely,14.8,Never,0,1.9447
Train,27.6,6,546.0,Vegetarian,Sometimes,1.3,Sometimes,0,4.2219
Car,59.1,5,521.0,Non-Vegetarian,Often,15.5,Often,1-2,8.9316
Car,49.2,3,193.0,Mixed,Sometimes,19.2,Sometimes,1-2,4.4092
Bus,24.8,3,577.0,Non-Vegetarian,Sometimes,2.1,Sometimes,3-5,6.5049
Bus,32.9,5,525.0,Mixed,Sometimes,12.9,Often,1-2,5.8591
Walking,3.3,7,132.0,Mixed,Sometimes,13.6,Often,1-2,2.53
Electric Vehicle,58.8,3,468.0,Vegetarian,Sometimes,5.7,Sometimes,1-2,4.3217
Bus,15.7,7,450.0,Non-Vegetarian,Often,10.2,Sometimes,1-2,6.2879
Car,65.1,4,314.0,Non-Vegetarian,Sometimes,7.2,Sometimes,0,6.318
Car,31.8,4,95.0,Non-Vegetarian,Often,14.0,Often,1-2,4.421
Train,13.2,6,581.0,Vegetarian,Sometimes,14.4,Sometimes,1-2,5.1292
Bicycle,7.9,3,286.0,Non-Vegetarian,Rarely,15.2,Never,1-2,3.6588
Car,51.0,5,483.0,Vegetarian,Sometimes,13.2,Sometimes,0,6.4673
Motorcycle,44.7,6,181.0,Mixed,Often,1.9,Often,0,4.0588
Electric Vehicle,34.7,4,510.0,Vegetarian,Sometimes,11.9,Often,0,4.3404
Electric Vehicle,15.8,7,204.0,Non-Vegetarian,Sometimes,6.8,Often,0,3.1039
Bus,22.2,5,290.0,Non-Vegetarian,Often,16.3,Often,6+,6.7427
Car,64.5,4,550.0,Non-Vegetarian,Rarely,17.2,Often,1-2,7.7489
Bus,17.8,6,107.0,Non-Vegetarian,Sometimes,8.9,Never,0,3.3536
Car,34.5,7,540.0,Non-Vegetarian,Sometimes,15.2,Often,1-2,7.7705
Train,30.7,6,559.0,Mixed,Sometimes,11.9,Never,1-2,5.4917
Bicycle,6.7,4,275.0,Mixed,Often,3.9,Sometimes,3-5,3.9934
Electric Vehicle,31.8,5,447.0,Mixed,Sometimes,13.5,Sometimes,3-5,5.3978
Train,19.8,5,352.0,Vegetarian,Rarely,4.5,Sometimes,6+,4.8849
Bus,13.7,6,51.0,Non-Vegetarian,Often,1.4,Sometimes,0,2.8872
Train,36.1,7,566.0,Non-Vegetarian,Rarely,10.2,Sometimes,0,5.3191
Car,28.0,4,236.0,Non-Vegetarian,Sometimes,6.2,Sometimes,1-2,4.3702
Train,12.0,5,415.0,Non-Vegetarian,Sometimes,9.3,Sometimes,0,4.556
Motorcycle,27.7,7,195.0,Mixed,Sometimes,16.9,Sometimes,3-5,4.4716
Bus,27.3,3,235.0,Non-Vegetarian,Sometimes,19.1,Often,3-5,4.4209
Electric Vehicle,41.5,4,214.0,Vegetarian,Sometimes,12.3,Sometimes,6+,5.1472
Train,7.1,5,404.0,Non-Vegetarian,Often,15.6,Often,0,4.3893
Train,28.7,6,123.0,Non-Vegetarian,Sometimes,19.3,Sometimes,0,2.8467
Car,25.3,6,220.0,Non-Vegetarian,Sometimes,13.3,Sometimes,1-2,4.907
Car,32.5,5,242.0,Vegan,Often,15.2,Often,3-5,4.8277
Bus,25.1,6,249.0,Non-Vegetarian,Sometimes,8.6,Never,3-5,4.3312
Train,7.3,4,276.0,Non-Vegetarian,Sometimes,13.4,Often,0,3.4265
Car,6.4,3,188.0,Mixed,Often,9.4,Often,0,3.1627
Bus,32.9,4,586.0,Vegetarian,Sometimes,7.1,Sometimes,0,4.9932
Bicycle,4.2,4,255.0,Mixed,Rarely,9.8,Never,3-5,3.6872
Car,55.8,3,467.0,Non-Vegetarian,Rarely,8.3,Sometimes,1-2,6.3498
Bus,21.1,6,435.0,Vegetarian,Sometimes,7.0,Never,6+,6.487
Motorcycle,65.8,4,416.0,Mixed,Often,9.1,Sometimes,0,6.046
Electric Vehicle,64.3,6,600.0,Non-Vegetarian,Sometimes,7.8,Sometimes,1-2,6.2238
Car,45.4,5,478.0,Mixed,Sometimes,7.6,Never,0,6.5132
Car,25.4,3,382.0,Mixed,Sometimes,10.4,Sometimes,1-2,4.2742
Electric Vehicle,28.5,7,278.0,Mixed,Often,19.1,Sometimes,6+,6.3115
Car,62.6,3,415.0,Mixed,Sometimes,5.3,Sometimes,1-2,6.1033
Car,66.8,7,146.0,Mixed,Rarely,19.8,Sometimes,3-5,7.39
Bus,24.9,5,439.0,Mixed,Rarely,10.6,Often,0,4.5344
Electric Vehicle,55.4,4,488.0,Vegetarian,Sometimes,13.5,Sometimes,0,4.5157
Motorcycle,74.2,7,319.0,Non-Vegetarian,Sometimes,19.6,Often,3-5,7.8262
Bicycle,2.9,4,396.0,Non-Vegetarian,Often,14.3,Never,1-2,4.7344
Car,26.5,3,110.0,Vegetarian,Often,11.1,Often,6+,4.5565
Electric Vehicle,19.1,3,428.0,Vegetarian,Sometimes,16.7,Often,0,3.8222
Train,19.4,6,332.0,Mixed,Sometimes,18.1,Often,6+,5.6127
Car,76.0,5,414.0,Non-Vegetarian,Sometimes,6.1,Never,0,8.6082
Car,17.7,4,551.0,Vegan,Rarely,10.2,Often,6+,6.153
Bicycle,0.6,5,414.0,Non-Vegetarian,Rarely,11.3,Often,0,4.082
Bicycle,3.3,5,282.0,Non-Vegetarian,Often,13.1,Never,0,4.0856
Bus,22.1,7,77.0,Non-Vegetarian,Sometimes,16.5,Sometimes,0,3.3464
Electric Vehicle,17.1,5,410.0,Mixed,Sometimes,9.2,Sometimes,1-2,4.3532
Bicycle,5.6,3,385.0,Vegan,Often,5.8,Often,0,3.0104
Bus,29.3,6,405.0,Non-Vegetarian,Rarely,16.5,Often,3-5,5.335
Car,10.2,5,357.0,Vegetarian,Sometimes,11.4,Sometimes,1-2,3.7478
Car,25.8,3,578.0,Mixed,Rarely,5.7,Often,3-5,6.115
Car,64.7,4,146.0,Non-Vegetarian,Sometimes,15.4,Sometimes,1-2,5.4126
Motorcycle,25.7,3,128.0,Mixed,Sometimes,4.8,Often,1-2,2.8049
Car,67.9,3,52.0,Non-Vegetarian,Sometimes,16.3,Often,1-2,4.0712
Car,24.0,7,170.0,Non-Vegetarian,Sometimes,1.5,Never,0,4.7662
Car,73.3,4,154.0,Non-Vegetarian,Sometimes,19.1,Sometimes,1-2,6.2898
Bus,37.5,5,494.0,Mixed,Sometimes,10.4,Sometimes,3-5,5.9527
Car,42.5,3,541.0,Non-Vegetarian,Rarely,18.3,Often,0,5.9346
Car,34.4,7,495.0,Mixed,Sometimes,12.2,Sometimes,1-2,6.8516
Bus,31.3,6,302.0,Mixed,Sometimes,2.2,Sometimes,0,3.9759
Car,76.6,7,489.0,Non-Vegetarian,Sometimes,17.0,Often,1-2,9.9388
Car,18.3,7,485.0,Mixed,Sometimes,9.6,Often,6+,7.5156
Electric Vehicle,24.8,5,114.0,Vegan,Sometimes,18.0,Often,1-2,1.9854
Bicycle,2.1,2,348.0,Mixed,Sometimes,17.3,Often,0,3.0306
Car,49.6,7,540.0,Non-Vegetarian,Sometimes,17.9,Often,1-2,8.8811
Bus,39.7,6,266.0,Mixed,Sometimes,13.8,Sometimes,0,4.3555
Car,47.4,6,133.0,Non-Vegetarian,Sometimes,6.6,Sometimes,6+,7.1609
Bus,25.5,5,576.0,Non-Vegetarian,Often,15.1,Never,1-2,6.1046
Bicycle,6.0,3,557.0,Mixed,Sometimes,8.7,Sometimes,0,4.3977
Car,62.6,6,536.0,Mixed,Sometimes,8.1,Never,1-2,8.8556
Bus,36.0,6,129.0,Non-Vegetarian,Sometimes,4.5,Often,3-5,4.0304
Car,76.0,4,594.0,Vegetarian,Sometimes,9.0,Never,3-5,8.5179
Motorcycle,77.5,4,208.0,Vegetarian,Rarely,18.9,Sometimes,3-5,5.0062
Car,26.0,3,483.0,Mixed,Often,16.9,Often,0,5.6577
Electric Vehicle,24.4,4,424.0,Vegan,Sometimes,13.4,Never,1-2,4.0092
Car,27.9,4,328.0,Non-Vegetarian,Sometimes,1.9,Often,3-5,5.2934
Car,44.8,7,235.0,Non-Vegetarian,Often,7.5,Never,6+,8.2046
Bus,3.4,4,249.0,Mixed,Often,11.1,Never,0,3.1275
Bus,31.1,5,584.0,Non-Vegetarian,Often,10.1,Often,6+,7.7239
Bus,17.7,4,73.0,Mixed,Often,4.2,Sometimes,0,2.3613
Bus,36.4,3,392.0,Mixed,Sometimes,8.6,Sometimes,0,4.0192
Car,65.8,7,338.0,Non-Vegetarian,Often,10.9,Sometimes,3-5,9.1869
Car,65.1,5,362.0,Mixed,Rarely,16.5,Sometimes,1-2,6.8224
Motorcycle,22.6,4,348.0,Non-Vegetarian,Sometimes,1.4,Never,0,4.3637
Bus,14.6,3,133.0,Vegan,Sometimes,14.9,Often,0,1.7555
Car,76.0,3,269.0,Non-Vegetarian,Sometimes,13.5,Often,0,5.3604
Electric Vehicle,35.4,4,531.0,Non-Vegetarian,Sometimes,15.8,Sometimes,1-2,5.5444
Car,66.9,4,527.0,Non-Vegetarian,Sometimes,18.3,Sometimes,3-5,8.0639
Electric Vehicle,65.4,4,57.0,Mixed,Sometimes,10.4,Often,1-2,2.7667
Train,18.8,3,525.0,Non-Vegetarian,Often,3.9,Never,1-2,5.8183
Car,54.8,5,325.0,Vegetarian,Sometimes,1.1,Sometimes,3-5,5.9236
Electric Vehicle,78.2,4,65.0,Vegetarian,Rarely,3.5,Never,1-2,2.3278
Bus,29.7,4,181.0,Mixed,Often,9.5,Never,0,3.3694
Bus,15.6,4,376.0,Vegetarian,Sometimes,18.8,Often,6+,5.4537
Electric Vehicle,10.8,4,491.0,Non-Vegetarian,Rarely,12.4,Often,6+,6.0
Bus,28.8,3,597.0,Mixed,Often,6.7,Often,3-5,6.358
Train,8.9,4,240.0,Vegetarian,Often,5.5,Never,0,2.3314
Walking,4.0,5,180.0,Mixed,Sometimes,16.0,Sometimes,3-5,3.1768
Car,19.3,5,159.0,Mixed,Often,12.8,Sometimes,1-2,3.6154
Motorcycle,13.3,6,464.0,Mixed,Sometimes,10.9,Often,0,4.2782
Car,73.7,3,470.0,Non-Vegetarian,Often,13.3,Often,0,6.402
Electric Vehicle,52.0,3,362.0,Vegan,Rarely,14.3,Sometimes,1-2,3.6269
Car,70.9,6,260.0,Mixed,Sometimes,3.6,Sometimes,1-2,7.5791
Walking,2.2,6,468.0,Mixed,Sometimes,16.8,Often,6+,6.0842
Train,8.5,4,110.0,Mixed,Often,4.5,Never,0,2.4918
Electric Vehicle,36.6,3,533.0,Non-Vegetarian,Sometimes,3.4,Often,0,5.2037
Electric Vehicle,50.8,5,297.0,Non-Vegetarian,Rarely,11.2,Sometimes,3-5,4.9216
Train,28.3,6,483.0,Mixed,Rarely,7.7,Often,0,3.9662
Car,37.3,4,458.0,Non-Vegetarian,Often,8.7,Never,3-5,7.4009
Bus,29.0,3,288.0,Mixed,Sometimes,17.4,Often,0,3.7883
Bus,21.1,5,225.0,Non-Vegetarian,Rarely,18.5,Never,0,3.6449
Car,57.9,3,454.0,Non-Vegetarian,Sometimes,17.4,Often,0,6.4611
Car,76.7,7,270.0,Vegan,Sometimes,5.0,Often,1-2,8.3049
Car,43.5,7,432.0,Non-Vegetarian,Rarely,16.7,Often,0,8.2699
Car,6.5,6,178.0,Non-Vegetarian,Sometimes,16.9,Sometimes,0,3.452
Electric Vehicle,16.4,6,563.0,Vegan,Sometimes,8.1,Often,1-2,4.6252
Car,22.3,3,228.0,Vegetarian,Rarely,5.7,Never,0,3.1518
Motorcycle,31.7,7,523.0,Vegetarian,Sometimes,19.4,Often,1-2,5.7663
Car,16.4,5,570.0,Non-Vegetarian,Rarely,12.3,Never,3-5,6.7768
Car,65.1,3,568.0,Mixed,Rarely,2.7,Sometimes,6+,8.2343
Electric Vehicle,30.9,3,242.0,Mixed,Sometimes,6.9,Often,6+,5.3678
Electric Vehicle,13.3,6,522.0,Non-Vegetarian,Sometimes,3.3,Often,1-2,5.13
Car,76.9,4,589.0,Non-Vegetarian,Rarely,15.9,Never,1-2,8.7174
Train,22.8,5,540.0,Mixed,Sometimes,3.5,Often,0,4.5558
Bus,5.7,3,209.0,Vegetarian,Sometimes,13.5,Sometimes,0,2.3461
Bus,5.9,4,427.0,Non-Vegetarian,Sometimes,18.3,Sometimes,3-5,5.0652
Train,7.0,3,554.0,Mixed,Sometimes,2.8,Never,0,4.8246
Bus,23.6,7,377.0,Vegan,Often,18.0,Often,0,4.2348
Car,44.2,6,582.0,Non-Vegetarian,Sometimes,7.7,Sometimes,1-2,8.9153
Car,31.3,3,413.0,Non-Vegetarian,Often,15.4,Sometimes,0,5.3643
Bus,22.4,3,314.0,Vegetarian,Sometimes,16.7,Often,6+,5.5428
Electric Vehicle,38.6,4,302.0,Non-Vegetarian,Sometimes,9.9,Sometimes,3-5,5.0208
Walking,7.7,3,77.0,Non-Vegetarian,Sometimes,17.8,Often,1-2,2.7462
Train,15.8,5,384.0,Non-Vegetarian,Sometimes,2.5,Sometimes,0,4.0673
Car,37.6,7,333.0,Non-Vegetarian,Sometimes,17.5,Sometimes,1-2,7.1059
Motorcycle,8.4,7,488.0,Mixed,Sometimes,6.8,Often,0,4.6563
Car,51.9,6,165.0,Mixed,Rarely,1.6,Sometimes,3-5,5.8479
Walking,2.3,5,437.0,Non-Vegetarian,Sometimes,13.9,Never,1-2,4.9796
Bus,7.0,4,512.0,Vegetarian,Sometimes,10.1,Never,3-5,5.2001
Car,33.1,5,235.0,Vegan,Rarely,7.5,Sometimes,0,3.8914
Electric Vehicle,59.0,7,372.0,Non-Vegetarian,Sometimes,17.1,Sometimes,1-2,5.2286
Car,12.3,4,57.0,Mixed,Often,5.7,Sometimes,1-2,2.7173
Car,48.5,5,173.0,Vegetarian,Sometimes,18.8,Often,1-2,4.9927
Bus,24.0,6,223.0,Non-Vegetarian,Often,3.9,Often,1-2,4.3093
Motorcycle,44.1,6,136.0,Non-Vegetarian,Sometimes,7.2,Sometimes,0,4.2105
Car,76.5,3,255.0,Mixed,Sometimes,17.1,Often,0,5.3193
Car,32.7,7,455.0,Mixed,Rarely,10.8,Often,3-5,6.1816
Car,36.0,6,74.0,Non-Vegetarian,Rarely,4.4,Sometimes,1-2,4.4232
Bus,31.5,6,399.0,Vegan,Sometimes,16.2,Sometimes,0,3.8625
Electric Vehicle,65.8,5,217.0,Vegetarian,Rarely,16.2,Sometimes,1-2,3.5594
Car,45.8,6,155.0,Vegetarian,Often,5.5,Never,0,4.8641
Electric Vehicle,13.2,7,67.0,Vegetarian,Sometimes,13.0,Often,6+,3.7773
Walking,5.0,3,418.0,Non-Vegetarian,Sometimes,1.5,Sometimes,3-5,5.1016
Electric Vehicle,14.3,3,498.0,Mixed,Sometimes,14.9,Often,0,4.5946
Train,25.2,5,449.0,Non-Vegetarian,Sometimes,15.8,Sometimes,6+,6.8221
Car,61.7,7,107.0,Mixed,Often,11.7,Never,0,6.921
Electric Vehicle,74.1,4,136.0,Non-Vegetarian,Sometimes,12.2,Never,0,3.7752
Car,60.9,3,494.0,Mixed,Sometimes,6.6,Often,1-2,6.347
Car,6.6,3,194.0,Mixed,Often,8.4,Sometimes,0,3.0426
Train,20.5,5,485.0,Non-Vegetarian,Sometimes,5.2,Often,6+,6.3485
Car,51.4,7,387.0,Mixed,Sometimes,12.5,Sometimes,1-2,7.493
Electric Vehicle,51.1,3,152.0,Non-Vegetarian,Often,2.3,Often,0,3.1967
Car,61.9,6,243.0,Mixed,Sometimes,11.6,Sometimes,6+,8.4725
Electric Vehicle,11.1,7,381.0,Non-Vegetarian,Sometimes,15.9,Never,0,4.5575
Car,74.8,3,84.0,Non-Vegetarian,Often,8.6,Sometimes,3-5,5.3854
Train,22.2,5,330.0,Non-Vegetarian,Sometimes,18.1,Sometimes,3-5,5.1259
Car,9.0,6,489.0,Vegan,Rarely,10.2,Often,3-5,4.6321
Electric Vehicle,49.7,4,499.0,Mixed,Sometimes,3.0,Often,0,4.5624
Car,57.8,6,508.0,Mixed,Sometimes,1.4,Often,0,7.4257
Electric Vehicle,30.1,7,283.0,Non-Vegetarian,Sometimes,13.6,Sometimes,1-2,4.9197
Bicycle,7.9,4,256.0,Vegetarian,Sometimes,3.1,Often,0,2.4207
Car,5.1,3,221.0,Non-Vegetarian,Sometimes,4.4,Often,6+,5.3529
Car,33.9,3,576.0,Non-Vegetarian,Sometimes,9.7,Never,1-2,7.1372
Walking,5.7,3,200.0,Non-Vegetarian,Sometimes,18.7,Never,3-5,3.9778
Bus,15.9,7,257.0,Non-Vegetarian,Sometimes,16.9,Never,1-2,4.5223
Train,12.6,3,595.0,Mixed,Sometimes,4.8,Never,3-5,5.3042
Electric Vehicle,34.3,3,287.0,Non-Vegetarian,Sometimes,2.9,Often,3-5,4.2963
Electric Vehicle,14.1,4,236.0,Non-Vegetarian,Often,11.6,Never,3-5,4.6199
Bicycle,3.4,5,165.0,Non-Vegetarian,Sometimes,9.5,Never,0,3.0934
Motorcycle,5.4,4,380.0,Non-Vegetarian,Sometimes,10.0,Often,0,4.0805
Bus,17.6,7,581.0,Non-Vegetarian,Rarely,16.8,Often,0,5.5545
Electric Vehicle,5.5,3,481.0,Mixed,Rarely,15.6,Never,3-5,5.0039
Motorcycle,36.1,7,303.0,Non-Vegetarian,Often,19.4,Often,1-2,6.3623
Electric Vehicle,5.1,7,332.0,Non-Vegetarian,Rarely,17.2,Often,0,3.9682
Bus,4.9,7,519.0,Non-Vegetarian,Rarely,18.7,Never,0,5.1372
Train,37.9,6,572.0,Non-Vegetarian,Often,17.3,Often,6+,8.1436
Bicycle,1.0,3,120.0,Vegetarian,Often,11.4,Often,0,1.9212
Bicycle,3.5,4,117.0,Non-Vegetarian,Sometimes,12.9,Often,3-5,3.3506
Car,36.0,3,430.0,Non-Vegetarian,Sometimes,10.6,Sometimes,1-2,5.4389
Bus,13.1,4,131.0,Mixed,Sometimes,14.5,Often,1-2,2.6726
Electric Vehicle,15.5,7,132.0,Mixed,Often,16.3,Often,0,2.9031
Train,25.4,7,362.0,Mixed,Rarely,4.5,Never,1-2,3.8299
Walking,2.4,7,336.0,Mixed,Sometimes,18.5,Often,3-5,4.177
Car,77.9,3,91.0,Mixed,Sometimes,1.9,Sometimes,1-2,4.2038
Bus,14.9,6,313.0,Mixed,Sometimes,7.6,Often,3-5,4.6782
Motorcycle,71.7,6,342.0,Mixed,Rarely,18.5,Sometimes,1-2,6.4116
Car,59.7,6,575.0,Non-Vegetarian,Rarely,4.4,Often,0,8.3946
Car,43.2,3,344.0,Vegan,Sometimes,7.5,Often,1-2,4.0573
Bus,31.5,6,584.0,Mixed,Rarely,16.8,Often,3-5,6.3015
Bus,26.8,4,190.0,Non-Vegetarian,Sometimes,2.4,Sometimes,0,3.5128
Motorcycle,74.2,3,170.0,Non-Vegetarian,Rarely,7.7,Often,1-2,4.0689
Motorcycle,46.7,4,163.0,Vegan,Rarely,1.8,Sometimes,0,2.6273
Bicycle,4.3,3,368.0,Vegetarian,Sometimes,13.1,Never,1-2,3.9209
Car,13.3,6,426.0,Non-Vegetarian,Sometimes,4.3,Sometimes,3-5,5.6272
Electric Vehicle,62.2,5,350.0,Vegetarian,Rarely,3.5,Never,1-2,4.1688
Bus,12.4,3,290.0,Mixed,Sometimes,14.3,Often,0,3.3461
Motorcycle,10.0,7,452.0,Non-Vegetarian,Sometimes,14.0,Never,6+,7.1195
Car,27.8,7,473.0,Mixed,Rarely,17.7,Sometimes,0,6.1019
Car,5.8,6,124.0,Non-Vegetarian,Rarely,15.2,Sometimes,0,3.0575
Bicycle,7.1,7,201.0,Mixed,Sometimes,4.9,Never,1-2,2.7044
Bus,34.4,7,67.0,Non-Vegetarian,Often,14.5,Sometimes,1-2,4.3469
Motorcycle,46.9,5,55.0,Non-Vegetarian,Rarely,8.1,Often,0,3.2235
Car,12.5,6,195.0,Non-Vegetarian,Rarely,11.4,Sometimes,3-5,4.2679
Bicycle,1.2,5,215.0,Non-Vegetarian,Sometimes,14.2,Sometimes,1-2,3.4268
Car,13.9,3,225.0,Vegan,Sometimes,16.3,Often,6+,4.1954
Walking,1.4,3,440.0,Non-Vegetarian,Sometimes,14.2,Never,3-5,5.5452
Bus,4.8,7,511.0,Vegetarian,Sometimes,9.5,Sometimes,0,4.158
Bicycle,5.8,5,597.0,Vegetarian,Sometimes,17.5,Never,0,4.8389
Walking,1.2,4,477.0,Mixed,Sometimes,14.0,Often,1-2,4.3707
Car,8.0,3,591.0,Non-Vegetarian,Sometimes,19.4,Never,6+,7.338
Motorcycle,72.7,7,54.0,Mixed,Sometimes,16.9,Sometimes,3-5,5.8206
Electric Vehicle,18.4,4,252.0,Mixed,Often,15.6,Often,0,3.2833
Electric Vehicle,8.4,5,360.0,Non-Vegetarian,Sometimes,12.4,Often,0,3.8798
Electric Vehicle,64.8,4,60.0,Non-Vegetarian,Sometimes,8.8,Never,3-5,3.4383
Car,70.1,3,98.0,Non-Vegetarian,Sometimes,19.6,Often,6+,5.9549
Car,61.7,5,413.0,Mixed,Rarely,15.8,Sometimes,3-5,7.3009
Train,16.9,3,553.0,Vegetarian,Sometimes,13.9,Never,1-2,4.4281
Train,29.7,3,428.0,Mixed,Sometimes,18.1,Often,3-5,4.5022
Bicycle,4.8,7,314.0,Mixed,Often,3.4,Never,6+,5.3096
Car,63.7,4,166.0,Non-Vegetarian,Sometimes,17.8,Often,3-5,6.4436
Car,32.4,7,523.0,Non-Vegetarian,Sometimes,3.0,Often,0,7.0279
Motorcycle,23.2,7,55.0,Vegan,Sometimes,12.2,Often,6+,4.2887
Electric Vehicle,75.7,5,480.0,Non-Vegetarian,Sometimes,13.2,Sometimes,3-5,6.3794
Car,35.2,4,459.0,Vegetarian,Sometimes,18.6,Sometimes,0,5.792
Walking,6.7,6,110.0,Non-Vegetarian,Often,14.9,Sometimes,1-2,3.3037
Train,15.2,7,457.0,Non-Vegetarian,Sometimes,15.9,Often,0,4.6272
Electric Vehicle,38.8,4,557.0,Non-Vegetarian,Sometimes,19.7,Sometimes,0,4.7548
Car,28.0,3,319.0,Mixed,Sometimes,19.9,Often,0,4.1007
Bicycle,4.0,5,102.0,Mixed,Sometimes,4.7,Often,1-2,2.323
Car,48.8,4,155.0,Mixed,Sometimes,6.4,Sometimes,0,4.2614
Train,25.3,4,575.0,Non-Vegetarian,Often,14.8,Sometimes,3-5,7.2725
Bicycle,3.4,3,137.0,Non-Vegetarian,Sometimes,14.5,Often,0,2.5967
Bus,12.7,3,154.0,Mixed,Sometimes,10.2,Never,1-2,2.6563
Train,29.3,5,252.0,Non-Vegetarian,Often,1.8,Often,0,3.5116
Motorcycle,40.3,3,157.0,Mixed,Sometimes,18.7,Sometimes,0,3.1099
Walking,1.3,6,187.0,Non-Vegetarian,Rarely,13.1,Sometimes,3-5,3.6349
Walking,6.8,4,66.0,Mixed,Rarely,3.9,Often,6+,3.469
Bicycle,0.7,5,213.0,Non-Vegetarian,Sometimes,5.7,Never,0,3.0336
Motorcycle,65.8,5,369.0,Vegetarian,Often,5.0,Sometimes,0,4.7683
Train,27.9,4,178.0,Vegetarian,Sometimes,19.7,Sometimes,1-2,2.7542
Car,66.8,3,66.0,Vegetarian,Sometimes,5.6,Sometimes,3-5,4.5267
Electric Vehicle,36.8,7,60.0,Mixed,Rarely,2.2,Sometimes,6+,4.2218
Train,17.8,6,475.0,Vegan,Sometimes,18.4,Never,3-5,5.0731
Car,9.2,7,517.0,Non-Vegetarian,Sometimes,9.7,Sometimes,3-5,6.1015
Electric Vehicle,33.7,3,353.0,Vegetarian,Sometimes,14.0,Sometimes,3-5,4.2639
Train,24.4,6,481.0,Non-Vegetarian,Rarely,17.2,Sometimes,1-2,5.045
Car,74.0,3,526.0,Mixed,Rarely,3.8,Sometimes,1-2,6.7068
Walking,2.9,6,358.0,Non-Vegetarian,Sometimes,17.9,Often,3-5,4.5737
Electric Vehicle,9.7,4,133.0,Non-Vegetarian,Sometimes,14.2,Often,6+,4.8923
Electric Vehicle,46.5,5,192.0,Mixed,Sometimes,12.0,Never,3-5,4.0823
Bus,3.5,7,279.0,Non-Vegetarian,Rarely,9.1,Often,0,3.4942
Electric Vehicle,79.9,4,249.0,Non-Vegetarian,Sometimes,14.2,Sometimes,1-2,4.7908
Bus,3.5,3,496.0,Non-Vegetarian,Sometimes,7.0,Sometimes,3-5,5.7424
Car,51.1,7,384.0,Mixed,Rarely,6.8,Sometimes,0,7.1855
Train,22.0,4,541.0,Non-Vegetarian,Rarely,13.2,Sometimes,0,5.258
Electric Vehicle,10.6,7,568.0,Vegan,Sometimes,14.6,Sometimes,0,4.36
Car,56.7,6,258.0,Mixed,Often,12.0,Sometimes,0,6.2647
Electric Vehicle,71.0,5,123.0,Non-Vegetarian,Sometimes,8.1,Often,0,3.5295
Motorcycle,6.4,7,382.0,Mixed,Sometimes,6.0,Never,1-2,4.2411
Car,43.6,6,317.0,Mixed,Sometimes,1.7,Sometimes,0,5.6912
Electric Vehicle,40.3,5,82.0,Non-Vegetarian,Sometimes,11.4,Sometimes,1-2,3.0152
Train,13.9,3,418.0,Non-Vegetarian,Rarely,1.7,Often,6+,6.331
Car,40.2,3,323.0,Mixed,Rarely,4.4,Sometimes,0,4.1599
Car,62.2,4,437.0,Non-Vegetarian,Rarely,1.2,Often,1-2,6.3942
Electric Vehicle,32.3,7,485.0,Non-Vegetarian,Sometimes,13.8,Often,3-5,5.9077
Train,14.9,6,461.0,Non-Vegetarian,Often,7.6,Sometimes,1-2,5.3921
Train,30.5,4,81.0,Vegetarian,Sometimes,7.6,Often,1-2,2.0989
Train,16.6,4,181.0,Mixed,Often,15.6,Often,3-5,3.7449
Walking,3.5,6,474.0,Non-Vegetarian,Sometimes,11.1,Often,6+,6.5495
Bus,15.7,3,495.0,Non-Vegetarian,Sometimes,1.9,Sometimes,0,4.7727
Bicycle,4.4,2,201.0,Non-Vegetarian,Rarely,2.1,Often,3-5,3.3473
Bicycle,5.6,5,191.0,Non-Vegetarian,Sometimes,12.0,Sometimes,0,3.0208
Motorcycle,23.3,4,586.0,Mixed,Rarely,18.1,Never,6+,7.914
Walking,7.0,6,188.0,Non-Vegetarian,Often,12.6,Often,3-5,3.8964
Train,33.3,3,184.0,Mixed,Sometimes,10.5,Sometimes,3-5,3.2282
Train,28.6,7,55.0,Mixed,Often,3.8,Often,0,2.3375
Car,77.6,6,414.0,Vegetarian,Sometimes,7.3,Sometimes,0,7.3253
Electric Vehicle,74.1,7,525.0,Mixed,Rarely,2.2,Often,0,5.3648
Electric Vehicle,24.2,7,204.0,Non-Vegetarian,Rarely,4.3,Sometimes,1-2,3.7154
Electric Vehicle,56.2,4,94.0,Non-Vegetarian,Sometimes,10.5,Sometimes,3-5,3.9947
Car,15.8,4,283.0,Mixed,Often,12.8,Sometimes,1-2,3.6513
Bus,37.8,5,211.0,Non-Vegetarian,Sometimes,9.6,Sometimes,0,4.2213
Car,13.7,7,559.0,Vegetarian,Often,19.8,Often,1-2,5.7491
Car,50.2,4,432.0,Non-Vegetarian,Often,19.8,Sometimes,0,6.8756
Electric Vehicle,43.7,3,111.0,Mixed,Often,11.0,Often,1-2,2.9582
Train,18.1,3,590.0,Non-Vegetarian,Often,3.6,Never,6+,8.1996
Electric Vehicle,9.7,6,66.0,Non-Vegetarian,Sometimes,10.9,Often,6+,4.4252
Bicycle,3.9,4,183.0,Vegetarian,Often,19.2,Never,3-5,3.3993
Train,30.8,6,87.0,Non-Vegetarian,Sometimes,6.4,Sometimes,3-5,3.1118
Walking,1.3,7,92.0,Non-Vegetarian,Rarely,11.3,Never,6+,4.5604
Bus,32.5,6,279.0,Non-Vegetarian,Often,7.6,Often,0,4.5735
Bus,29.2,5,94.0,Mixed,Rarely,17.2,Often,0,2.722
Car,75.4,7,438.0,Non-Vegetarian,Sometimes,18.3,Sometimes,6+,11.7118
Bicycle,4.4,4,147.0,Non-Vegetarian,Rarely,14.2,Sometimes,0,2.8195
Electric Vehicle,29.6,3,183.0,Non-Vegetarian,Often,4.2,Often,1-2,3.698
Bicycle,7.0,3,460.0,Mixed,Sometimes,9.2,Sometimes,1-2,4.2977
Car,64.1,6,350.0,Vegetarian,Often,14.3,Often,0,7.3452
Motorcycle,7.2,4,132.0,Non-Vegetarian,Often,9.5,Sometimes,0,3.2848
Electric Vehicle,76.7,3,274.0,Non-Vegetarian,Sometimes,5.2,Often,0,4.1918
Electric Vehicle,57.8,6,183.0,Mixed,Rarely,19.1,Never,3-5,4.145
Electric Vehicle,42.5,3,81.0,Non-Vegetarian,Sometimes,7.8,Sometimes,0,2.8803
Car,52.7,4,144.0,Non-Vegetarian,Often,9.5,Often,0,4.9308
Car,24.1,4,232.0,Non-Vegetarian,Often,10.9,Often,3-5,5.2747
Bus,36.9,6,407.0,Non-Vegetarian,Rarely,10.1,Sometimes,3-5,6.2968
Car,64.2,6,401.0,Mixed,Sometimes,13.3,Sometimes,0,7.87
Motorcycle,5.8,5,333.0,Mixed,Sometimes,13.8,Sometimes,0,3.2774
Car,18.4,3,581.0,Vegetarian,Sometimes,7.3,Sometimes,6+,6.8587
Electric Vehicle,71.8,4,423.0,Non-Vegetarian,Sometimes,17.0,Often,0,5.1378
Car,25.6,6,277.0,Non-Vegetarian,Sometimes,4.9,Never,6+,7.5972
Car,43.4,3,183.0,Mixed,Sometimes,17.5,Sometimes,1-2,4.3569
Car,36.8,7,79.0,Mixed,Sometimes,20.0,Never,1-2,5.3217
Car,39.3,4,229.0,Non-Vegetarian,Rarely,13.5,Sometimes,1-2,4.8408
Bus,39.9,6,251.0,Non-Vegetarian,Sometimes,9.8,Often,1-2,4.5453
Car,30.7,7,254.0,Non-Vegetarian,Often,7.2,Often,1-2,6.7061
Motorcycle,47.2,3,294.0,Non-Vegetarian,Sometimes,17.9,Often,3-5,4.8522
Electric Vehicle,56.7,4,456.0,Non-Vegetarian,Sometimes,16.4,Never,1-2,5.4584
Train,22.6,7,140.0,Mixed,Sometimes,7.0,Often,1-2,2.7119
Electric Vehicle,33.1,5,441.0,Non-Vegetarian,Rarely,4.9,Often,1-2,4.7108
Bus,17.3,7,535.0,Non-Vegetarian,Rarely,14.9,Sometimes,0,5.9585
Motorcycle,69.4,4,448.0,Vegetarian,Rarely,19.8,Often,0,5.4225
Bicycle,1.8,3,599.0,Non-Vegetarian,Sometimes,16.9,Often,1-2,6.0047
Car,46.4,3,249.0,Mixed,Rarely,10.1,Sometimes,1-2,4.6384
Bicycle,2.6,5,384.0,Non-Vegetarian,Rarely,18.3,Sometimes,0,4.0672
Bus,25.0,3,162.0,Non-Vegetarian,Often,19.6,Sometimes,1-2,3.998
Motorcycle,10.1,4,380.0,Non-Vegetarian,Sometimes,4.3,Sometimes,1-2,4.6581
Car,14.6,3,133.0,Mixed,Sometimes,17.8,Often,1-2,3.0672
Electric Vehicle,8.0,5,376.0,Non-Vegetarian,Rarely,12.7,Often,0,3.7161
Car,33.5,6,216.0,Non-Vegetarian,Rarely,16.7,Never,1-2,5.3589
Train,22.0,3,419.0,Vegetarian,Sometimes,11.7,Often,0,3.4651
Walking,7.1,7,269.0,Vegetarian,Sometimes,18.6,Often,6+,4.7227
Electric Vehicle,11.4,4,430.0,Mixed,Rarely,3.2,Sometimes,3-5,4.5085
Electric Vehicle,13.4,4,480.0,Vegan,Often,5.7,Often,0,3.8344
Motorcycle,7.1,6,92.0,Mixed,Sometimes,8.4,Never,3-5,2.8
Car,58.1,6,134.0,Vegetarian,Sometimes,15.2,Never,0,5.6717
Car,42.3,7,450.0,Vegetarian,Often,13.8,Often,0,6.8475
Bus,34.3,3,575.0,Mixed,Sometimes,8.2,Often,0,4.8082
Motorcycle,39.6,3,240.0,Non-Vegetarian,Sometimes,12.3,Often,0,3.8687
Bicycle,7.9,3,170.0,Non-Vegetarian,Rarely,3.1,Often,1-2,2.6928
Car,7.0,6,527.0,Vegetarian,Sometimes,11.6,Never,0,4.4917
Walking,3.5,6,478.0,Non-Vegetarian,Often,11.3,Sometimes,0,5.4438
Electric Vehicle,17.8,6,234.0,Mixed,Often,10.4,Never,3-5,4.0891
Bicycle,5.6,6,570.0,Mixed,Sometimes,20.0,Never,1-2,5.615
Car,48.2,6,480.0,Mixed,Often,10.9,Never,3-5,7.7541
Electric Vehicle,46.1,6,157.0,Mixed,Often,4.7,Often,1-2,3.6243
Car,57.1,6,190.0,Non-Vegetarian,Sometimes,9.0,Often,1-2,6.5114
Car,34.5,6,472.0,Vegetarian,Sometimes,3.0,Sometimes,3-5,5.6922
Bus,20.8,3,117.0,Non-Vegetarian,Sometimes,10.7,Never,3-5,3.7083
Bus,23.1,5,441.0,Mixed,Often,2.4,Sometimes,0,4.7988
Car,73.8,4,533.0,Vegetarian,Sometimes,4.2,Often,0,6.7827
Train,17.0,5,550.0,Vegetarian,Sometimes,19.4,Sometimes,3-5,5.5282
Electric Vehicle,75.7,4,325.0,Vegetarian,Sometimes,1.5,Sometimes,3-5,4.3191
Car,30.3,7,245.0,Non-Vegetarian,Sometimes,1.2,Often,3-5,6.4302
Car,76.6,4,134.0,Mixed,Often,19.4,Sometimes,1-2,6.3934
Bicycle,5.4,7,581.0,Non-Vegetarian,Often,4.9,Often,0,5.1879
Motorcycle,64.0,3,568.0,Non-Vegetarian,Sometimes,9.6,Often,1-2,6.4102
Train,6.1,5,68.0,Vegetarian,Rarely,16.3,Often,3-5,2.4077
Bicycle,7.6,3,201.0,Non-Vegetarian,Sometimes,6.2,Often,6+,4.9512
Bicycle,1.8,5,560.0,Non-Vegetarian,Sometimes,7.4,Often,0,4.9277
Car,76.6,5,207.0,Mixed,Sometimes,7.3,Never,0,6.468
Electric Vehicle,57.4,5,515.0,Vegetarian,Sometimes,10.5,Often,0,4.3956
Electric Vehicle,60.7,3,407.0,Non-Vegetarian,Sometimes,9.8,Often,0,4.6516
Car,55.6,6,441.0,Non-Vegetarian,Often,9.0,Often,1-2,7.7042
Bus,6.4,3,79.0,Non-Vegetarian,Sometimes,19.4,Never,1-2,2.8487
Car,35.4,3,456.0,Non-Vegetarian,Often,17.6,Often,6+,7.5348
Car,26.1,5,146.0,Mixed,Sometimes,17.9,Sometimes,3-5,4.5938
Electric Vehicle,71.9,4,402.0,Non-Vegetarian,Sometimes,16.4,Often,3-5,5.2474
Train,24.2,7,119.0,Non-Vegetarian,Often,8.9,Sometimes,0,2.9575
Car,11.2,7,358.0,Mixed,Sometimes,2.2,Sometimes,6+,6.2978
Bus,4.4,7,485.0,Non-Vegetarian,Often,18.8,Sometimes,1-2,5.7924
Car,75.0,5,190.0,Mixed,Rarely,3.0,Sometimes,1-2,6.5235
Car,48.2,5,490.0,Vegetarian,Often,17.6,Sometimes,6+,8.8712
Electric Vehicle,69.3,5,584.0,Vegetarian,Sometimes,14.7,Sometimes,0,5.0947
Train,38.9,6,302.0,Vegetarian,Sometimes,17.9,Often,0,3.4563
Car,61.3,7,506.0,Non-Vegetarian,Rarely,4.2,Sometimes,6+,11.8833
Car,35.7,6,277.0,Vegan,Sometimes,7.9,Often,0,4.8351
Train,16.4,3,275.0,Non-Vegetarian,Often,11.1,Often,3-5,4.5717
Car,6.0,6,55.0,Mixed,Sometimes,19.7,Sometimes,3-5,2.8389
Bus,21.9,6,555.0,Mixed,Sometimes,16.3,Sometimes,0,5.4813
Bus,34.1,3,364.0,Mixed,Sometimes,6.2,Sometimes,0,3.9394
Bicycle,4.6,5,564.0,Vegetarian,Sometimes,2.1,Sometimes,0,3.9466
Electric Vehicle,65.9,6,224.0,Vegetarian,Sometimes,7.8,Sometimes,3-5,3.9229
Bus,24.7,6,312.0,Non-Vegetarian,Often,16.3,Never,0,4.9715
Car,16.2,4,291.0,Vegetarian,Sometimes,19.6,Never,0,3.7036
Electric Vehicle,30.9,5,574.0,Non-Vegetarian,Rarely,18.3,Often,6+,6.9152
Bus,31.7,5,477.0,Vegan,Sometimes,7.4,Sometimes,0,4.1606
Motorcycle,40.9,3,119.0,Mixed,Sometimes,15.4,Sometimes,6+,4.8405
Car,64.9,4,270.0,Mixed,Sometimes,18.7,Never,1-2,6.2853
Car,45.0,5,433.0,Vegetarian,Often,10.9,Sometimes,3-5,7.812
Electric Vehicle,66.0,6,421.0,Vegetarian,Often,5.0,Never,3-5,5.3479
Bicycle,5.9,2,54.0,Non-Vegetarian,Sometimes,13.4,Sometimes,3-5,2.7433
Car,38.4,5,159.0,Non-Vegetarian,Often,14.0,Often,1-2,5.363
Car,34.9,3,120.0,Non-Vegetarian,Often,12.9,Never,1-2,4.2157
Bus,24.9,5,464.0,Non-Vegetarian,Rarely,19.0,Sometimes,0,5.8809
Train,13.9,5,219.0,Mixed,Sometimes,2.8,Sometimes,1-2,3.022
Walking,4.0,7,137.0,Non-Vegetarian,Sometimes,14.6,Often,1-2,2.6526
Train,22.3,5,389.0,Non-Vegetarian,Often,11.0,Sometimes,1-2,4.3211
Bus,11.2,6,387.0,Non-Vegetarian,Often,13.9,Sometimes,0,4.946
Car,17.4,7,330.0,Mixed,Often,9.0,Sometimes,0,5.1932
Car,56.4,3,120.0,Vegan,Sometimes,17.7,Often,1-2,3.2624
Motorcycle,39.3,5,322.0,Non-Vegetarian,Often,16.7,Sometimes,1-2,5.2409
Car,47.0,5,448.0,Vegetarian,Sometimes,5.4,Sometimes,0,6.0846
Car,29.4,7,468.0,Non-Vegetarian,Sometimes,6.6,Sometimes,6+,8.2225
Car,50.3,7,235.0,Non-Vegetarian,Rarely,11.6,Sometimes,3-5,7.2828
Walking,5.4,3,91.0,Vegetarian,Sometimes,1.6,Never,3-5,2.3125
Car,16.0,6,567.0,Non-Vegetarian,Sometimes,14.0,Often,0,5.655
Car,57.8,4,144.0,Mixed,Sometimes,10.6,Sometimes,0,4.8977
Electric Vehicle,37.0,6,53.0,Vegetarian,Rarely,12.5,Sometimes,1-2,1.984
Car,38.2,4,277.0,Non-Vegetarian,Often,15.7,Sometimes,1-2,6.1586
Bicycle,5.5,6,247.0,Non-Vegetarian,Often,2.7,Often,3-5,4.3003
Car,19.8,3,555.0,Non-Vegetarian,Often,14.4,Often,1-2,5.8138
Bus,3.5,5,463.0,Mixed,Sometimes,9.0,Often,3-5,4.8855
Car,77.0,4,347.0,Mixed,Often,15.1,Often,6+,9.323
Car,42.6,7,66.0,Non-Vegetarian,Sometimes,18.4,Never,0,4.9665
Bicycle,3.8,6,341.0,Mixed,Sometimes,19.6,Sometimes,3-5,4.2541
Motorcycle,50.5,6,329.0,Non-Vegetarian,Sometimes,8.5,Often,0,5.4873
Bus,24.9,6,204.0,Mixed,Often,4.1,Often,0,3.7405
Electric Vehicle,31.9,7,273.0,Non-Vegetarian,Often,4.5,Never,0,4.4837
Bus,3.2,7,75.0,Non-Vegetarian,Sometimes,12.8,Sometimes,0,2.5084
Car,65.2,4,312.0,Non-Vegetarian,Sometimes,9.2,Often,0,6.1951
Car,18.3,5,74.0,Mixed,Sometimes,16.5,Sometimes,0,2.8961
Motorcycle,64.1,7,441.0,Mixed,Sometimes,18.2,Never,3-5,7.5652
Train,10.9,5,122.0,Non-Vegetarian,Sometimes,13.6,Never,3-5,3.7459
Bus,14.7,3,472.0,Vegan,Sometimes,15.9,Sometimes,3-5,5.2772
Electric Vehicle,10.1,5,496.0,Mixed,Rarely,11.3,Often,1-2,4.5841
Motorcycle,73.6,3,379.0,Non-Vegetarian,Often,3.2,Often,1-2,5.7765
Motorcycle,14.1,3,420.0,Mixed,Sometimes,16.8,Sometimes,1-2,4.4597
Car,37.5,6,92.0,Vegan,Rarely,6.9,Often,1-2,3.6815
Electric Vehicle,76.9,7,549.0,Mixed,Often,19.8,Never,6+,8.936
Bicycle,5.0,2,135.0,Non-Vegetarian,Sometimes,3.7,Often,0,2.3237
Car,70.4,5,73.0,Vegetarian,Often,5.1,Often,0,5.5941
Electric Vehicle,42.2,7,356.0,Non-Vegetarian,Sometimes,5.8,Never,0,5.1716
Electric Vehicle,18.6,6,484.0,Mixed,Sometimes,13.3,Often,6+,6.8436
Train,33.7,3,286.0,Non-Vegetarian,Rarely,3.1,Sometimes,0,3.2724
Electric Vehicle,55.0,4,525.0,Mixed,Often,17.6,Often,1-2,5.3617
Car,9.4,5,246.0,Mixed,Sometimes,10.4,Often,0,3.2213
Car,26.3,5,380.0,Non-Vegetarian,Sometimes,14.3,Often,3-5,6.19
Electric Vehicle,71.1,6,398.0,Non-Vegetarian,Sometimes,11.4,Often,0,5.229
Car,8.7,4,486.0,Vegan,Rarely,15.9,Often,6+,5.9696
Electric Vehicle,62.7,5,190.0,Mixed,Sometimes,1.8,Sometimes,0,3.0082
Car,65.3,7,512.0,Non-Vegetarian,Sometimes,6.0,Sometimes,0,8.6473
Electric Vehicle,5.9,5,506.0,Mixed,Rarely,16.7,Often,1-2,4.4708
Bus,28.3,7,553.0,Non-Vegetarian,Sometimes,10.3,Never,6+,8.4831
Car,15.7,7,412.0,Non-Vegetarian,Sometimes,18.7,Often,1-2,5.4156
Car,62.1,7,208.0,Non-Vegetarian,Sometimes,2.6,Often,0,7.3922
Car,34.3,5,322.0,Non-Vegetarian,Sometimes,3.3,Often,1-2,5.3032
Train,3.5,6,121.0,Mixed,Often,2.6,Often,0,2.4208
Walking,4.6,5,54.0,Vegetarian,Sometimes,3.4,Often,1-2,1.3419
Electric Vehicle,55.6,6,408.0,Vegetarian,Sometimes,4.0,Sometimes,1-2,4.3234
Bicycle,0.8,2,543.0,Mixed,Sometimes,3.5,Never,6+,6.3724
Electric Vehicle,30.5,5,505.0,Non-Vegetarian,Rarely,10.9,Often,1-2,5.408
Train,25.2,3,299.0,Vegetarian,Often,2.1,Often,0,2.7967
Car,19.9,3,154.0,Vegetarian,Sometimes,18.5,Never,1-2,3.299
Electric Vehicle,22.2,4,183.0,Vegetarian,Sometimes,3.3,Often,3-5,3.1532
Electric Vehicle,71.7,4,449.0,Mixed,Sometimes,14.3,Often,0,4.6848
Car,72.8,6,332.0,Non-Vegetarian,Often,17.3,Often,1-2,9.1258
Walking,1.6,4,75.0,Vegetarian,Often,9.1,Sometimes,0,1.6171
Car,51.7,7,526.0,Mixed,Sometimes,10.5,Often,6+,10.2643
Car,28.3,6,239.0,Non-Vegetarian,Often,15.3,Sometimes,0,5.0668
Car,42.8,6,585.0,Mixed,Often,17.5,Sometimes,3-5,8.3874
Bus,10.2,6,503.0,Vegetarian,Sometimes,15.2,Never,0,4.7293
Car,10.1,6,583.0,Non-Vegetarian,Often,11.5,Sometimes,6+,8.1881
Bus,22.5,7,579.0,Vegetarian,Often,9.4,Sometimes,0,5.6135
Motorcycle,8.3,4,347.0,Mixed,Sometimes,14.4,Often,1-2,3.8928
Train,14.6,3,426.0,Mixed,Sometimes,8.4,Sometimes,0,3.8687
Motorcycle,61.3,4,268.0,Vegetarian,Sometimes,10.1,Sometimes,3-5,5.1854
Car,5.3,3,58.0,Non-Vegetarian,Sometimes,6.4,Never,3-5,3.2412
Train,37.5,5,439.0,Non-Vegetarian,Often,5.1,Sometimes,1-2,4.7598
Bicycle,3.2,3,500.0,Mixed,Often,18.7,Never,1-2,5.2085
Train,4.1,3,463.0,Mixed,Often,6.7,Sometimes,1-2,4.2251
Bus,16.2,7,444.0,Non-Vegetarian,Sometimes,10.9,Never,6+,7.0996
Bus,5.0,4,114.0,Non-Vegetarian,Rarely,12.5,Sometimes,1-2,2.9198
Bus,13.7,3,574.0,Non-Vegetarian,Rarely,4.2,Sometimes,1-2,5.1833
Car,8.1,6,58.0,Non-Vegetarian,Sometimes,19.6,Often,3-5,3.6753
Walking,4.7,4,303.0,Mixed,Sometimes,1.1,Never,1-2,3.1656
Motorcycle,79.9,5,271.0,Vegan,Often,8.2,Often,0,5.1799
Car,77.5,7,120.0,Non-Vegetarian,Often,17.3,Sometimes,3-5,9.185
Bus,20.8,5,469.0,Vegetarian,Sometimes,16.0,Sometimes,0,4.5954
Walking,5.3,5,363.0,Non-Vegetarian,Rarely,8.6,Often,0,3.7218
Electric Vehicle,45.7,4,102.0,Non-Vegetarian,Sometimes,6.0,Often,1-2,3.0837
Electric Vehicle,11.9,7,412.0,Mixed,Often,7.7,Never,0,4.0561
Car,70.5,4,307.0,Non-Vegetarian,Sometimes,14.4,Sometimes,3-5,7.8917
Car,76.2,3,96.0,Non-Vegetarian,Sometimes,7.6,Sometimes,6+,6.4538
Bus,26.1,5,365.0,Non-Vegetarian,Rarely,5.7,Sometimes,0,4.6744
Motorcycle,73.2,6,235.0,Non-Vegetarian,Sometimes,9.8,Sometimes,1-2,6.375
Motorcycle,20.7,7,284.0,Non-Vegetarian,Often,2.7,Sometimes,1-2,4.6668
Electric Vehicle,46.7,7,409.0,Mixed,Rarely,15.9,Often,0,4.5263
Train,3.5,6,517.0,Vegetarian,Often,1.6,Never,0,4.245
Electric Vehicle,28.1,4,462.0,Non-Vegetarian,Sometimes,12.8,Often,0,4.9374
Train,3.5,3,525.0,Non-Vegetarian,Sometimes,16.2,Sometimes,3-5,6.0175
Bicycle,0.6,7,589.0,Non-Vegetarian,Sometimes,2.7,Often,1-2,4.8953
Bus,37.1,6,300.0,Mixed,Sometimes,13.7,Sometimes,0,4.7213
Car,65.1,4,302.0,Non-Vegetarian,Sometimes,4.3,Sometimes,3-5,6.9722
Bus,19.2,4,543.0,Mixed,Sometimes,9.9,Often,3-5,5.2484
Bus,10.2,6,307.0,Vegetarian,Sometimes,6.9,Often,3-5,4.1163
Bus,21.5,4,452.0,Mixed,Rarely,19.4,Sometimes,0,4.2112
Electric Vehicle,56.5,6,465.0,Vegan,Often,7.5,Often,0,4.3846
Car,33.4,6,524.0,Mixed,Often,6.6,Sometimes,1-2,7.1588
Car,71.3,3,143.0,Non-Vegetarian,Sometimes,17.0,Often,3-5,6.1413
Walking,3.1,5,495.0,Mixed,Sometimes,10.8,Often,0,3.9729
Train,39.0,3,242.0,Mixed,Often,5.5,Often,6+,4.8953
Electric Vehicle,53.6,4,189.0,Mixed,Sometimes,10.4,Often,0,3.0668
Bicycle,5.1,4,533.0,Non-Vegetarian,Sometimes,17.7,Sometimes,3-5,5.3989
Car,46.5,3,475.0,Non-Vegetarian,Rarely,5.4,Sometimes,3-5,6.2573
Car,59.1,3,186.0,Non-Vegetarian,Sometimes,15.1,Never,6+,7.1764
Electric Vehicle,7.2,4,302.0,Vegetarian,Often,6.2,Sometimes,3-5,3.6633
Electric Vehicle,24.3,3,223.0,Vegan,Sometimes,3.7,Sometimes,0,2.188
Bus,26.4,6,163.0,Mixed,Often,9.9,Often,0,3.7164
Electric Vehicle,69.8,3,186.0,Mixed,Often,18.2,Never,3-5,4.38
Train,12.8,5,377.0,Mixed,Sometimes,15.4,Sometimes,3-5,4.7097
Car,41.7,3,316.0,Non-Vegetarian,Sometimes,12.3,Never,0,5.106
Bus,24.9,6,312.0,Non-Vegetarian,Sometimes,4.7,Sometimes,3-5,4.8956
Car,29.1,5,198.0,Mixed,Sometimes,5.0,Sometimes,6+,6.0822
Electric Vehicle,55.2,4,275.0,Vegetarian,Sometimes,14.8,Often,1-2,3.3375
Bus,26.6,7,424.0,Vegetarian,Rarely,4.5,Often,0,4.3222
Car,21.4,3,120.0,Non-Vegetarian,Sometimes,12.4,Sometimes,6+,5.3854
Bicycle,2.1,3,324.0,Mixed,Sometimes,7.4,Often,3-5,3.9699
Car,48.4,3,395.0,Mixed,Often,7.9,Often,3-5,6.075
Electric Vehicle,44.6,7,424.0,Non-Vegetarian,Sometimes,6.1,Often,3-5,6.1443
Car,43.8,5,304.0,Non-Vegetarian,Often,13.5,Often,0,6.0738
Car,18.9,3,388.0,Vegetarian,Often,11.5,Often,0,4.1583
Train,17.4,5,185.0,Mixed,Sometimes,15.1,Sometimes,1-2,3.2337
Electric Vehicle,71.7,7,359.0,Non-Vegetarian,Sometimes,15.1,Sometimes,0,4.8431
Car,51.9,6,394.0,Non-Vegetarian,Rarely,14.6,Sometimes,1-2,7.332
Bicycle,1.7,7,71.0,Vegetarian,Often,13.5,Sometimes,0,1.7274
Car,50.0,4,551.0,Non-Vegetarian,Often,7.7,Often,6+,9.8926
Train,32.7,5,493.0,Mixed,Often,14.0,Sometimes,0,5.0018
Car,70.0,7,247.0,Vegetarian,Often,7.2,Never,0,8.3764
Car,7.9,6,563.0,Vegetarian,Often,6.7,Often,3-5,5.9207
Car,22.8,3,550.0,Non-Vegetarian,Sometimes,14.5,Sometimes,1-2,5.5215
Train,35.7,7,496.0,Mixed,Rarely,16.8,Sometimes,1-2,5.1928
Car,67.2,5,522.0,Non-Vegetarian,Sometimes,17.3,Never,1-2,9.3839
Electric Vehicle,49.0,3,327.0,Vegetarian,Sometimes,13.3,Often,3-5,4.4536
Walking,5.5,2,235.0,Non-Vegetarian,Rarely,2.0,Sometimes,1-2,3.1158
Train,34.3,5,458.0,Non-Vegetarian,Rarely,16.2,Never,3-5,5.0791
Car,46.6,7,457.0,Mixed,Often,15.0,Sometimes,0,7.701
Car,22.8,5,65.0,Mixed,Sometimes,18.7,Sometimes,0,3.3355
Bicycle,6.3,3,253.0,Non-Vegetarian,Sometimes,17.3,Sometimes,3-5,4.1111
Walking,2.8,5,395.0,Mixed,Sometimes,11.9,Never,0,3.6808
Bicycle,1.4,6,296.0,Mixed,Sometimes,16.4,Sometimes,1-2,3.5324
Car,26.4,5,541.0,Non-Vegetarian,Sometimes,16.8,Sometimes,3-5,7.135
Bus,12.8,3,290.0,Vegetarian,Sometimes,7.5,Sometimes,3-5,3.7635
Train,15.7,3,562.0,Mixed,Sometimes,6.0,Often,0,4.8075
Car,63.7,4,320.0,Non-Vegetarian,Sometimes,4.7,Never,0,6.0878
Train,13.2,6,549.0,Non-Vegetarian,Rarely,7.4,Often,0,4.9882
Car,26.7,5,392.0,Non-Vegetarian,Often,18.5,Often,6+,7.4024
Electric Vehicle,21.1,5,487.0,Mixed,Sometimes,19.4,Often,1-2,5.012
Car,66.5,7,246.0,Vegan,Often,15.1,Never,1-2,7.4193
Car,40.5,5,551.0,Non-Vegetarian,Sometimes,15.6,Never,3-5,7.8888
Bus,11.6,6,356.0,Mixed,Often,12.7,Often,3-5,4.7308
Bus,38.4,7,591.0,Non-Vegetarian,Sometimes,1.5,Never,0,6.1696
Walking,4.6,6,93.0,Vegetarian,Often,4.3,Never,0,1.8541
Bicycle,6.0,7,169.0,Non-Vegetarian,Sometimes,12.2,Never,0,3.0286
Train,11.7,7,400.0,Non-Vegetarian,Often,19.9,Never,1-2,5.2895
Electric Vehicle,38.7,3,464.0,Non-Vegetarian,Sometimes,8.7,Often,0,4.9726
Electric Vehicle,15.1,3,349.0,Non-Vegetarian,Sometimes,4.5,Never,3-5,4.4352
Car,66.2,5,201.0,Vegan,Sometimes,11.6,Often,3-5,6.0866
Walking,5.0,5,274.0,Non-Vegetarian,Often,7.2,Never,1-2,3.667
Car,50.7,4,221.0,Non-Vegetarian,Sometimes,6.8,Often,0,5.1488
Train,39.4,7,389.0,Non-Vegetarian,Rarely,7.2,Often,1-2,4.5065
Car,75.6,6,486.0,Non-Vegetarian,Rarely,11.6,Sometimes,0,8.8093
Walking,4.9,5,280.0,Mixed,Sometimes,19.2,Never,6+,5.4563
Walking,1.6,7,475.0,Non-Vegetarian,Often,3.6,Sometimes,1-2,5.1939
Car,8.9,6,164.0,Non-Vegetarian,Sometimes,6.1,Often,1-2,3.6905
Bus,14.1,7,580.0,Non-Vegetarian,Sometimes,18.6,Often,0,5.8814
Motorcycle,65.0,5,422.0,Non-Vegetarian,Sometimes,16.6,Often,6+,8.4402
Motorcycle,55.8,3,538.0,Non-Vegetarian,Often,3.5,Sometimes,3-5,6.5674
Train,12.7,5,567.0,Non-Vegetarian,Often,18.4,Never,0,5.6749
Bus,10.1,5,490.0,Vegetarian,Rarely,3.9,Often,1-2,4.243
Bus,19.9,3,526.0,Vegetarian,Sometimes,2.6,Sometimes,1-2,4.1697
Train,32.8,6,256.0,Vegetarian,Sometimes,17.7,Sometimes,0,3.023
Car,24.7,4,552.0,Mixed,Sometimes,10.5,Often,3-5,5.4465
Car,41.7,7,431.0,Vegan,Sometimes,4.9,Sometimes,0,6.5927
Car,78.6,7,389.0,Vegetarian,Often,1.8,Sometimes,0,9.1289
Bus,34.0,5,369.0,Mixed,Sometimes,12.4,Sometimes,0,4.5896
Car,18.5,7,391.0,Vegetarian,Rarely,6.5,Sometimes,6+,6.5009
Electric Vehicle,5.5,6,314.0,Mixed,Sometimes,3.3,Never,0,3.222
Train,8.7,4,110.0,Non-Vegetarian,Sometimes,7.4,Often,3-5,3.6821
Car,67.6,3,206.0,Vegetarian,Rarely,6.4,Often,0,4.5597
Motorcycle,31.4,3,147.0,Non-Vegetarian,Rarely,8.9,Sometimes,1-2,3.2632
Bus,15.3,4,282.0,Mixed,Often,13.8,Sometimes,3-5,4.557
Bicycle,1.6,7,223.0,Vegan,Often,7.8,Often,3-5,2.7822
Bus,18.8,3,226.0,Mixed,Often,19.5,Never,1-2,3.6984
Electric Vehicle,39.0,7,161.0,Vegetarian,Sometimes,16.2,Never,3-5,3.7683
Car,69.9,5,341.0,Mixed,Sometimes,19.4,Often,1-2,6.4258
Bus,5.1,6,370.0,Vegetarian,Often,14.4,Sometimes,0,3.7463
Motorcycle,44.6,5,395.0,Non-Vegetarian,Sometimes,11.9,Never,0,5.9496
Car,63.1,3,228.0,Non-Vegetarian,Sometimes,15.8,Never,1-2,5.6516
Motorcycle,23.6,6,162.0,Non-Vegetarian,Sometimes,14.5,Sometimes,0,3.9115
Bus,35.2,3,368.0,Non-Vegetarian,Sometimes,8.7,Often,0,4.4952
Train,6.5,6,56.0,Mixed,Sometimes,2.2,Often,0,1.7092
Bicycle,5.2,6,544.0,Mixed,Sometimes,5.0,Often,3-5,5.2121
Train,34.3,5,259.0,Vegetarian,Sometimes,9.4,Never,1-2,3.1127
Bus,30.4,7,181.0,Mixed,Rarely,2.1,Sometimes,0,3.3476
Motorcycle,62.7,4,186.0,Non-Vegetarian,Sometimes,5.0,Often,0,4.2188
Bus,22.2,5,447.0,Vegan,Sometimes,14.6,Often,6+,6.2767
Electric Vehicle,30.1,4,562.0,Non-Vegetarian,Rarely,10.5,Often,0,4.8462
Motorcycle,48.2,6,149.0,Vegan,Sometimes,13.3,Sometimes,1-2,3.622
Train,33.3,6,64.0,Vegetarian,Often,13.0,Sometimes,3-5,2.6606
Electric Vehicle,14.1,6,332.0,Mixed,Sometimes,1.5,Often,6+,5.5416
Train,5.5,5,514.0,Vegan,Sometimes,13.4,Never,3-5,5.1172
Electric Vehicle,42.5,6,417.0,Non-Vegetarian,Sometimes,17.0,Often,1-2,4.7759
Electric Vehicle,63.9,3,203.0,Non-Vegetarian,Rarely,8.3,Never,6+,5.5513
Car,30.2,7,550.0,Non-Vegetarian,Rarely,10.3,Sometimes,0,6.689
Walking,5.6,6,500.0,Vegetarian,Sometimes,16.5,Often,6+,5.7983
Motorcycle,23.0,7,564.0,Non-Vegetarian,Often,14.9,Often,1-2,6.5819
Motorcycle,36.8,5,534.0,Mixed,Sometimes,10.0,Sometimes,0,5.6913
Car,13.5,6,194.0,Non-Vegetarian,Often,10.5,Often,0,4.5587
Train,38.0,7,219.0,Non-Vegetarian,Sometimes,12.5,Sometimes,3-5,4.3781
Car,15.8,3,513.0,Non-Vegetarian,Rarely,8.2,Sometimes,1-2,5.5244
Bus,24.4,7,281.0,Non-Vegetarian,Rarely,8.0,Often,0,4.2375
Car,62.3,6,356.0,Vegan,Sometimes,11.1,Sometimes,3-5,7.4005
Car,68.2,4,283.0,Vegetarian,Rarely,13.8,Often,6+,6.9792
Car,42.8,3,152.0,Vegetarian,Sometimes,13.6,Never,3-5,4.2601
Electric Vehicle,65.0,4,368.0,Vegetarian,Sometimes,10.7,Sometimes,6+,6.0718
Walking,4.8,4,427.0,Mixed,Sometimes,16.9,Often,0,3.8498
Train,29.8,7,93.0,Non-Vegetarian,Rarely,3.4,Sometimes,0,2.634
Car,31.2,7,559.0,Vegetarian,Sometimes,10.4,Never,1-2,7.0916
Car,25.4,3,453.0,Vegetarian,Sometimes,17.2,Sometimes,0,4.429
Motorcycle,71.2,5,158.0,Non-Vegetarian,Sometimes,8.2,Often,1-2,5.3552
Car,6.2,7,467.0,Non-Vegetarian,Often,13.2,Sometimes,3-5,6.1538
Car,58.8,3,215.0,Mixed,Often,12.3,Sometimes,0,4.7302
Car,76.8,3,518.0,Mixed,Sometimes,17.7,Often,1-2,7.4917
Electric Vehicle,53.1,4,578.0,Mixed,Often,12.1,Sometimes,6+,7.4729
Walking,7.2,2,105.0,Non-Vegetarian,Sometimes,17.2,Sometimes,0,2.7796
Car,11.9,6,207.0,Mixed,Sometimes,8.3,Sometimes,6+,5.5383
Electric Vehicle,5.2,4,579.0,Mixed,Sometimes,5.8,Sometimes,3-5,5.3982
Car,54.8,7,206.0,Non-Vegetarian,Often,15.3,Sometimes,0,7.2833
Car,76.4,7,559.0,Mixed,Sometimes,14.0,Often,0,10.4928
Car,64.4,7,339.0,Mixed,Rarely,12.0,Often,0,7.8357
Car,62.2,3,457.0,Vegan,Rarely,6.5,Never,0,5.3057
Car,43.6,7,236.0,Non-Vegetarian,Often,11.0,Often,0,6.7417
Car,34.4,3,127.0,Non-Vegetarian,Often,16.2,Never,6+,6.3666
Bicycle,7.1,6,114.0,Non-Vegetarian,Rarely,8.1,Sometimes,0,2.435
Bicycle,2.8,3,144.0,Mixed,Often,13.2,Never,0,2.7685
Bus,36.7,5,327.0,Non-Vegetarian,Sometimes,15.3,Sometimes,1-2,4.7841
Electric Vehicle,48.6,7,117.0,Mixed,Sometimes,3.9,Often,3-5,3.9256
Electric Vehicle,7.3,6,216.0,Vegan,Rarely,18.1,Often,3-5,2.5078
Bus,22.3,6,250.0,Non-Vegetarian,Rarely,11.3,Sometimes,6+,6.1706
Train,12.1,6,301.0,Non-Vegetarian,Often,19.1,Often,0,4.0934
Car,73.2,5,155.0,Vegetarian,Rarely,13.4,Often,0,5.9119
Car,28.6,4,170.0,Non-Vegetarian,Often,11.1,Never,6+,6.34
Electric Vehicle,78.0,4,131.0,Mixed,Sometimes,5.8,Never,0,3.2428
Electric Vehicle,52.2,4,56.0,Vegetarian,Sometimes,16.9,Often,0,2.0199
Walking,6.6,5,262.0,Non-Vegetarian,Rarely,18.5,Never,6+,5.7931
Electric Vehicle,54.6,7,321.0,Mixed,Often,14.5,Often,0,4.9854
Electric Vehicle,42.4,4,91.0,Non-Vegetarian,Sometimes,16.1,Often,0,2.8551
Car,21.4,3,535.0,Non-Vegetarian,Rarely,14.1,Often,3-5,6.0749
Electric Vehicle,26.3,6,492.0,Vegetarian,Sometimes,9.2,Sometimes,0,4.0732
Bicycle,5.5,6,376.0,Non-Vegetarian,Rarely,20.0,Sometimes,3-5,4.8214
Train,14.8,4,171.0,Non-Vegetarian,Often,4.2,Often,1-2,3.1562
Electric Vehicle,53.6,4,477.0,Non-Vegetarian,Sometimes,10.8,Sometimes,6+,7.4725
Train,11.6,6,475.0,Non-Vegetarian,Sometimes,12.4,Sometimes,0,4.6824
Car,37.0,7,376.0,Non-Vegetarian,Sometimes,7.1,Sometimes,1-2,6.8549
Bus,34.6,3,323.0,Non-Vegetarian,Sometimes,11.5,Often,0,4.2229
Car,48.3,7,486.0,Non-Vegetarian,Often,9.7,Sometimes,3-5,8.4539
Car,75.1,5,552.0,Non-Vegetarian,Sometimes,16.6,Sometimes,3-5,10.092
Car,17.8,5,370.0,Non-Vegetarian,Rarely,17.1,Never,0,4.9288
Car,48.6,4,413.0,Non-Vegetarian,Often,14.4,Often,0,6.6298
Motorcycle,28.1,3,420.0,Mixed,Often,9.1,Sometimes,0,4.1904
Car,7.3,3,320.0,Non-Vegetarian,Often,3.7,Sometimes,0,3.8492
Electric Vehicle,41.5,7,483.0,Non-Vegetarian,Often,1.8,Often,3-5,6.4572
Train,23.2,4,334.0,Non-Vegetarian,Often,17.6,Often,1-2,4.4661
Bus,11.5,5,421.0,Mixed,Often,7.1,Never,3-5,5.3231
Bicycle,7.6,5,184.0,Mixed,Often,5.1,Never,1-2,3.0295
Electric Vehicle,22.9,3,544.0,Mixed,Sometimes,4.1,Sometimes,3-5,5.3925
Electric Vehicle,71.6,3,65.0,Mixed,Sometimes,10.7,Never,3-5,3.1432
Car,76.4,3,423.0,Mixed,Rarely,10.5,Sometimes,3-5,6.9684
Car,43.8,6,84.0,Non-Vegetarian,Sometimes,9.5,Often,0,4.9417
Bicycle,2.6,6,366.0,Mixed,Often,5.0,Never,0,3.8384
Bus,10.9,4,219.0,Vegetarian,Rarely,7.9,Often,3-5,3.2559
Car,34.6,3,57.0,Non-Vegetarian,Rarely,5.5,Sometimes,6+,4.7943
Car,40.4,4,427.0,Vegetarian,Sometimes,19.2,Sometimes,3-5,6.1434
Bicycle,1.5,2,319.0,Mixed,Rarely,10.9,Often,3-5,3.6413
Bus,23.5,6,320.0,Non-Vegetarian,Sometimes,8.1,Never,1-2,4.5829
Bus,5.8,4,384.0,Vegetarian,Often,5.2,Sometimes,1-2,3.8174
Bus,4.4,5,114.0,Non-Vegetarian,Sometimes,10.5,Often,3-5,3.4616
Car,60.2,6,506.0,Non-Vegetarian,Rarely,11.6,Often,1-2,9.0295
Walking,6.0,2,186.0,Non-Vegetarian,Rarely,17.7,Often,1-2,3.0344
Train,36.6,3,472.0,Non-Vegetarian,Sometimes,13.6,Often,0,5.1292
Train,31.4,7,150.0,Vegetarian,Sometimes,5.8,Often,0,2.1081
Car,36.5,6,55.0,Mixed,Sometimes,19.3,Never,0,3.9978
Car,56.5,5,247.0,Non-Vegetarian,Sometimes,15.4,Often,0,6.2438
Electric Vehicle,68.7,6,467.0,Mixed,Sometimes,13.9,Sometimes,1-2,5.276
Electric Vehicle,49.1,4,404.0,Mixed,Rarely,19.5,Never,6+,6.5128
Bicycle,3.9,3,424.0,Vegan,Sometimes,15.6,Often,1-2,3.9725
Walking,2.7,2,428.0,Non-Vegetarian,Sometimes,14.2,Often,0,4.2042
Electric Vehicle,6.7,5,354.0,Non-Vegetarian,Rarely,9.0,Often,0,3.463
Car,76.0,6,83.0,Non-Vegetarian,Sometimes,9.9,Never,0,7.2263
Car,39.7,3,177.0,Vegetarian,Sometimes,1.9,Sometimes,0,3.1435
Car,28.1,6,413.0,Mixed,Sometimes,12.7,Sometimes,3-5,6.26
Train,33.0,3,465.0,Non-Vegetarian,Rarely,16.2,Sometimes,6+,6.7941
Train,30.4,7,365.0,Non-Vegetarian,Often,4.1,Sometimes,0,4.3533
Bus,6.9,4,83.0,Non-Vegetarian,Often,6.5,Never,0,2.8094
Motorcycle,32.9,7,483.0,Vegetarian,Sometimes,2.5,Often,0,5.2747
Car,23.2,6,199.0,Mixed,Rarely,17.9,Often,1-2,4.5529
Electric Vehicle,56.7,4,259.0,Non-Vegetarian,Often,13.8,Sometimes,0,4.482
Car,13.2,3,112.0,Mixed,Often,13.2,Never,0,3.129
Train,10.5,3,248.0,Vegetarian,Rarely,13.8,Sometimes,1-2,2.9373
Motorcycle,74.6,4,462.0,Non-Vegetarian,Sometimes,6.0,Never,3-5,7.4749
Car,56.4,7,364.0,Non-Vegetarian,Sometimes,3.7,Often,0,8.2667
Car,67.0,5,165.0,Mixed,Often,7.0,Often,1-2,6.4948
Motorcycle,45.0,5,518.0,Non-Vegetarian,Often,6.9,Never,3-5,7.6159
Car,31.1,5,376.0,Mixed,Sometimes,14.2,Often,3-5,5.5117
Car,43.8,5,65.0,Mixed,Sometimes,17.6,Often,1-2,4.0157
Train,35.7,6,495.0,Non-Vegetarian,Often,16.6,Often,0,5.3862
Bus,20.8,5,478.0,Non-Vegetarian,Sometimes,16.1,Sometimes,0,5.6647
Car,9.0,6,55.0,Non-Vegetarian,Often,18.6,Sometimes,1-2,3.7081
Bus,32.8,4,323.0,Non-Vegetarian,Often,16.5,Sometimes,6+,7.2662
Electric Vehicle,54.0,6,61.0,Vegetarian,Rarely,17.8,Sometimes,1-2,2.7121
Electric Vehicle,59.8,7,289.0,Vegetarian,Sometimes,11.9,Often,3-5,4.4699
Electric Vehicle,15.6,5,308.0,Non-Vegetarian,Rarely,19.1,Sometimes,6+,5.9986
Car,14.3,6,476.0,Non-Vegetarian,Sometimes,13.3,Sometimes,1-2,5.3438
Bicycle,4.9,3,421.0,Non-Vegetarian,Often,5.9,Sometimes,0,4.3541
Bicycle,2.3,2,482.0,Non-Vegetarian,Often,11.8,Often,0,4.8596
Walking,5.0,7,543.0,Mixed,Sometimes,9.7,Sometimes,0,4.4418
Car,58.2,5,425.0,Mixed,Often,9.3,Never,0,7.2037
Electric Vehicle,74.9,5,546.0,Vegetarian,Sometimes,5.0,Often,6+,6.946
Motorcycle,66.2,3,472.0,Non-Vegetarian,Rarely,14.8,Sometimes,1-2,5.9469
Car,17.3,6,177.0,Vegetarian,Rarely,1.3,Never,0,2.9413
Bicycle,1.7,5,476.0,Non-Vegetarian,Sometimes,12.2,Never,6+,6.5998
Bus,29.6,4,293.0,Mixed,Sometimes,10.1,Sometimes,0,3.8365
Car,61.4,6,156.0,Mixed,Sometimes,10.9,Sometimes,1-2,6.8052
Bicycle,1.9,4,116.0,Vegan,Sometimes,10.3,Often,0,1.4291
Car,79.8,7,262.0,Mixed,Sometimes,8.3,Often,3-5,9.8372
Car,42.3,5,546.0,Non-Vegetarian,Rarely,1.5,Never,1-2,6.9221
Bus,4.1,7,593.0,Vegetarian,Sometimes,17.0,Sometimes,3-5,5.4694
Electric Vehicle,12.9,4,387.0,Mixed,Often,6.2,Never,0,3.8387
Walking,5.6,5,418.0,Mixed,Sometimes,16.8,Often,1-2,4.5222
Motorcycle,58.7,3,384.0,Non-Vegetarian,Rarely,11.7,Often,0,5.1329
Bus,34.3,5,241.0,Non-Vegetarian,Often,14.3,Sometimes,3-5,5.6773
Car,20.7,5,496.0,Mixed,Often,10.8,Sometimes,0,5.3348
Train,10.3,4,58.0,Mixed,Sometimes,2.1,Sometimes,0,1.7699
Train,37.7,6,235.0,Vegetarian,Often,6.3,Often,6+,5.1951
Bus,21.3,5,334.0,Mixed,Sometimes,14.0,Sometimes,6+,6.1192
Train,24.3,3,217.0,Vegan,Sometimes,18.3,Never,0,2.359
Motorcycle,38.4,7,286.0,Non-Vegetarian,Sometimes,3.4,Often,0,5.0615
Car,77.6,4,408.0,Non-Vegetarian,Sometimes,18.4,Often,1-2,7.7921
Bus,17.3,4,561.0,Non-Vegetarian,Sometimes,11.9,Sometimes,1-2,5.6397
Electric Vehicle,76.1,6,297.0,Mixed,Sometimes,18.0,Sometimes,3-5,5.0724
Electric Vehicle,75.2,5,343.0,Non-Vegetarian,Sometimes,19.2,Never,0,5.341
Electric Vehicle,37.8,4,588.0,Non-Vegetarian,Rarely,9.5,Sometimes,1-2,5.145
Car,40.5,3,582.0,Non-Vegetarian,Sometimes,17.0,Sometimes,0,6.3981
Train,25.1,4,559.0,Non-Vegetarian,Sometimes,18.8,Sometimes,0,5.5125
Train,10.4,5,88.0,Non-Vegetarian,Sometimes,8.5,Sometimes,6+,4.4631
Electric Vehicle,72.7,4,466.0,Mixed,Often,18.9,Sometimes,6+,7.3218
Car,30.7,6,115.0,Non-Vegetarian,Often,19.8,Often,0,4.5254
Car,7.0,5,302.0,Non-Vegetarian,Sometimes,16.0,Never,0,4.1503
Walking,3.4,2,369.0,Mixed,Often,17.6,Sometimes,1-2,4.127
Bus,18.1,7,75.0,Mixed,Rarely,18.1,Sometimes,3-5,3.646
Motorcycle,54.1,4,374.0,Non-Vegetarian,Sometimes,11.2,Often,1-2,5.4208
Electric Vehicle,38.3,6,499.0,Vegan,Sometimes,1.8,Never,1-2,4.4671
Car,23.0,6,67.0,Vegetarian,Sometimes,12.2,Often,1-2,3.0419
Electric Vehicle,71.9,5,158.0,Non-Vegetarian,Rarely,14.8,Often,6+,5.6588
Bus,9.9,3,549.0,Mixed,Sometimes,16.2,Often,3-5,6.1465
Car,33.1,7,290.0,Vegetarian,Rarely,15.4,Often,0,4.9331
Motorcycle,22.5,3,188.0,Mixed,Sometimes,10.5,Never,0,3.2154
Car,47.9,3,398.0,Vegetarian,Sometimes,11.9,Sometimes,3-5,5.9962
Car,28.6,3,58.0,Non-Vegetarian,Rarely,17.4,Never,1-2,3.2296
Car,25.5,7,192.0,Mixed,Sometimes,18.5,Sometimes,0,4.6209
Bicycle,4.0,7,259.0,Vegan,Sometimes,11.4,Often,1-2,2.3886
Electric Vehicle,35.1,5,254.0,Non-Vegetarian,Sometimes,16.0,Often,1-2,4.2768
Electric Vehicle,59.0,6,270.0,Non-Vegetarian,Often,1.9,Sometimes,0,4.1023
Train,37.3,4,372.0,Non-Vegetarian,Often,18.6,Never,0,4.8353
Bus,22.6,7,357.0,Non-Vegetarian,Rarely,7.9,Often,0,4.7689
Car,10.8,7,249.0,Vegan,Often,4.2,Often,1-2,3.0999
Bus,28.4,3,84.0,Mixed,Rarely,8.9,Often,0,2.0515
Car,17.2,3,191.0,Vegetarian,Rarely,14.2,Often,3-5,3.3698
Electric Vehicle,13.1,3,491.0,Non-Vegetarian,Sometimes,8.6,Sometimes,1-2,5.4895
Car,42.4,5,123.0,Non-Vegetarian,Rarely,8.5,Sometimes,0,4.3011
Car,39.1,7,166.0,Vegetarian,Sometimes,11.9,Sometimes,1-2,5.2078
Bus,37.2,4,230.0,Mixed,Often,18.4,Sometimes,3-5,4.6424
Electric Vehicle,58.4,7,245.0,Mixed,Sometimes,13.6,Never,1-2,4.3023
Electric Vehicle,29.5,6,547.0,Non-Vegetarian,Sometimes,15.2,Often,3-5,6.5408
Car,36.8,7,219.0,Non-Vegetarian,Sometimes,4.2,Never,3-5,6.2087
Bicycle,4.5,3,287.0,Mixed,Often,10.2,Sometimes,0,3.1232
Train,39.5,3,497.0,Vegan,Sometimes,18.7,Often,3-5,4.6853
Train,5.2,7,222.0,Mixed,Sometimes,3.4,Never,1-2,2.9234
Electric Vehicle,14.3,5,400.0,Non-Vegetarian,Sometimes,18.1,Often,0,4.3027
Electric Vehicle,66.2,5,279.0,Vegetarian,Rarely,8.4,Sometimes,0,3.5378
Electric Vehicle,31.5,7,136.0,Vegetarian,Rarely,3.4,Sometimes,1-2,2.3449
Electric Vehicle,6.1,3,404.0,Non-Vegetarian,Often,12.3,Sometimes,0,4.4036
Car,71.3,7,214.0,Mixed,Sometimes,10.3,Sometimes,3-5,7.6622
Bicycle,2.1,3,568.0,Non-Vegetarian,Often,13.2,Often,1-2,5.5465
Car,27.7,4,97.0,Mixed,Rarely,10.2,Often,0,2.9791
Train,29.0,4,566.0,Vegetarian,Often,10.0,Often,1-2,4.7819
Motorcycle,37.8,6,246.0,Mixed,Sometimes,6.9,Often,0,4.2505
Electric Vehicle,18.5,6,273.0,Vegetarian,Often,5.7,Sometimes,3-5,3.8001
Car,39.7,3,508.0,Mixed,Sometimes,18.7,Never,3-5,6.4481
Electric Vehicle,21.7,4,363.0,Non-Vegetarian,Sometimes,17.2,Sometimes,1-2,4.7982
Electric Vehicle,65.9,6,154.0,Mixed,Often,2.3,Never,3-5,4.1678
Electric Vehicle,21.6,3,429.0,Vegetarian,Often,7.6,Sometimes,1-2,3.9536
Electric Vehicle,76.2,4,96.0,Mixed,Sometimes,13.8,Often,0,2.9879
Electric Vehicle,34.4,5,379.0,Vegan,Sometimes,16.8,Never,0,3.7021
Car,66.8,7,495.0,Non-Vegetarian,Rarely,3.8,Often,6+,11.4955
Bicycle,5.2,5,396.0,Vegetarian,Often,9.4,Often,0,3.5729
Electric Vehicle,43.0,6,557.0,Non-Vegetarian,Sometimes,2.1,Often,0,5.8925
Bicycle,2.1,2,74.0,Vegan,Rarely,9.0,Often,0,0.9722
Train,20.6,6,537.0,Non-Vegetarian,Sometimes,8.9,Sometimes,1-2,5.3606
Car,39.7,3,183.0,Non-Vegetarian,Sometimes,5.1,Never,0,3.8524
Electric Vehicle,55.3,7,207.0,Mixed,Rarely,6.6,Sometimes,0,3.7226
Car,28.4,4,222.0,Mixed,Rarely,19.8,Sometimes,3-5,4.8586
Bus,17.3,7,249.0,Non-Vegetarian,Sometimes,8.8,Never,6+,5.6666
Electric Vehicle,73.9,4,438.0,Non-Vegetarian,Sometimes,4.5,Often,3-5,5.4073
Car,47.3,4,584.0,Vegetarian,Rarely,6.0,Sometimes,6+,8.0872
Train,34.0,4,299.0,Vegetarian,Sometimes,8.9,Sometimes,0,3.1445
Car,51.4,6,75.0,Vegetarian,Often,3.9,Sometimes,0,4.5841
Car,63.4,5,401.0,Vegetarian,Often,13.8,Often,0,6.6538
Bicycle,5.6,4,362.0,Mixed,Sometimes,1.5,Often,1-2,3.5971
Train,33.0,4,382.0,Mixed,Sometimes,18.7,Often,1-2,4.2127
Bicycle,0.7,5,328.0,Non-Vegetarian,Sometimes,19.6,Sometimes,0,3.7512
Bus,19.0,3,424.0,Non-Vegetarian,Sometimes,10.8,Sometimes,3-5,5.3408
Car,29.5,7,149.0,Mixed,Sometimes,11.8,Often,0,3.8909
Bus,34.5,4,494.0,Mixed,Sometimes,15.0,Never,0,5.5916
Electric Vehicle,74.1,7,441.0,Non-Vegetarian,Rarely,14.0,Sometimes,0,5.5927
Train,11.9,5,531.0,Mixed,Sometimes,3.0,Sometimes,6+,6.3369
Motorcycle,46.0,6,529.0,Non-Vegetarian,Sometimes,11.4,Often,3-5,7.7931
Bicycle,7.7,6,582.0,Non-Vegetarian,Sometimes,18.0,Sometimes,0,5.3849
Bicycle,5.6,6,248.0,Non-Vegetarian,Sometimes,14.4,Sometimes,0,3.7912
Train,13.1,7,586.0,Non-Vegetarian,Sometimes,17.5,Sometimes,1-2,6.0743
Car,40.2,7,87.0,Vegetarian,Often,18.5,Sometimes,1-2,5.2231
Electric Vehicle,23.6,7,353.0,Vegan,Often,17.7,Never,3-5,4.5332
Bus,16.6,3,53.0,Vegetarian,Sometimes,7.9,Sometimes,6+,3.6655
Car,66.9,4,423.0,Non-Vegetarian,Rarely,11.5,Never,1-2,7.2359
Train,18.8,4,69.0,Vegetarian,Sometimes,12.5,Often,6+,3.6765
Car,63.0,6,400.0,Non-Vegetarian,Sometimes,14.1,Never,0,8.5438
Electric Vehicle,61.2,6,257.0,Non-Vegetarian,Often,5.0,Often,6+,6.8487
Electric Vehicle,44.7,5,595.0,Mixed,Sometimes,15.8,Never,6+,7.4826
Car,51.4,3,306.0,Non-Vegetarian,Often,14.1,Sometimes,0,6.0105
Car,77.6,3,514.0,Vegetarian,Sometimes,13.5,Often,1-2,6.845
Bicycle,2.6,7,362.0,Vegetarian,Often,4.2,Sometimes,1-2,3.3081
Car,69.6,4,148.0,Non-Vegetarian,Sometimes,3.6,Often,0,5.3064
Motorcycle,54.2,3,536.0,Vegetarian,Rarely,9.3,Sometimes,3-5,5.477
Car,76.6,4,142.0,Non-Vegetarian,Sometimes,2.9,Often,1-2,5.7129
Bus,37.2,7,276.0,Vegetarian,Sometimes,4.4,Never,0,3.8978
Motorcycle,24.2,4,288.0,Non-Vegetarian,Rarely,4.3,Often,0,3.4539
Electric Vehicle,20.7,3,206.0,Non-Vegetarian,Sometimes,4.8,Often,0,3.1372
Car,54.9,3,296.0,Mixed,Rarely,5.9,Sometimes,1-2,4.6257
Car,63.6,7,188.0,Non-Vegetarian,Sometimes,14.9,Sometimes,3-5,8.5062
Electric Vehicle,53.8,6,200.0,Non-Vegetarian,Rarely,18.7,Sometimes,0,3.9896
Electric Vehicle,38.1,6,403.0,Mixed,Sometimes,14.8,Sometimes,1-2,4.7048
Car,56.7,4,122.0,Non-Vegetarian,Rarely,4.0,Often,0,4.4074
Motorcycle,7.3,7,378.0,Non-Vegetarian,Rarely,1.8,Sometimes,0,4.0786
Bus,29.4,5,521.0,Non-Vegetarian,Rarely,2.7,Never,0,4.7035
Electric Vehicle,47.5,7,356.0,Mixed,Sometimes,2.7,Often,3-5,4.8799
Car,9.2,7,64.0,Non-Vegetarian,Sometimes,2.5,Sometimes,6+,4.4471
Electric Vehicle,12.5,5,502.0,Non-Vegetarian,Sometimes,16.1,Sometimes,1-2,5.2514
Electric Vehicle,48.8,5,121.0,Non-Vegetarian,Sometimes,2.8,Never,0,3.271
Car,74.9,6,529.0,Non-Vegetarian,Often,3.4,Never,0,9.9128
Car,57.8,5,576.0,Non-Vegetarian,Sometimes,4.1,Sometimes,0,8.3639
Car,73.8,7,404.0,Vegetarian,Sometimes,11.7,Sometimes,0,8.0601
Bicycle,4.2,5,577.0,Non-Vegetarian,Often,4.6,Often,0,4.9855
Car,57.5,5,67.0,Mixed,Sometimes,10.6,Often,0,4.7511
Train,22.6,6,207.0,Non-Vegetarian,Rarely,9.6,Sometimes,0,3.1172
Train,7.8,4,382.0,Non-Vegetarian,Sometimes,13.6,Sometimes,3-5,4.7058
Car,23.7,4,507.0,Mixed,Often,18.8,Often,0,5.8757
Car,63.5,3,194.0,Mixed,Rarely,8.6,Never,3-5,5.3164
Electric Vehicle,18.3,6,166.0,Vegetarian,Often,11.6,Never,0,2.6083
Car,32.3,3,457.0,Mixed,Often,4.9,Often,6+,7.2652
Car,12.9,5,196.0,Non-Vegetarian,Sometimes,11.8,Sometimes,0,3.6986
Bus,29.6,4,521.0,Mixed,Sometimes,10.6,Often,0,4.9023
Train,7.6,6,200.0,Non-Vegetarian,Sometimes,18.1,Often,0,2.881
Electric Vehicle,18.0,6,451.0,Non-Vegetarian,Sometimes,12.8,Sometimes,1-2,4.7985
Walking,4.8,2,248.0,Mixed,Rarely,7.0,Never,0,2.8169
Bus,34.7,6,536.0,Vegetarian,Sometimes,5.5,Sometimes,1-2,5.326
Electric Vehicle,17.9,5,457.0,Mixed,Rarely,10.6,Never,1-2,4.3756
Bicycle,4.5,7,504.0,Non-Vegetarian,Rarely,4.9,Never,3-5,5.8953
Car,25.1,6,57.0,Non-Vegetarian,Sometimes,8.4,Often,0,3.8064
Car,38.4,5,384.0,Mixed,Rarely,17.3,Never,6+,7.3186
Train,28.9,3,262.0,Vegan,Rarely,15.7,Sometimes,0,2.5568
Car,5.2,4,95.0,Vegan,Often,15.5,Never,6+,3.8774
Car,74.6,7,348.0,Mixed,Often,10.7,Sometimes,0,9.1067
Motorcycle,11.0,7,351.0,Vegetarian,Rarely,9.8,Sometimes,0,3.4269
Train,26.6,6,328.0,Non-Vegetarian,Rarely,2.2,Never,0,3.8007
Motorcycle,53.1,4,513.0,Vegetarian,Sometimes,11.1,Sometimes,3-5,5.8995
Motorcycle,32.6,7,438.0,Mixed,Sometimes,14.5,Sometimes,1-2,5.5275
Bus,36.1,6,436.0,Non-Vegetarian,Rarely,5.4,Sometimes,1-2,5.7386
Bus,27.4,7,403.0,Mixed,Sometimes,9.4,Never,0,4.7603
Train,25.4,7,107.0,Vegan,Sometimes,17.1,Sometimes,6+,3.8275
Car,65.6,3,531.0,Non-Vegetarian,Often,13.0,Often,6+,9.129
Train,10.8,5,422.0,Mixed,Sometimes,18.2,Sometimes,0,4.1749
Car,9.3,7,210.0,Non-Vegetarian,Sometimes,8.2,Often,0,3.6852
Walking,6.9,4,370.0,Vegetarian,Sometimes,15.9,Often,0,3.2369
Motorcycle,30.2,5,403.0,Non-Vegetarian,Sometimes,14.9,Sometimes,0,4.656
Electric Vehicle,74.5,5,302.0,Non-Vegetarian,Often,5.8,Often,3-5,5.8071
Motorcycle,74.0,4,232.0,Vegetarian,Often,18.8,Often,3-5,4.7376
Electric Vehicle,8.9,6,493.0,Mixed,Often,17.2,Sometimes,1-2,5.3226
Car,25.5,6,230.0,Vegetarian,Often,8.6,Sometimes,3-5,5.1326
Car,9.5,4,416.0,Non-Vegetarian,Rarely,1.0,Sometimes,3-5,4.95
Car,58.6,4,206.0,Non-Vegetarian,Sometimes,9.9,Sometimes,3-5,6.0452
Electric Vehicle,55.7,7,529.0,Non-Vegetarian,Sometimes,4.1,Sometimes,0,5.8399
Car,37.6,4,62.0,Vegetarian,Sometimes,1.4,Often,0,2.8147
Bus,21.4,6,154.0,Vegetarian,Rarely,8.3,Sometimes,1-2,2.7112
Electric Vehicle,54.4,7,73.0,Vegetarian,Often,2.3,Never,3-5,2.9632
Car,67.1,4,84.0,Mixed,Sometimes,2.6,Often,0,4.9576
Train,35.0,3,416.0,Non-Vegetarian,Sometimes,18.4,Never,1-2,4.9166
Car,73.1,3,369.0,Mixed,Sometimes,19.6,Often,1-2,6.0661
Bus,20.2,4,519.0,Non-Vegetarian,Often,8.2,Sometimes,0,5.4945
Car,77.2,3,387.0,Mixed,Sometimes,4.8,Often,3-5,6.5534
Car,8.8,6,393.0,Non-Vegetarian,Sometimes,5.5,Never,1-2,4.8614
Car,54.0,3,163.0,Non-Vegetarian,Often,6.9,Often,0,4.5235
Bicycle,0.7,2,129.0,Non-Vegetarian,Sometimes,16.2,Sometimes,0,2.7384
Train,7.6,5,218.0,Non-Vegetarian,Sometimes,3.0,Often,6+,5.1681
Electric Vehicle,47.2,4,454.0,Non-Vegetarian,Rarely,14.2,Often,1-2,5.0734
Car,37.8,5,504.0,Mixed,Sometimes,13.7,Never,3-5,7.3877
Walking,3.2,6,163.0,Non-Vegetarian,Rarely,8.1,Never,0,2.84
Electric Vehicle,49.4,7,575.0,Non-Vegetarian,Sometimes,19.1,Sometimes,3-5,7.0144
Train,5.5,7,202.0,Mixed,Sometimes,20.0,Often,1-2,3.0408
Electric Vehicle,5.4,5,90.0,Non-Vegetarian,Sometimes,4.0,Often,3-5,3.0037
Bus,21.3,5,232.0,Non-Vegetarian,Rarely,2.3,Sometimes,3-5,4.0276
Car,72.0,5,257.0,Mixed,Sometimes,12.7,Often,1-2,6.5919
Car,53.1,5,547.0,Mixed,Often,14.3,Never,1-2,7.7278
Electric Vehicle,7.4,6,183.0,Mixed,Sometimes,13.8,Never,0,2.6886
Train,3.5,6,373.0,Vegetarian,Sometimes,2.7,Often,0,3.0562
Car,53.6,7,441.0,Non-Vegetarian,Sometimes,3.4,Sometimes,0,8.2505
Bicycle,4.3,2,578.0,Non-Vegetarian,Sometimes,17.8,Sometimes,1-2,5.3267
Car,29.4,6,423.0,Vegetarian,Sometimes,11.6,Sometimes,0,5.6556
Car,23.0,4,263.0,Non-Vegetarian,Rarely,11.8,Sometimes,0,3.8211
Car,20.5,5,278.0,Vegetarian,Rarely,18.2,Often,1-2,4.1065
Motorcycle,50.5,3,376.0,Vegetarian,Rarely,14.5,Often,1-2,4.2692
Electric Vehicle,57.5,6,369.0,Non-Vegetarian,Sometimes,11.9,Often,1-2,4.9363
Electric Vehicle,60.5,3,364.0,Mixed,Rarely,4.1,Often,0,3.8674
Electric Vehicle,18.7,5,498.0,Mixed,Sometimes,3.5,Never,0,4.7674
Bus,18.0,3,111.0,Non-Vegetarian,Often,15.3,Never,3-5,4.1921
Electric Vehicle,53.9,7,250.0,Non-Vegetarian,Often,1.1,Often,0,4.3905
Car,19.1,6,309.0,Non-Vegetarian,Sometimes,9.6,Sometimes,3-5,5.7333
Car,9.9,5,534.0,Mixed,Sometimes,5.1,Often,1-2,5.4592
Car,61.4,5,472.0,Vegetarian,Sometimes,17.4,Often,0,6.9305
Bicycle,6.4,5,94.0,Non-Vegetarian,Sometimes,3.9,Often,3-5,2.9602
Bus,28.4,6,521.0,Non-Vegetarian,Sometimes,7.3,Often,1-2,5.9445
Car,73.9,3,441.0,Vegetarian,Often,10.5,Never,1-2,6.4205
Train,33.0,4,401.0,Non-Vegetarian,Sometimes,8.5,Often,1-2,4.3157
Train,8.9,5,370.0,Non-Vegetarian,Rarely,4.8,Often,1-2,4.0622
Bicycle,5.5,6,203.0,Mixed,Often,10.3,Sometimes,1-2,3.2518
Train,8.7,5,457.0,Vegetarian,Sometimes,19.1,Sometimes,1-2,4.5345
Car,52.4,3,497.0,Mixed,Sometimes,2.0,Sometimes,1-2,6.4813
Car,69.4,6,231.0,Non-Vegetarian,Often,6.6,Sometimes,0,7.8974
Motorcycle,64.9,7,576.0,Non-Vegetarian,Sometimes,4.2,Never,3-5,8.3507
Bus,21.4,5,366.0,Non-Vegetarian,Sometimes,8.8,Sometimes,1-2,4.916
Car,43.1,4,577.0,Mixed,Often,8.3,Often,1-2,6.6267
Bus,33.1,4,359.0,Non-Vegetarian,Sometimes,15.8,Never,3-5,5.2106
Electric Vehicle,60.5,5,302.0,Mixed,Often,17.4,Never,3-5,5.6048
Bus,26.1,3,477.0,Mixed,Often,14.4,Sometimes,0,4.8043
Motorcycle,31.0,6,460.0,Non-Vegetarian,Rarely,5.0,Often,6+,7.3843
Electric Vehicle,49.3,4,261.0,Vegan,Rarely,15.8,Never,1-2,3.0817
Car,33.7,7,476.0,Non-Vegetarian,Sometimes,14.4,Sometimes,0,7.2245
Train,4.1,4,560.0,Mixed,Sometimes,11.4,Often,0,4.6207
Bicycle,4.8,5,268.0,Non-Vegetarian,Often,9.4,Often,0,3.545
Car,21.8,6,249.0,Non-Vegetarian,Sometimes,2.9,Often,0,4.5275
Motorcycle,69.3,6,493.0,Mixed,Often,12.2,Sometimes,0,7.0077
Car,23.3,6,188.0,Non-Vegetarian,Sometimes,15.1,Sometimes,6+,7.0575
Electric Vehicle,54.0,6,460.0,Non-Vegetarian,Sometimes,15.3,Sometimes,1-2,5.6658
Car,20.9,3,125.0,Non-Vegetarian,Rarely,16.9,Sometimes,0,3.1863
Electric Vehicle,63.3,3,428.0,Non-Vegetarian,Sometimes,6.8,Often,3-5,5.1093
Train,20.3,3,72.0,Vegetarian,Sometimes,2.1,Often,0,1.5382
Car,43.0,5,192.0,Non-Vegetarian,Often,5.4,Sometimes,1-2,5.647
Bus,33.4,3,355.0,Non-Vegetarian,Sometimes,11.9,Sometimes,1-2,4.9496
Bus,22.4,4,110.0,Mixed,Sometimes,3.4,Often,1-2,2.5547
Motorcycle,10.1,3,582.0,Non-Vegetarian,Rarely,15.4,Often,3-5,5.5873
Car,27.0,7,205.0,Mixed,Sometimes,9.5,Often,3-5,5.6151
Walking,1.5,6,348.0,Non-Vegetarian,Sometimes,9.9,Often,0,3.8777
Train,33.8,7,367.0,Non-Vegetarian,Often,2.3,Sometimes,6+,6.4325
Bus,33.3,6,353.0,Non-Vegetarian,Sometimes,13.7,Often,0,5.2271
Car,19.7,4,139.0,Mixed,Sometimes,13.0,Often,3-5,3.7651
Bicycle,2.3,3,533.0,Non-Vegetarian,Sometimes,6.9,Never,0,4.7684
Car,66.9,3,93.0,Non-Vegetarian,Sometimes,7.5,Often,1-2,4.4971
Car,57.8,7,354.0,Vegetarian,Rarely,5.3,Often,1-2,7.227
Electric Vehicle,38.3,6,198.0,Non-Vegetarian,Sometimes,18.3,Sometimes,3-5,4.5782
Bus,22.6,3,377.0,Non-Vegetarian,Sometimes,12.3,Often,0,4.3848
Car,61.3,6,85.0,Mixed,Sometimes,17.0,Sometimes,0,5.4966
Car,22.2,5,471.0,Non-Vegetarian,Sometimes,19.5,Sometimes,3-5,7.0089
Electric Vehicle,44.9,5,127.0,Non-Vegetarian,Often,12.5,Often,3-5,4.378
Car,74.4,3,223.0,Non-Vegetarian,Often,16.0,Sometimes,0,5.5964
Car,37.1,6,322.0,Vegan,Sometimes,13.6,Often,3-5,4.8582
Bus,21.6,4,596.0,Mixed,Sometimes,9.2,Often,0,5.1131
Bus,21.8,6,78.0,Mixed,Sometimes,15.2,Sometimes,0,2.706
Bus,8.6,5,393.0,Mixed,Rarely,15.6,Sometimes,0,4.0647
Car,71.0,5,447.0,Mixed,Often,13.1,Sometimes,1-2,8.74
Walking,7.7,7,456.0,Mixed,Sometimes,8.2,Often,3-5,4.7719
Motorcycle,17.1,7,550.0,Non-Vegetarian,Often,19.2,Sometimes,1-2,6.7769
Electric Vehicle,52.4,3,165.0,Non-Vegetarian,Sometimes,6.3,Sometimes,1-2,3.0465
Electric Vehicle,18.9,7,103.0,Mixed,Rarely,3.3,Often,0,2.0856
Walking,5.8,3,563.0,Mixed,Rarely,15.3,Never,6+,6.6569
Electric Vehicle,34.4,5,182.0,Non-Vegetarian,Often,2.8,Sometimes,0,3.5615
Bus,9.1,7,544.0,Mixed,Often,2.6,Often,0,5.0834
Car,35.2,3,162.0,Mixed,Sometimes,9.2,Never,1-2,3.7844
Electric Vehicle,48.5,7,573.0,Non-Vegetarian,Rarely,16.7,Sometimes,3-5,6.7741
Train,6.4,4,479.0,Mixed,Rarely,8.9,Often,1-2,4.1051
Electric Vehicle,20.8,6,263.0,Non-Vegetarian,Sometimes,17.6,Sometimes,0,3.8429
Bus,34.5,7,292.0,Non-Vegetarian,Often,13.2,Sometimes,6+,6.9961
Car,20.2,3,519.0,Non-Vegetarian,Rarely,9.9,Often,6+,6.9122
Car,62.7,4,570.0,Mixed,Sometimes,12.6,Sometimes,3-5,8.1712
Car,11.1,3,288.0,Mixed,Sometimes,13.4,Sometimes,6+,5.1334
Car,75.7,3,442.0,Non-Vegetarian,Sometimes,5.5,Sometimes,0,6.596
Car,67.8,5,90.0,Mixed,Sometimes,7.3,Often,6+,7.0894
Electric Vehicle,16.4,7,244.0,Mixed,Rarely,1.0,Sometimes,1-2,3.3951
Walking,6.1,7,413.0,Vegetarian,Often,17.9,Sometimes,1-2,4.1073
Train,19.4,7,413.0,Vegetarian,Often,12.9,Often,3-5,4.6947
Car,10.4,3,279.0,Non-Vegetarian,Sometimes,6.5,Often,3-5,4.3611
Car,67.1,3,287.0,Vegetarian,Rarely,14.0,Never,0,4.6629
Car,24.1,3,304.0,Mixed,Sometimes,1.3,Sometimes,0,3.7607
Bus,3.9,4,414.0,Vegan,Sometimes,18.7,Never,1-2,3.6393
Car,74.8,4,477.0,Non-Vegetarian,Rarely,9.6,Often,0,7.4569
Bicycle,1.0,6,556.0,Mixed,Sometimes,6.6,Often,0,4.9529
Bus,27.8,7,90.0,Mixed,Rarely,10.7,Often,1-2,3.0634
Car,68.4,6,351.0,Vegetarian,Often,8.9,Sometimes,0,7.6659
Car,60.3,4,203.0,Mixed,Rarely,17.9,Sometimes,0,5.1482
Electric Vehicle,56.6,4,251.0,Mixed,Rarely,5.8,Sometimes,0,3.549
Bus,13.4,3,467.0,Mixed,Often,13.9,Sometimes,1-2,4.8925
Motorcycle,20.8,7,376.0,Vegetarian,Sometimes,15.4,Often,0,4.1064
Motorcycle,24.1,3,208.0,Non-Vegetarian,Sometimes,3.4,Often,1-2,3.6457
Electric Vehicle,30.0,3,465.0,Non-Vegetarian,Sometimes,17.2,Often,0,5.0286
Bus,36.7,6,319.0,Vegetarian,Sometimes,10.2,Sometimes,1-2,4.3102
Bicycle,4.8,7,89.0,Vegetarian,Often,17.2,Never,0,2.0305
Train,21.7,5,553.0,Non-Vegetarian,Sometimes,18.7,Often,1-2,5.8201
Walking,5.0,5,257.0,Vegan,Rarely,8.5,Often,3-5,3.0169
Car,16.1,7,108.0,Vegan,Sometimes,12.3,Sometimes,0,2.3958
Electric Vehicle,15.0,7,423.0,Non-Vegetarian,Sometimes,6.8,Sometimes,3-5,5.3207
Motorcycle,63.1,5,316.0,Non-Vegetarian,Rarely,18.4,Sometimes,0,5.5795
Bus,4.9,3,285.0,Non-Vegetarian,Sometimes,9.7,Never,3-5,4.2438
Car,33.9,5,136.0,Mixed,Often,5.4,Often,0,4.0466
Electric Vehicle,62.2,5,182.0,Non-Vegetarian,Sometimes,17.8,Sometimes,1-2,4.0038
Car,65.4,6,534.0,Non-Vegetarian,Often,2.8,Sometimes,3-5,9.7012
Bus,29.6,6,588.0,Non-Vegetarian,Sometimes,13.8,Often,3-5,7.4428
Electric Vehicle,8.0,6,302.0,Vegetarian,Sometimes,16.6,Sometimes,3-5,3.9019
Bus,38.0,4,385.0,Vegetarian,Often,13.6,Often,0,4.139
Electric Vehicle,45.6,7,103.0,Vegetarian,Often,1.4,Often,3-5,3.4087
Bus,35.7,6,394.0,Non-Vegetarian,Sometimes,10.0,Often,0,5.4671
Train,21.7,6,491.0,Non-Vegetarian,Sometimes,18.5,Sometimes,0,5.3319
Bus,9.7,6,186.0,Mixed,Rarely,6.0,Often,1-2,2.64
Bus,36.8,4,262.0,Mixed,Sometimes,11.4,Never,6+,5.6735
Electric Vehicle,49.0,3,141.0,Non-Vegetarian,Sometimes,13.2,Sometimes,0,3.0934
Electric Vehicle,48.7,7,534.0,Vegan,Sometimes,2.9,Often,1-2,4.7197
Bus,15.4,5,156.0,Mixed,Rarely,16.1,Sometimes,3-5,3.574
Motorcycle,35.3,6,62.0,Mixed,Sometimes,12.8,Sometimes,1-2,3.5972
Electric Vehicle,12.2,5,51.0,Vegetarian,Sometimes,1.7,Sometimes,1-2,1.726
Electric Vehicle,8.8,6,222.0,Mixed,Sometimes,19.8,Sometimes,1-2,3.5795
Bus,9.0,7,327.0,Mixed,Sometimes,6.8,Sometimes,0,3.5503
Bicycle,4.8,7,380.0,Mixed,Sometimes,16.1,Often,1-2,4.5591
Bicycle,6.6,5,397.0,Mixed,Often,9.5,Often,1-2,4.4014
Bicycle,7.6,7,184.0,Non-Vegetarian,Often,18.3,Often,0,3.0551
Electric Vehicle,60.9,4,245.0,Mixed,Rarely,9.2,Often,1-2,3.4966
Motorcycle,62.6,3,312.0,Mixed,Sometimes,5.9,Often,0,4.2084
Motorcycle,64.5,3,211.0,Non-Vegetarian,Rarely,14.0,Often,1-2,4.5249
Car,13.3,4,535.0,Non-Vegetarian,Sometimes,14.1,Never,1-2,6.3056
Bicycle,2.9,5,530.0,Mixed,Rarely,14.2,Never,3-5,5.6611
Car,46.1,3,318.0,Mixed,Sometimes,3.6,Often,3-5,5.0887
Bus,8.3,5,222.0,Mixed,Sometimes,19.7,Sometimes,0,2.6395
Car,41.2,5,280.0,Mixed,Sometimes,9.9,Often,0,5.0274
Train,28.2,6,391.0,Non-Vegetarian,Often,7.1,Often,0,4.5914
Electric Vehicle,22.8,3,436.0,Mixed,Sometimes,2.8,Never,3-5,4.6655
Train,33.2,6,261.0,Non-Vegetarian,Often,6.4,Never,0,3.9483
Train,27.1,6,588.0,Non-Vegetarian,Sometimes,14.3,Often,1-2,5.6085
Bus,5.7,7,416.0,Non-Vegetarian,Often,5.6,Often,0,4.6022
Car,33.4,6,521.0,Mixed,Often,11.6,Sometimes,0,6.9656
Motorcycle,35.7,5,116.0,Non-Vegetarian,Often,7.6,Sometimes,1-2,3.8063
Train,16.8,7,269.0,Non-Vegetarian,Often,6.5,Never,0,4.3302
Electric Vehicle,49.0,7,374.0,Non-Vegetarian,Often,7.0,Sometimes,0,5.0699
Car,33.7,4,234.0,Non-Vegetarian,Sometimes,10.2,Often,1-2,4.8845
Bicycle,5.7,4,92.0,Non-Vegetarian,Sometimes,10.9,Sometimes,0,2.4752
Walking,2.5,4,494.0,Non-Vegetarian,Sometimes,13.7,Often,1-2,4.813
Bicycle,1.3,4,279.0,Vegetarian,Sometimes,8.2,Sometimes,6+,4.7332
Car,16.3,4,120.0,Non-Vegetarian,Sometimes,17.7,Sometimes,3-5,3.9234
Bus,39.3,3,109.0,Non-Vegetarian,Rarely,12.1,Sometimes,1-2,3.1848
Electric Vehicle,50.1,5,185.0,Mixed,Often,11.5,Often,3-5,4.1906
Bicycle,6.0,2,495.0,Mixed,Sometimes,10.3,Often,0,4.2195
Car,43.6,7,384.0,Vegan,Often,18.3,Sometimes,1-2,6.1684
Car,19.4,5,442.0,Vegan,Often,11.5,Often,1-2,4.7715
Electric Vehicle,58.3,5,576.0,Non-Vegetarian,Often,9.2,Often,1-2,6.3124
Train,38.6,4,600.0,Vegetarian,Sometimes,11.8,Sometimes,3-5,5.688
Electric Vehicle,71.0,6,580.0,Mixed,Often,3.7,Never,3-5,6.8531
Bicycle,3.1,6,525.0,Non-Vegetarian,Rarely,9.7,Often,1-2,5.0897
Car,72.6,5,379.0,Mixed,Sometimes,17.4,Never,0,6.9469
Car,68.3,6,253.0,Mixed,Sometimes,14.6,Often,3-5,7.4239
Electric Vehicle,43.4,3,166.0,Non-Vegetarian,Sometimes,7.6,Never,0,3.3205
Bus,28.0,6,210.0,Vegetarian,Sometimes,1.7,Sometimes,3-5,3.6626
Car,64.6,4,473.0,Mixed,Rarely,19.9,Often,3-5,6.9926
Electric Vehicle,46.4,6,262.0,Vegetarian,Rarely,2.9,Sometimes,3-5,3.6335
Walking,4.2,4,349.0,Vegetarian,Sometimes,14.1,Often,0,3.2943
Car,71.3,3,335.0,Non-Vegetarian,Sometimes,18.6,Often,1-2,5.8586
Bus,37.3,3,374.0,Vegan,Sometimes,8.1,Often,0,3.4357
Train,25.1,4,574.0,Non-Vegetarian,Rarely,5.6,Sometimes,0,5.2005
Electric Vehicle,14.2,4,387.0,Non-Vegetarian,Often,7.5,Sometimes,6+,6.814
Electric Vehicle,66.6,3,139.0,Mixed,Often,17.2,Never,1-2,3.7688
Car,78.0,6,121.0,Non-Vegetarian,Often,1.3,Often,1-2,7.8906
Bus,12.9,4,477.0,Non-Vegetarian,Sometimes,19.9,Often,0,4.9399
Bicycle,1.9,3,455.0,Vegetarian,Sometimes,16.9,Often,6+,5.8246
Electric Vehicle,52.8,6,282.0,Non-Vegetarian,Sometimes,9.9,Often,0,4.776
Car,70.4,5,51.0,Non-Vegetarian,Sometimes,15.1,Often,0,5.9096
Car,11.4,7,296.0,Mixed,Often,15.3,Often,0,4.6925
Car,29.3,7,174.0,Non-Vegetarian,Rarely,3.4,Often,1-2,4.6336
Bus,9.7,6,189.0,Non-Vegetarian,Sometimes,4.1,Never,3-5,3.7494
Car,75.2,5,339.0,Non-Vegetarian,Rarely,14.5,Never,0,7.5376
Electric Vehicle,58.4,7,319.0,Mixed,Often,4.4,Often,3-5,5.374
Car,56.6,7,475.0,Non-Vegetarian,Sometimes,16.0,Sometimes,3-5,9.0548
Car,33.7,4,425.0,Vegetarian,Sometimes,3.5,Often,0,4.9168
Motorcycle,68.9,6,376.0,Non-Vegetarian,Sometimes,9.5,Sometimes,1-2,6.6588
Car,79.5,7,334.0,Non-Vegetarian,Sometimes,15.2,Never,0,8.9627
Car,52.8,7,124.0,Mixed,Rarely,11.6,Often,0,5.5393
Electric Vehicle,29.9,3,98.0,Non-Vegetarian,Sometimes,10.3,Sometimes,1-2,3.0647
Train,35.7,5,211.0,Mixed,Often,17.7,Often,1-2,3.942
Bicycle,4.7,7,135.0,Mixed,Rarely,1.8,Often,0,1.9737
Car,42.8,6,417.0,Non-Vegetarian,Sometimes,7.1,Sometimes,0,6.6303
Car,24.0,7,472.0,Mixed,Sometimes,8.6,Never,1-2,5.8761
Train,3.3,5,397.0,Non-Vegetarian,Sometimes,18.1,Sometimes,1-2,4.2312
Bus,27.9,5,532.0,Mixed,Sometimes,8.5,Sometimes,1-2,5.0843
Car,8.4,5,113.0,Vegetarian,Sometimes,15.1,Never,1-2,2.4428
Electric Vehicle,24.2,4,230.0,Mixed,Sometimes,13.8,Often,1-2,3.3902
Walking,1.5,4,343.0,Non-Vegetarian,Rarely,13.6,Never,3-5,5.071
Train,25.2,5,51.0,Mixed,Rarely,18.0,Often,3-5,2.9055
Car,54.5,7,378.0,Non-Vegetarian,Sometimes,8.5,Often,6+,9.9346
Train,21.4,5,311.0,Mixed,Often,15.2,Sometimes,3-5,4.7615
Motorcycle,36.7,4,480.0,Mixed,Sometimes,7.6,Never,6+,7.6282
Electric Vehicle,48.0,4,536.0,Non-Vegetarian,Sometimes,15.0,Sometimes,0,5.5359
Bus,6.5,3,414.0,Vegetarian,Sometimes,13.4,Sometimes,1-2,3.6519
Motorcycle,76.0,6,462.0,Mixed,Rarely,13.9,Never,1-2,6.7828
Train,27.8,4,109.0,Non-Vegetarian,Rarely,19.3,Sometimes,0,2.5869
Car,21.7,3,371.0,Vegetarian,Sometimes,7.4,Often,1-2,4.0824
Motorcycle,34.3,3,486.0,Vegetarian,Sometimes,8.4,Never,1-2,4.7426
Electric Vehicle,77.4,3,529.0,Mixed,Sometimes,2.7,Often,0,5.2637
Electric Vehicle,56.6,6,462.0,Mixed,Sometimes,12.5,Sometimes,0,4.7895
Electric Vehicle,71.5,7,224.0,Mixed,Sometimes,9.8,Often,0,4.002
Bicycle,0.8,2,592.0,Non-Vegetarian,Often,8.3,Often,6+,8.0035
Car,57.8,4,586.0,Mixed,Rarely,13.5,Sometimes,0,7.0257
Electric Vehicle,34.3,7,157.0,Mixed,Sometimes,4.0,Sometimes,3-5,3.6029
Electric Vehicle,26.5,5,325.0,Vegetarian,Rarely,12.5,Never,0,3.2786
Car,49.3,6,464.0,Non-Vegetarian,Sometimes,18.2,Sometimes,1-2,7.3609
Car,57.0,5,536.0,Non-Vegetarian,Sometimes,10.3,Never,6+,9.8195
Train,31.4,7,478.0,Mixed,Sometimes,5.2,Sometimes,6+,6.5395
Bus,19.2,7,324.0,Non-Vegetarian,Often,7.7,Often,1-2,4.7318
Motorcycle,54.8,6,196.0,Non-Vegetarian,Sometimes,1.6,Often,3-5,6.1483
Car,61.9,3,599.0,Mixed,Sometimes,1.9,Sometimes,6+,8.1717
Car,75.2,5,463.0,Mixed,Sometimes,3.1,Never,1-2,8.0743
Car,47.2,7,539.0,Mixed,Sometimes,10.3,Often,0,7.3275
Bus,33.0,7,575.0,Non-Vegetarian,Often,15.9,Sometimes,3-5,7.7415
Car,21.4,5,499.0,Non-Vegetarian,Sometimes,8.8,Sometimes,6+,7.1006
Car,69.9,6,556.0,Vegetarian,Rarely,18.6,Sometimes,0,8.1347
Bus,10.6,6,185.0,Mixed,Rarely,19.3,Never,0,2.9558
Car,14.8,6,65.0,Non-Vegetarian,Often,11.7,Never,0,3.8325
Motorcycle,49.1,6,180.0,Mixed,Sometimes,11.9,Often,6+,5.8408
Car,61.4,6,587.0,Non-Vegetarian,Sometimes,4.9,Sometimes,1-2,8.7692
Motorcycle,38.8,5,328.0,Non-Vegetarian,Sometimes,18.2,Often,1-2,5.2115
Train,12.4,5,195.0,Mixed,Sometimes,8.4,Often,0,2.8695
Bus,9.7,6,188.0,Non-Vegetarian,Sometimes,9.3,Never,0,3.1082
Bus,17.2,3,482.0,Mixed,Rarely,11.4,Sometimes,1-2,4.6367
Car,42.0,7,517.0,Non-Vegetarian,Sometimes,16.5,Never,3-5,9.0985
Car,26.5,3,291.0,Non-Vegetarian,Sometimes,6.4,Sometimes,1-2,4.4287
Bus,13.3,4,210.0,Vegetarian,Sometimes,17.5,Never,0,2.7385
Electric Vehicle,9.1,6,235.0,Non-Vegetarian,Often,4.7,Often,1-2,3.7488
Bus,37.5,7,419.0,Vegan,Sometimes,16.4,Sometimes,3-5,5.5814
Car,41.8,6,470.0,Non-Vegetarian,Sometimes,13.4,Sometimes,3-5,8.169
Walking,7.9,5,519.0,Non-Vegetarian,Rarely,18.7,Sometimes,1-2,5.2608
Electric Vehicle,68.4,6,65.0,Non-Vegetarian,Sometimes,10.5,Often,6+,4.9425
Electric Vehicle,64.3,3,427.0,Non-Vegetarian,Often,13.6,Sometimes,0,4.7576
Electric Vehicle,59.7,3,427.0,Vegan,Sometimes,5.4,Never,6+,6.0702
Motorcycle,16.1,7,137.0,Non-Vegetarian,Sometimes,7.3,Sometimes,0,3.1706
Car,38.2,4,371.0,Mixed,Often,19.0,Sometimes,0,5.8346
Train,23.5,7,483.0,Mixed,Sometimes,1.7,Sometimes,1-2,4.8426
Car,20.0,7,494.0,Non-Vegetarian,Sometimes,7.4,Often,0,6.0219
Bus,35.2,5,68.0,Non-Vegetarian,Sometimes,1.5,Never,0,3.2117
Bus,5.4,4,344.0,Non-Vegetarian,Sometimes,11.5,Often,3-5,4.759
Car,69.9,7,565.0,Non-Vegetarian,Sometimes,16.5,Often,0,10.818
Car,11.3,6,107.0,Non-Vegetarian,Often,9.1,Never,0,3.5249
Electric Vehicle,32.9,4,68.0,Non-Vegetarian,Sometimes,10.5,Often,1-2,2.9929
Car,38.2,4,345.0,Non-Vegetarian,Sometimes,1.9,Sometimes,1-2,5.345
Electric Vehicle,31.2,5,297.0,Non-Vegetarian,Often,16.0,Sometimes,3-5,5.0447
Train,35.9,6,545.0,Vegetarian,Often,6.6,Never,1-2,5.3758
Walking,4.5,6,456.0,Non-Vegetarian,Rarely,11.3,Sometimes,0,4.2077
Bus,13.8,5,481.0,Non-Vegetarian,Rarely,1.4,Sometimes,0,4.6988
Walking,1.1,2,484.0,Mixed,Often,6.8,Sometimes,1-2,5.0507
Motorcycle,56.0,3,97.0,Non-Vegetarian,Sometimes,19.4,Never,1-2,4.0203
Car,25.7,5,75.0,Vegan,Often,7.4,Sometimes,6+,4.4572
Train,3.9,7,393.0,Vegan,Sometimes,6.9,Often,1-2,3.2004
Car,53.7,7,570.0,Mixed,Sometimes,13.5,Sometimes,0,8.5026
Car,32.2,7,554.0,Vegetarian,Rarely,14.9,Sometimes,0,6.6811
Walking,2.7,7,417.0,Non-Vegetarian,Sometimes,17.6,Often,3-5,4.7275
Train,4.3,3,451.0,Non-Vegetarian,Sometimes,18.2,Often,0,4.7254
Bicycle,7.0,7,353.0,Mixed,Often,8.9,Often,3-5,4.463
Bus,7.1,6,78.0,Non-Vegetarian,Often,5.0,Sometimes,0,2.8093
Train,38.8,6,583.0,Mixed,Often,3.0,Often,0,5.1898
Train,28.1,7,103.0,Vegetarian,Sometimes,7.2,Often,0,1.8809
Car,37.9,3,135.0,Non-Vegetarian,Sometimes,3.4,Sometimes,1-2,3.6557
Car,61.7,7,245.0,Non-Vegetarian,Sometimes,12.1,Sometimes,0,8.0474
Car,9.5,7,406.0,Non-Vegetarian,Sometimes,9.9,Sometimes,0,4.8935
Car,36.8,5,145.0,Mixed,Often,6.0,Often,0,3.9312
Car,36.3,3,516.0,Non-Vegetarian,Rarely,4.5,Sometimes,6+,7.4601
Train,25.2,6,456.0,Non-Vegetarian,Often,5.9,Often,3-5,5.4332
Walking,1.4,3,563.0,Mixed,Sometimes,5.8,Sometimes,3-5,5.6136
Electric Vehicle,65.6,6,186.0,Non-Vegetarian,Sometimes,4.1,Often,3-5,4.8853
Train,3.1,6,205.0,Non-Vegetarian,Sometimes,6.0,Often,0,3.0265
Car,31.4,5,135.0,Non-Vegetarian,Sometimes,11.6,Never,6+,6.0143
Bicycle,6.7,3,343.0,Mixed,Often,7.8,Never,0,3.6439
Car,77.6,5,475.0,Mixed,Sometimes,8.0,Often,1-2,7.9501
Car,72.9,7,557.0,Non-Vegetarian,Sometimes,9.9,Never,0,9.9526
Car,51.4,6,341.0,Vegetarian,Often,3.9,Sometimes,1-2,6.8911
Car,70.9,4,297.0,Mixed,Sometimes,6.5,Often,0,5.557
Car,52.6,5,469.0,Non-Vegetarian,Sometimes,14.4,Often,1-2,7.4179
Car,48.1,5,384.0,Vegetarian,Rarely,8.9,Sometimes,3-5,6.6735
Bicycle,7.1,5,328.0,Mixed,Sometimes,17.7,Often,0,3.6841
Motorcycle,36.7,6,405.0,Non-Vegetarian,Rarely,4.6,Sometimes,6+,7.1629
Car,38.8,3,238.0,Non-Vegetarian,Often,11.5,Sometimes,0,4.6252
Car,28.9,3,332.0,Vegetarian,Sometimes,11.3,Never,0,3.997
Car,49.8,7,341.0,Non-Vegetarian,Often,13.2,Sometimes,0,7.822
Car,25.7,4,360.0,Non-Vegetarian,Rarely,10.2,Sometimes,0,4.6288
Car,33.3,6,57.0,Non-Vegetarian,Rarely,14.6,Sometimes,0,4.4742
Car,15.6,4,495.0,Non-Vegetarian,Often,11.5,Often,0,5.8605
Train,23.4,4,528.0,Mixed,Often,2.9,Often,0,4.6777
Car,36.2,3,83.0,Non-Vegetarian,Rarely,17.5,Often,3-5,3.7698
Motorcycle,58.2,7,85.0,Non-Vegetarian,Sometimes,13.2,Never,6+,6.9329
Bus,18.5,5,77.0,Non-Vegetarian,Sometimes,2.8,Sometimes,6+,4.5957
Car,38.2,4,309.0,Vegetarian,Sometimes,19.5,Never,0,4.5693
Car,6.3,7,56.0,Mixed,Rarely,18.4,Sometimes,3-5,2.99
Walking,4.1,7,147.0,Non-Vegetarian,Sometimes,6.4,Often,3-5,3.2805
Bus,22.4,7,514.0,Non-Vegetarian,Rarely,4.2,Sometimes,0,5.253
Train,33.6,4,124.0,Non-Vegetarian,Sometimes,19.3,Sometimes,0,3.1098
Car,55.3,4,353.0,Mixed,Often,10.3,Often,0,5.6922
Motorcycle,28.3,7,198.0,Non-Vegetarian,Rarely,16.5,Often,1-2,4.0901
Bicycle,2.5,5,169.0,Non-Vegetarian,Sometimes,10.9,Sometimes,0,3.0821
Train,13.4,5,349.0,Non-Vegetarian,Sometimes,1.3,Often,3-5,4.5326
Electric Vehicle,51.3,3,452.0,Vegetarian,Often,2.8,Often,3-5,4.9417
Bicycle,0.5,3,165.0,Vegetarian,Often,13.8,Sometimes,0,1.9384
Car,11.3,6,67.0,Mixed,Sometimes,19.8,Often,0,2.9226
Car,18.1,6,80.0,Non-Vegetarian,Rarely,8.4,Sometimes,3-5,4.005
Motorcycle,75.3,4,114.0,Vegetarian,Rarely,11.4,Never,0,3.5948
Bus,25.3,7,212.0,Non-Vegetarian,Sometimes,1.9,Often,1-2,4.1101
Train,16.4,7,90.0,Mixed,Rarely,17.0,Often,0,2.1382
Car,31.9,6,599.0,Non-Vegetarian,Sometimes,10.0,Sometimes,0,6.5804
Car,23.0,3,133.0,Vegetarian,Often,11.0,Often,1-2,3.0399
Car,36.8,4,212.0,Vegetarian,Rarely,17.8,Sometimes,0,3.9463
Train,24.5,5,309.0,Non-Vegetarian,Rarely,3.4,Sometimes,1-2,4.1663
Bus,32.3,5,140.0,Mixed,Sometimes,9.8,Often,1-2,3.1542
Electric Vehicle,74.3,7,494.0,Vegetarian,Often,11.5,Sometimes,1-2,6.2609
Car,10.0,4,448.0,Vegetarian,Sometimes,16.3,Sometimes,0,4.4288
Car,36.2,4,91.0,Non-Vegetarian,Sometimes,2.4,Often,3-5,4.5759
Bus,37.1,6,271.0,Non-Vegetarian,Often,7.0,Never,0,4.7628
Bicycle,0.5,4,54.0,Vegetarian,Often,2.7,Sometimes,3-5,2.213
Car,53.8,3,112.0,Non-Vegetarian,Sometimes,11.1,Often,1-2,4.3721
Bus,33.6,3,300.0,Vegan,Sometimes,7.0,Sometimes,0,3.0154
Car,47.7,5,210.0,Vegetarian,Sometimes,2.1,Often,1-2,4.599
Electric Vehicle,16.1,5,91.0,Non-Vegetarian,Sometimes,6.2,Often,0,2.3242
Car,14.2,6,224.0,Non-Vegetarian,Sometimes,9.3,Sometimes,3-5,4.1663
Car,22.2,3,404.0,Mixed,Often,3.4,Never,0,4.774
Car,43.9,7,495.0,Vegetarian,Sometimes,12.7,Sometimes,6+,8.8687
Motorcycle,28.9,3,515.0,Non-Vegetarian,Sometimes,7.2,Often,0,5.6515
Car,64.4,3,287.0,Mixed,Sometimes,6.5,Never,3-5,5.6247
Bus,40.0,3,562.0,Non-Vegetarian,Sometimes,9.1,Often,0,5.964
Electric Vehicle,45.7,3,401.0,Non-Vegetarian,Sometimes,14.0,Sometimes,3-5,5.6373
Car,46.8,7,175.0,Vegan,Rarely,13.8,Often,6+,6.7274
Electric Vehicle,23.0,5,436.0,Non-Vegetarian,Sometimes,13.4,Often,0,4.4691
Bicycle,4.1,2,416.0,Non-Vegetarian,Sometimes,16.9,Sometimes,0,4.1875
Bus,34.9,3,190.0,Vegan,Sometimes,10.0,Never,3-5,2.9542
Bus,26.0,7,365.0,Non-Vegetarian,Sometimes,15.0,Sometimes,1-2,5.0249
Electric Vehicle,7.4,5,316.0,Non-Vegetarian,Sometimes,11.1,Sometimes,0,4.1168
Motorcycle,8.7,4,458.0,Non-Vegetarian,Sometimes,4.3,Never,6+,6.9965
Electric Vehicle,7.6,6,148.0,Non-Vegetarian,Sometimes,18.0,Never,6+,5.3316
Electric Vehicle,60.9,3,267.0,Mixed,Rarely,3.3,Often,3-5,3.7328
Train,35.5,4,478.0,Mixed,Sometimes,19.2,Never,0,4.8601
Bus,15.8,4,336.0,Non-Vegetarian,Often,9.1,Sometimes,1-2,4.5161
Car,19.2,4,323.0,Mixed,Rarely,4.8,Often,0,3.3812
Bus,12.4,3,422.0,Non-Vegetarian,Rarely,12.6,Never,1-2,4.7201
Car,53.7,6,86.0,Mixed,Sometimes,7.5,Often,1-2,5.6604
Electric Vehicle,15.2,5,174.0,Mixed,Sometimes,18.2,Often,1-2,2.8045
Bicycle,4.2,6,490.0,Mixed,Sometimes,6.6,Often,1-2,4.7621
Bus,15.9,4,172.0,Mixed,Rarely,19.3,Often,0,2.6723
Car,12.6,3,182.0,Non-Vegetarian,Rarely,10.0,Never,6+,5.1501
Train,9.6,5,273.0,Non-Vegetarian,Often,16.8,Often,3-5,4.7536
Car,59.7,4,175.0,Vegetarian,Rarely,10.2,Sometimes,3-5,5.0308
Electric Vehicle,69.5,6,83.0,Mixed,Often,11.9,Sometimes,3-5,4.3527
Electric Vehicle,78.1,7,533.0,Mixed,Sometimes,12.7,Never,6+,8.4611
Car,66.2,7,152.0,Non-Vegetarian,Rarely,1.1,Often,1-2,6.9554
Train,5.8,6,513.0,Non-Vegetarian,Sometimes,11.3,Often,3-5,5.6734
Bus,10.3,5,592.0,Non-Vegetarian,Sometimes,5.4,Never,0,5.4995
Car,25.0,4,218.0,Non-Vegetarian,Sometimes,9.4,Sometimes,6+,6.2295
Car,73.5,5,227.0,Mixed,Sometimes,17.2,Often,1-2,6.8763
Bus,27.7,4,361.0,Mixed,Sometimes,7.1,Often,0,4.0702
Electric Vehicle,26.0,6,375.0,Non-Vegetarian,Rarely,7.5,Sometimes,0,3.5998
Motorcycle,27.1,5,536.0,Mixed,Sometimes,15.1,Sometimes,0,5.6332
Motorcycle,56.1,6,83.0,Mixed,Sometimes,5.1,Often,0,3.3134
Bicycle,5.7,2,594.0,Non-Vegetarian,Sometimes,5.2,Sometimes,1-2,5.0824
Bicycle,6.8,4,427.0,Non-Vegetarian,Sometimes,2.5,Sometimes,3-5,5.0029
Train,4.0,3,496.0,Non-Vegetarian,Often,18.0,Sometimes,6+,7.7003
Bus,4.7,4,494.0,Non-Vegetarian,Often,9.5,Often,0,4.8911
Bus,8.5,5,83.0,Non-Vegetarian,Sometimes,3.6,Often,0,2.4745
Bicycle,2.1,5,393.0,Vegetarian,Rarely,9.6,Never,3-5,4.0113
Bus,33.1,7,62.0,Non-Vegetarian,Sometimes,14.3,Never,6+,5.2077
Car,50.3,6,347.0,Mixed,Often,6.0,Sometimes,0,6.3177
Bicycle,5.9,2,503.0,Non-Vegetarian,Sometimes,4.5,Often,0,3.8074
Electric Vehicle,52.7,3,586.0,Mixed,Often,13.7,Sometimes,3-5,6.2749
Car,13.8,6,405.0,Mixed,Sometimes,12.3,Sometimes,6+,7.0971
Car,21.8,5,525.0,Vegetarian,Often,7.6,Often,0,5.2243
Car,24.1,5,574.0,Non-Vegetarian,Sometimes,1.1,Never,0,6.1591
Car,6.7,6,190.0,Non-Vegetarian,Sometimes,8.3,Often,0,3.5861
Motorcycle,32.1,3,205.0,Mixed,Sometimes,3.7,Sometimes,1-2,3.295
Car,36.7,3,581.0,Non-Vegetarian,Sometimes,12.4,Often,0,6.0805
Electric Vehicle,64.4,6,244.0,Non-Vegetarian,Sometimes,11.6,Never,1-2,4.7008
Train,14.4,3,236.0,Vegan,Often,18.7,Never,1-2,3.0183
Car,76.2,6,521.0,Mixed,Sometimes,17.7,Often,3-5,10.0405
Car,8.0,4,477.0,Vegetarian,Sometimes,12.1,Sometimes,0,3.8264
Car,43.2,5,203.0,Non-Vegetarian,Sometimes,15.5,Often,1-2,6.0003
Bicycle,2.4,4,96.0,Non-Vegetarian,Sometimes,10.7,Often,3-5,3.3091
Electric Vehicle,52.5,5,568.0,Non-Vegetarian,Sometimes,10.4,Often,3-5,6.0884
Car,48.4,5,589.0,Vegetarian,Often,18.4,Sometimes,1-2,8.4873
Car,5.4,5,261.0,Mixed,Often,5.8,Sometimes,3-5,3.8686
Walking,1.7,7,209.0,Mixed,Often,10.4,Never,6+,5.0252
Train,27.9,6,280.0,Non-Vegetarian,Sometimes,18.6,Sometimes,0,3.7373
Car,69.2,5,111.0,Vegetarian,Sometimes,3.3,Never,1-2,5.0519
Walking,3.7,7,573.0,Mixed,Sometimes,2.6,Never,0,4.7164
Motorcycle,33.5,5,119.0,Non-Vegetarian,Sometimes,5.0,Sometimes,3-5,3.7268
Car,64.5,6,464.0,Non-Vegetarian,Sometimes,1.5,Sometimes,1-2,8.5111
Bicycle,2.1,7,375.0,Non-Vegetarian,Often,10.2,Often,3-5,5.1232
Bus,33.5,3,199.0,Non-Vegetarian,Sometimes,17.1,Often,0,3.3654
Electric Vehicle,79.7,3,433.0,Non-Vegetarian,Often,5.9,Sometimes,1-2,5.6227
Electric Vehicle,29.1,5,123.0,Non-Vegetarian,Sometimes,10.3,Often,0,2.7159
Bicycle,2.5,4,453.0,Mixed,Sometimes,8.4,Often,3-5,4.5923
Car,25.4,4,52.0,Mixed,Sometimes,20.0,Often,6+,4.9679
Walking,5.6,3,309.0,Mixed,Rarely,12.9,Often,0,2.9933
Bus,23.6,3,571.0,Non-Vegetarian,Often,17.0,Often,3-5,6.812
Train,18.8,6,63.0,Non-Vegetarian,Sometimes,12.6,Never,1-2,2.8685
Electric Vehicle,24.8,4,403.0,Mixed,Often,16.3,Sometimes,1-2,4.451
Car,77.0,7,507.0,Mixed,Sometimes,5.3,Sometimes,3-5,10.2556
Car,13.0,5,360.0,Vegetarian,Rarely,4.7,Often,1-2,3.6888
Car,67.7,6,492.0,Non-Vegetarian,Rarely,1.7,Sometimes,0,7.9934
Car,51.9,4,164.0,Non-Vegetarian,Rarely,11.0,Never,3-5,5.7137
Bicycle,6.7,6,60.0,Non-Vegetarian,Often,6.7,Never,6+,4.2333
Bicycle,2.6,4,104.0,Vegan,Sometimes,13.8,Often,6+,3.2519
Train,7.4,4,365.0,Non-Vegetarian,Often,1.7,Never,0,4.3498
Train,6.5,6,553.0,Non-Vegetarian,Rarely,2.6,Never,3-5,5.828
Electric Vehicle,47.2,3,596.0,Non-Vegetarian,Sometimes,9.2,Sometimes,1-2,6.1357
Electric Vehicle,67.0,7,422.0,Mixed,Sometimes,17.4,Often,6+,7.6131
Electric Vehicle,44.7,5,262.0,Non-Vegetarian,Sometimes,6.8,Sometimes,3-5,4.8574
Electric Vehicle,59.8,6,311.0,Vegetarian,Often,19.9,Sometimes,3-5,5.0412
Motorcycle,31.8,5,244.0,Vegetarian,Sometimes,12.5,Sometimes,3-5,4.0075
Bicycle,2.3,5,129.0,Mixed,Sometimes,15.5,Sometimes,3-5,2.915
Bicycle,7.1,6,363.0,Non-Vegetarian,Sometimes,16.2,Often,6+,5.6474
Bus,21.4,7,261.0,Non-Vegetarian,Rarely,1.3,Sometimes,3-5,4.6442
Walking,5.0,6,576.0,Non-Vegetarian,Rarely,15.2,Never,0,5.2797
Car,6.4,3,195.0,Mixed,Rarely,16.3,Sometimes,0,2.994
Walking,2.6,7,187.0,Vegetarian,Often,9.0,Sometimes,6+,4.266
Walking,2.9,2,370.0,Non-Vegetarian,Often,13.6,Never,0,4.721
Car,27.7,6,294.0,Non-Vegetarian,Often,16.4,Sometimes,1-2,5.8679
Electric Vehicle,57.0,5,362.0,Vegetarian,Often,7.8,Often,3-5,4.4062
Electric Vehicle,5.5,3,438.0,Mixed,Often,19.5,Sometimes,0,4.6113
Train,4.6,3,104.0,Mixed,Sometimes,4.3,Never,3-5,2.6421
Electric Vehicle,51.2,4,556.0,Vegetarian,Sometimes,18.0,Never,0,5.3765
Car,68.5,7,284.0,Non-Vegetarian,Rarely,13.4,Often,6+,10.3981
Car,30.6,3,509.0,Mixed,Rarely,16.8,Often,0,5.3533
Car,11.2,5,460.0,Mixed,Sometimes,11.9,Sometimes,6+,5.8933
Electric Vehicle,74.1,6,82.0,Mixed,Sometimes,12.4,Never,3-5,4.3006
Electric Vehicle,42.1,6,384.0,Non-Vegetarian,Often,5.9,Sometimes,3-5,5.3969
Motorcycle,28.8,5,55.0,Non-Vegetarian,Rarely,8.6,Sometimes,0,2.7632
Bicycle,4.3,2,479.0,Mixed,Sometimes,5.9,Never,1-2,4.3402
Bus,21.5,3,215.0,Non-Vegetarian,Often,8.3,Sometimes,1-2,4.2477
Train,34.9,5,551.0,Vegan,Rarely,10.3,Sometimes,3-5,4.8448
Car,8.5,5,454.0,Vegetarian,Sometimes,19.7,Often,1-2,4.7529
Bicycle,4.2,7,60.0,Non-Vegetarian,Sometimes,17.1,Never,3-5,3.1104
Car,55.2,6,589.0,Mixed,Sometimes,5.8,Often,6+,10.3081
Car,59.4,7,114.0,Vegetarian,Often,1.1,Often,1-2,6.191
Car,54.0,3,286.0,Vegetarian,Sometimes,9.1,Sometimes,0,4.59
Train,20.3,6,455.0,Non-Vegetarian,Sometimes,3.3,Sometimes,0,4.4516
Car,64.7,6,58.0,Non-Vegetarian,Often,7.6,Often,3-5,7.0574
Electric Vehicle,73.4,7,188.0,Non-Vegetarian,Often,7.9,Sometimes,1-2,4.9255
Motorcycle,41.2,3,288.0,Non-Vegetarian,Sometimes,12.5,Never,3-5,4.9662
Train,7.3,4,56.0,Non-Vegetarian,Often,3.1,Never,6+,4.4392
Bicycle,5.2,6,172.0,Non-Vegetarian,Often,18.3,Sometimes,1-2,3.8433
Car,56.5,3,240.0,Non-Vegetarian,Sometimes,6.4,Sometimes,3-5,5.3758
Motorcycle,60.1,7,594.0,Non-Vegetarian,Rarely,13.8,Never,3-5,8.5409
Car,12.2,3,523.0,Non-Vegetarian,Rarely,10.3,Often,3-5,5.6629
Electric Vehicle,70.6,4,445.0,Mixed,Sometimes,5.6,Never,6+,7.1816
Electric Vehicle,51.7,5,118.0,Non-Vegetarian,Sometimes,2.5,Often,0,3.0217
Bus,35.4,5,348.0,Non-Vegetarian,Often,4.7,Often,0,5.013
Electric Vehicle,43.5,4,559.0,Mixed,Sometimes,4.4,Often,0,4.8388
Walking,8.0,2,263.0,Non-Vegetarian,Sometimes,11.6,Often,3-5,4.2957
Electric Vehicle,42.4,3,499.0,Non-Vegetarian,Sometimes,17.9,Often,3-5,5.3034
Electric Vehicle,53.0,6,264.0,Non-Vegetarian,Sometimes,19.9,Often,0,4.2453
Bus,38.3,3,202.0,Vegetarian,Sometimes,7.0,Often,1-2,2.7095
Bicycle,5.1,7,323.0,Vegan,Sometimes,17.4,Often,1-2,2.9066
Car,71.3,3,399.0,Mixed,Sometimes,16.6,Never,1-2,6.3683
Car,54.1,7,63.0,Mixed,Sometimes,8.0,Often,0,5.6254
Electric Vehicle,64.6,3,542.0,Non-Vegetarian,Often,18.4,Sometimes,1-2,6.2385
Electric Vehicle,43.1,3,348.0,Vegetarian,Sometimes,8.3,Sometimes,1-2,3.6938
Car,21.8,3,254.0,Vegetarian,Sometimes,2.4,Often,3-5,3.5817
Car,29.7,5,307.0,Vegetarian,Sometimes,10.7,Often,6+,5.9892
Car,78.8,7,460.0,Vegetarian,Sometimes,6.1,Sometimes,0,9.75
Car,26.7,4,62.0,Mixed,Often,10.4,Often,0,3.0482
Car,37.1,7,553.0,Non-Vegetarian,Often,3.9,Sometimes,1-2,9.214
Walking,3.4,6,541.0,Non-Vegetarian,Sometimes,10.7,Often,0,4.7945
Motorcycle,68.8,7,77.0,Mixed,Sometimes,4.8,Often,1-2,4.8239
Car,67.2,3,162.0,Non-Vegetarian,Often,12.7,Never,0,5.4069
Car,37.3,7,208.0,Vegetarian,Sometimes,19.4,Sometimes,1-2,5.3134
Car,28.0,5,431.0,Non-Vegetarian,Often,8.1,Sometimes,3-5,6.4172
Train,39.7,5,260.0,Non-Vegetarian,Sometimes,19.6,Sometimes,1-2,4.4332
Bus,35.5,4,182.0,Non-Vegetarian,Rarely,4.8,Sometimes,3-5,4.2207
Bicycle,4.4,3,107.0,Non-Vegetarian,Rarely,3.8,Never,3-5,3.2538
Train,21.3,5,53.0,Mixed,Sometimes,16.9,Often,6+,3.8618
Car,42.5,4,264.0,Mixed,Sometimes,10.1,Sometimes,1-2,5.0401
Motorcycle,36.0,3,246.0,Mixed,Sometimes,11.1,Often,3-5,4.3492
Car,69.1,7,303.0,Vegetarian,Often,12.0,Never,1-2,8.1638
Car,56.6,5,105.0,Non-Vegetarian,Sometimes,3.0,Sometimes,1-2,5.7154
Electric Vehicle,68.0,6,303.0,Mixed,Sometimes,10.6,Often,3-5,4.781
Bus,24.2,3,58.0,Mixed,Often,17.2,Sometimes,6+,5.0535
Bus,4.7,4,253.0,Non-Vegetarian,Sometimes,7.1,Often,1-2,3.7302
Walking,5.6,6,124.0,Non-Vegetarian,Rarely,12.6,Often,6+,4.2565
Car,9.7,4,195.0,Mixed,Sometimes,18.4,Sometimes,3-5,3.9557
Car,44.8,6,353.0,Vegan,Often,19.0,Often,1-2,6.0215
Walking,4.5,7,302.0,Mixed,Rarely,2.1,Never,0,3.089
Electric Vehicle,56.6,6,437.0,Mixed,Sometimes,2.1,Often,1-2,4.6905
Car,53.0,7,324.0,Non-Vegetarian,Often,5.0,Sometimes,6+,9.3646
Train,15.4,4,291.0,Vegetarian,Sometimes,17.6,Sometimes,0,3.0756
Walking,2.9,6,573.0,Vegetarian,Sometimes,9.4,Often,0,4.2844
Car,77.8,6,418.0,Non-Vegetarian,Rarely,10.1,Often,6+,10.6999
Car,78.2,4,297.0,Mixed,Rarely,13.3,Often,1-2,6.6207
Car,44.6,3,557.0,Non-Vegetarian,Sometimes,18.4,Sometimes,0,6.8359
Car,77.8,4,114.0,Non-Vegetarian,Sometimes,13.6,Often,0,5.8348
Car,72.7,5,132.0,Non-Vegetarian,Often,8.6,Never,0,5.8144
Car,78.7,6,310.0,Non-Vegetarian,Sometimes,1.4,Sometimes,3-5,8.066
Car,43.8,6,444.0,Mixed,Sometimes,13.7,Sometimes,6+,8.1354
Electric Vehicle,55.0,7,339.0,Vegetarian,Sometimes,17.7,Sometimes,1-2,4.2186
Motorcycle,47.2,6,591.0,Vegetarian,Sometimes,8.1,Sometimes,1-2,6.0854
Bus,37.3,5,508.0,Non-Vegetarian,Sometimes,10.1,Often,0,5.578
Motorcycle,8.9,3,132.0,Non-Vegetarian,Often,17.3,Often,0,3.1934
Train,4.3,3,53.0,Non-Vegetarian,Sometimes,7.8,Often,3-5,2.8227
Car,75.7,4,71.0,Vegetarian,Often,17.5,Often,0,4.7098
Car,62.0,4,492.0,Vegan,Sometimes,4.4,Often,0,5.5941
Train,24.1,6,428.0,Mixed,Rarely,15.7,Never,0,4.4877
Walking,3.5,2,75.0,Non-Vegetarian,Sometimes,13.9,Sometimes,6+,4.3877
Electric Vehicle,66.0,3,167.0,Mixed,Rarely,3.8,Never,0,2.7567
Bus,18.6,5,185.0,Mixed,Sometimes,15.5,Sometimes,0,3.2135
Bus,28.4,5,83.0,Non-Vegetarian,Rarely,10.5,Sometimes,3-5,4.2095
Car,43.1,7,532.0,Vegetarian,Often,18.2,Sometimes,3-5,8.8842
Car,50.0,7,321.0,Non-Vegetarian,Often,4.6,Sometimes,0,7.27
Electric Vehicle,77.3,4,469.0,Vegan,Often,8.6,Often,3-5,5.2945
Car,54.4,4,382.0,Non-Vegetarian,Sometimes,6.6,Often,0,6.2699
Train,14.4,6,339.0,Mixed,Often,14.2,Often,3-5,3.9687
Car,79.8,6,569.0,Vegetarian,Sometimes,15.5,Often,6+,10.1538
Walking,6.5,3,414.0,Non-Vegetarian,Sometimes,1.2,Sometimes,3-5,4.8843
Train,5.8,3,378.0,Non-Vegetarian,Sometimes,19.7,Often,0,4.0731
Train,7.9,4,327.0,Non-Vegetarian,Sometimes,19.2,Sometimes,3-5,4.7085
Electric Vehicle,70.0,4,206.0,Non-Vegetarian,Rarely,13.2,Sometimes,1-2,4.2719
Electric Vehicle,60.8,4,195.0,Mixed,Often,7.7,Never,0,3.7017
Walking,2.7,4,201.0,Mixed,Sometimes,1.5,Often,1-2,2.6852
Bicycle,4.9,6,407.0,Non-Vegetarian,Often,11.3,Often,6+,6.4046
Electric Vehicle,51.5,6,165.0,Non-Vegetarian,Often,4.0,Never,1-2,4.2225
Car,16.4,7,93.0,Non-Vegetarian,Often,19.5,Sometimes,0,3.9714
Bus,38.9,3,318.0,Non-Vegetarian,Rarely,1.5,Sometimes,1-2,4.4224
Car,55.2,4,294.0,Vegetarian,Sometimes,13.5,Often,6+,6.9999
Car,30.1,4,52.0,Mixed,Sometimes,2.0,Often,0,2.3101
Bicycle,5.3,5,382.0,Non-Vegetarian,Sometimes,7.2,Often,1-2,4.156
Train,26.0,4,264.0,Mixed,Often,6.7,Sometimes,0,3.2875
Train,39.3,5,299.0,Mixed,Sometimes,11.0,Sometimes,0,3.3622
Train,6.7,5,108.0,Non-Vegetarian,Sometimes,4.2,Often,1-2,2.7608
Electric Vehicle,76.8,5,404.0,Mixed,Rarely,4.9,Often,1-2,4.4111
Electric Vehicle,22.1,4,403.0,Mixed,Sometimes,8.3,Never,3-5,4.8048
Motorcycle,52.3,4,112.0,Vegan,Rarely,1.8,Sometimes,1-2,2.4261
Train,31.5,5,538.0,Mixed,Sometimes,15.4,Often,0,4.9764
Car,29.4,7,544.0,Vegetarian,Sometimes,9.0,Never,3-5,7.0451
Car,21.2,6,509.0,Non-Vegetarian,Sometimes,4.2,Sometimes,1-2,6.5955
Bicycle,7.4,5,208.0,Mixed,Sometimes,4.6,Sometimes,1-2,2.7069
Train,14.7,3,92.0,Mixed,Rarely,5.9,Often,1-2,2.2037
Bus,19.5,4,453.0,Non-Vegetarian,Sometimes,5.8,Often,3-5,5.8008
Walking,5.0,6,257.0,Non-Vegetarian,Often,11.9,Often,3-5,4.1763
Train,23.5,3,581.0,Mixed,Sometimes,3.7,Sometimes,6+,7.1326
Car,31.6,4,416.0,Non-Vegetarian,Sometimes,13.3,Never,1-2,6.0659
Car,73.1,3,566.0,Vegetarian,Sometimes,9.6,Often,1-2,6.5717
Bus,13.1,5,278.0,Mixed,Rarely,8.8,Sometimes,1-2,3.4893
Car,30.0,5,179.0,Mixed,Often,1.0,Never,1-2,4.375
Car,33.4,5,304.0,Non-Vegetarian,Sometimes,15.6,Often,0,5.1355
Car,53.2,6,586.0,Vegetarian,Rarely,1.1,Sometimes,1-2,7.6734
Walking,6.5,3,183.0,Vegetarian,Often,17.9,Sometimes,3-5,3.4081
Train,35.0,3,511.0,Mixed,Sometimes,17.1,Often,0,4.8683
Electric Vehicle,6.0,4,477.0,Mixed,Rarely,12.3,Often,3-5,5.3278
Motorcycle,48.4,3,564.0,Mixed,Sometimes,7.7,Never,0,5.8188
Electric Vehicle,37.4,3,269.0,Vegetarian,Sometimes,17.5,Never,1-2,3.437
Train,24.2,6,294.0,Non-Vegetarian,Sometimes,12.3,Often,1-2,4.1515
Car,74.8,6,420.0,Non-Vegetarian,Sometimes,9.0,Never,0,8.0062
Car,43.5,6,348.0,Non-Vegetarian,Sometimes,17.1,Sometimes,6+,8.0128
Car,63.3,6,242.0,Non-Vegetarian,Sometimes,8.4,Often,6+,8.6559
Bus,37.7,4,57.0,Mixed,Rarely,14.5,Never,0,2.6654
Bus,15.3,5,59.0,Mixed,Rarely,15.5,Often,0,2.1995
Car,67.6,6,295.0,Mixed,Often,6.3,Sometimes,6+,8.8233
Car,27.0,6,220.0,Non-Vegetarian,Often,16.1,Often,1-2,5.1044
Car,47.6,4,415.0,Mixed,Sometimes,8.1,Sometimes,1-2,6.0719
Bus,22.9,4,115.0,Non-Vegetarian,Sometimes,7.9,Sometimes,0,2.9863
Walking,0.7,5,377.0,Non-Vegetarian,Sometimes,6.3,Sometimes,3-5,5.1495
Bicycle,4.6,4,104.0,Mixed,Sometimes,18.2,Sometimes,1-2,2.7062
Train,5.7,4,289.0,Mixed,Sometimes,1.4,Sometimes,6+,5.2935
Electric Vehicle,8.7,6,505.0,Non-Vegetarian,Often,16.8,Sometimes,0,5.6162
Bicycle,1.2,5,468.0,Non-Vegetarian,Often,6.3,Often,1-2,4.8786
Electric Vehicle,8.8,3,238.0,Non-Vegetarian,Often,11.5,Sometimes,1-2,3.9348
Bus,28.3,5,436.0,Vegetarian,Often,1.6,Never,0,4.6323
Car,64.0,6,101.0,Non-Vegetarian,Sometimes,9.3,Often,1-2,6.1281
Bus,12.8,3,386.0,Non-Vegetarian,Often,17.4,Often,0,4.4484
Motorcycle,49.9,3,96.0,Vegetarian,Often,8.7,Sometimes,6+,5.0173
Bus,30.8,6,80.0,Non-Vegetarian,Sometimes,13.9,Sometimes,0,2.9457
Train,30.5,5,195.0,Non-Vegetarian,Sometimes,16.0,Never,1-2,3.8502
Train,15.5,6,381.0,Mixed,Sometimes,8.0,Often,0,3.7475
Bus,36.0,5,493.0,Non-Vegetarian,Often,4.9,Sometimes,1-2,6.1799
Car,29.0,4,499.0,Vegetarian,Often,5.2,Sometimes,0,5.4798
Car,60.4,7,242.0,Mixed,Often,17.8,Sometimes,1-2,7.3306
Electric Vehicle,33.0,3,281.0,Non-Vegetarian,Sometimes,15.7,Often,0,3.7085
Electric Vehicle,63.6,4,387.0,Non-Vegetarian,Sometimes,13.9,Never,0,4.8163
Bus,9.6,4,527.0,Mixed,Rarely,9.1,Often,1-2,4.8997
Motorcycle,43.0,6,448.0,Non-Vegetarian,Sometimes,8.0,Sometimes,3-5,6.7977
Car,58.0,3,585.0,Mixed,Sometimes,1.4,Never,0,6.5426
Car,75.6,3,594.0,Non-Vegetarian,Sometimes,2.8,Often,0,7.7804
Car,33.5,7,330.0,Non-Vegetarian,Sometimes,10.3,Sometimes,1-2,6.2462
Train,22.9,3,339.0,Mixed,Sometimes,17.1,Sometimes,0,3.9051
Electric Vehicle,64.9,4,410.0,Mixed,Often,17.5,Sometimes,3-5,5.5605
Bus,30.7,4,468.0,Non-Vegetarian,Often,6.1,Sometimes,0,5.0093
Car,17.7,3,348.0,Mixed,Sometimes,6.3,Sometimes,0,3.6158
Car,78.7,7,361.0,Mixed,Rarely,10.8,Sometimes,1-2,9.5183
Electric Vehicle,37.4,7,489.0,Non-Vegetarian,Sometimes,7.5,Never,0,5.227
Electric Vehicle,20.0,4,389.0,Vegetarian,Rarely,12.1,Often,0,3.3674
Bus,28.9,3,463.0,Non-Vegetarian,Sometimes,13.0,Sometimes,1-2,5.4386
Train,27.1,6,552.0,Non-Vegetarian,Rarely,12.0,Often,0,5.1629
Bus,25.7,3,423.0,Mixed,Often,15.4,Sometimes,0,4.7981
Car,10.1,3,303.0,Non-Vegetarian,Sometimes,18.4,Sometimes,1-2,4.3586
Bus,21.8,5,590.0,Non-Vegetarian,Sometimes,15.9,Sometimes,3-5,7.5699
Bus,31.8,4,146.0,Mixed,Sometimes,10.4,Sometimes,1-2,3.4113
Car,75.7,7,92.0,Mixed,Rarely,6.8,Sometimes,0,6.6494
Car,62.8,6,363.0,Non-Vegetarian,Often,8.1,Often,0,8.1268
Bicycle,0.7,6,517.0,Non-Vegetarian,Sometimes,12.4,Often,1-2,5.1446
Car,14.2,6,246.0,Non-Vegetarian,Sometimes,1.1,Never,1-2,4.2955
Bus,19.6,3,220.0,Mixed,Often,10.4,Sometimes,1-2,3.6063
Car,11.0,5,386.0,Vegetarian,Sometimes,1.5,Sometimes,0,3.8167
Electric Vehicle,11.7,7,107.0,Non-Vegetarian,Sometimes,18.7,Never,3-5,3.9232
Car,50.1,4,467.0,Vegetarian,Sometimes,13.1,Never,1-2,6.3662
Bus,4.2,3,518.0,Non-Vegetarian,Sometimes,17.1,Often,0,4.9579
Car,73.7,5,263.0,Non-Vegetarian,Often,5.5,Sometimes,6+,8.3371
Car,52.5,5,250.0,Non-Vegetarian,Sometimes,11.5,Sometimes,3-5,6.7409
Car,56.4,5,176.0,Mixed,Sometimes,3.1,Sometimes,0,5.6518
Car,68.2,7,200.0,Mixed,Sometimes,1.7,Often,1-2,8.2243
Electric Vehicle,76.1,3,164.0,Non-Vegetarian,Rarely,8.5,Sometimes,3-5,4.3582
Electric Vehicle,16.2,3,313.0,Vegetarian,Often,7.4,Often,1-2,3.2167
Car,22.7,3,172.0,Non-Vegetarian,Sometimes,10.8,Often,1-2,3.8288
Train,35.3,3,436.0,Vegan,Sometimes,2.9,Never,0,3.5709
Motorcycle,11.9,5,287.0,Non-Vegetarian,Rarely,8.4,Never,3-5,4.7764
Walking,7.3,4,527.0,Non-Vegetarian,Sometimes,14.8,Often,0,4.9322
Bicycle,5.3,2,104.0,Vegetarian,Sometimes,12.4,Never,0,2.0221
Car,44.2,7,54.0,Mixed,Often,3.1,Sometimes,0,5.4055
Bus,15.7,7,559.0,Non-Vegetarian,Often,10.0,Sometimes,0,5.4696
Train,27.5,7,395.0,Non-Vegetarian,Rarely,12.5,Sometimes,1-2,4.9055
Electric Vehicle,70.3,7,507.0,Non-Vegetarian,Often,4.1,Never,0,6.8276
Electric Vehicle,11.0,3,506.0,Non-Vegetarian,Sometimes,5.3,Sometimes,3-5,4.9774
Car,26.9,4,447.0,Mixed,Sometimes,3.2,Often,6+,7.2556
Car,27.2,7,253.0,Vegan,Sometimes,2.0,Never,1-2,4.1716
Car,37.0,7,243.0,Non-Vegetarian,Often,9.1,Often,0,5.9701
Car,36.0,3,71.0,Mixed,Rarely,10.9,Never,0,2.9617
Train,7.3,6,416.0,Non-Vegetarian,Rarely,4.8,Never,0,3.7466
Car,18.0,4,235.0,Mixed,Sometimes,13.5,Never,3-5,4.479
Bus,9.9,4,350.0,Mixed,Sometimes,18.6,Sometimes,0,4.0449
Electric Vehicle,38.7,3,243.0,Non-Vegetarian,Sometimes,11.5,Sometimes,1-2,3.9172
Car,68.6,6,390.0,Mixed,Rarely,18.4,Often,6+,10.0752
Train,39.1,6,574.0,Vegetarian,Rarely,17.0,Sometimes,0,5.1152
Bicycle,6.8,5,257.0,Non-Vegetarian,Often,8.3,Sometimes,0,3.6544
Bicycle,1.1,4,186.0,Mixed,Often,12.0,Never,1-2,3.3303
Car,48.5,4,333.0,Vegetarian,Rarely,7.5,Sometimes,3-5,5.5393
Electric Vehicle,29.2,5,128.0,Non-Vegetarian,Often,13.8,Often,3-5,4.3529
Car,47.3,7,469.0,Vegetarian,Often,16.0,Sometimes,3-5,8.4355
Walking,6.3,2,518.0,Non-Vegetarian,Rarely,9.2,Sometimes,0,5.0841
Train,11.3,3,175.0,Mixed,Sometimes,3.0,Sometimes,1-2,2.714
Bicycle,7.0,6,526.0,Vegetarian,Rarely,1.2,Sometimes,0,3.5837
Bus,25.3,6,211.0,Mixed,Sometimes,18.8,Sometimes,3-5,3.8351
Car,28.2,7,300.0,Non-Vegetarian,Sometimes,13.2,Sometimes,3-5,5.872
Electric Vehicle,28.8,5,277.0,Non-Vegetarian,Sometimes,18.4,Often,1-2,4.2559
Car,40.7,4,580.0,Mixed,Sometimes,1.8,Often,1-2,6.8066
Car,55.0,3,230.0,Non-Vegetarian,Sometimes,16.3,Never,6+,7.3206
Car,72.0,6,335.0,Mixed,Rarely,12.0,Sometimes,0,7.7337
Bicycle,1.1,7,462.0,Vegan,Sometimes,14.7,Never,0,3.6437
Car,69.9,6,462.0,Non-Vegetarian,Sometimes,5.1,Sometimes,0,8.3745
Car,10.6,5,156.0,Vegetarian,Sometimes,13.8,Often,3-5,3.2476
Car,13.1,5,304.0,Mixed,Rarely,9.5,Sometimes,1-2,3.8812
Electric Vehicle,61.3,5,222.0,Non-Vegetarian,Often,18.7,Often,1-2,4.4725
Electric Vehicle,9.8,3,478.0,Non-Vegetarian,Sometimes,4.3,Sometimes,1-2,5.3306
Bicycle,0.6,7,337.0,Non-Vegetarian,Sometimes,4.7,Never,1-2,3.835
Electric Vehicle,12.8,5,546.0,Vegan,Sometimes,1.9,Often,6+,6.1758
Electric Vehicle,43.1,7,71.0,Mixed,Rarely,6.4,Sometimes,3-5,3.0122
Bus,20.3,5,431.0,Vegan,Often,11.4,Sometimes,3-5,4.5215
Electric Vehicle,10.9,7,157.0,Vegetarian,Rarely,9.6,Never,0,2.155
Electric Vehicle,27.9,3,407.0,Vegan,Often,11.0,Often,0,3.2074
Car,11.1,5,320.0,Non-Vegetarian,Rarely,10.1,Sometimes,6+,5.9762
Electric Vehicle,74.4,6,407.0,Mixed,Rarely,10.3,Often,1-2,5.0653
Bus,16.5,4,413.0,Vegetarian,Sometimes,11.2,Never,0,3.9473
Motorcycle,53.9,4,327.0,Vegetarian,Sometimes,15.4,Sometimes,0,4.569
Bus,14.5,3,310.0,Non-Vegetarian,Sometimes,5.8,Sometimes,0,3.7508
Car,41.1,3,145.0,Non-Vegetarian,Sometimes,12.6,Sometimes,1-2,4.1021
Car,52.6,4,568.0,Mixed,Often,18.0,Often,3-5,8.0136
Bus,13.1,7,242.0,Non-Vegetarian,Sometimes,15.7,Sometimes,3-5,4.2756
Car,77.5,4,74.0,Vegetarian,Sometimes,10.7,Never,1-2,4.7058
Train,32.2,4,177.0,Vegetarian,Sometimes,10.5,Never,1-2,2.8676
Car,41.8,3,202.0,Mixed,Often,11.7,Often,0,3.5256
Electric Vehicle,16.9,7,161.0,Non-Vegetarian,Sometimes,9.5,Sometimes,1-2,3.5796
Car,38.7,7,284.0,Vegetarian,Often,16.3,Never,1-2,6.1448
Motorcycle,61.9,7,532.0,Non-Vegetarian,Sometimes,14.4,Sometimes,1-2,7.7921
Train,18.8,6,210.0,Non-Vegetarian,Sometimes,5.8,Sometimes,3-5,3.7083
Train,20.6,5,279.0,Vegetarian,Often,6.2,Sometimes,1-2,3.3716
Bus,21.4,7,249.0,Vegetarian,Sometimes,19.3,Sometimes,1-2,3.4284
Walking,7.3,3,292.0,Non-Vegetarian,Often,18.2,Never,1-2,4.3531
Electric Vehicle,7.8,4,198.0,Non-Vegetarian,Rarely,16.8,Sometimes,1-2,3.5942
Electric Vehicle,18.0,5,484.0,Non-Vegetarian,Sometimes,2.4,Sometimes,0,5.3294
Car,22.6,6,165.0,Vegetarian,Sometimes,5.2,Often,6+,5.2521
Car,24.2,4,290.0,Mixed,Sometimes,1.2,Often,0,3.8863
Electric Vehicle,6.1,6,477.0,Vegetarian,Often,9.8,Often,3-5,5.0056
Car,64.3,3,179.0,Non-Vegetarian,Rarely,13.8,Often,1-2,4.5739
Car,72.6,3,538.0,Non-Vegetarian,Sometimes,7.9,Sometimes,1-2,7.3942
Car,5.8,6,418.0,Mixed,Often,8.5,Often,0,4.5217
Car,20.8,5,114.0,Non-Vegetarian,Rarely,1.5,Sometimes,0,3.4955
Walking,7.0,7,239.0,Mixed,Sometimes,8.7,Often,0,2.9658
Car,33.1,7,305.0,Non-Vegetarian,Sometimes,6.6,Sometimes,1-2,6.35
Train,19.7,6,233.0,Mixed,Sometimes,15.9,Sometimes,0,3.0457
Walking,1.9,2,255.0,Non-Vegetarian,Sometimes,4.0,Often,1-2,3.2988
Motorcycle,59.4,7,437.0,Mixed,Sometimes,14.0,Sometimes,3-5,7.0517
Bus,4.3,3,209.0,Vegan,Sometimes,5.2,Sometimes,1-2,2.1776
Bicycle,1.4,6,534.0,Mixed,Sometimes,17.5,Never,3-5,5.6797
Train,35.5,7,406.0,Non-Vegetarian,Sometimes,18.9,Often,0,4.9558
Bicycle,3.0,5,384.0,Non-Vegetarian,Often,10.0,Sometimes,0,5.089
Electric Vehicle,61.7,6,122.0,Non-Vegetarian,Sometimes,5.0,Sometimes,1-2,3.64
Bicycle,5.4,4,110.0,Mixed,Sometimes,5.5,Sometimes,1-2,2.2715
Motorcycle,41.5,5,492.0,Non-Vegetarian,Sometimes,15.1,Often,0,6.1195
Car,11.0,6,309.0,Non-Vegetarian,Sometimes,19.7,Often,0,4.2198
Train,15.4,3,557.0,Non-Vegetarian,Sometimes,14.1,Often,0,5.4238
Motorcycle,49.1,6,364.0,Mixed,Sometimes,8.4,Sometimes,3-5,5.8538
Bus,34.1,7,595.0,Non-Vegetarian,Often,10.9,Sometimes,1-2,6.9661
Electric Vehicle,14.2,4,228.0,Vegan,Sometimes,12.8,Often,1-2,2.4527
Walking,2.5,4,152.0,Vegetarian,Rarely,6.7,Sometimes,0,1.7767
Train,12.3,4,352.0,Non-Vegetarian,Rarely,7.0,Never,1-2,4.0305
Train,37.5,6,489.0,Non-Vegetarian,Sometimes,19.7,Often,0,5.0299
Train,28.5,3,358.0,Non-Vegetarian,Sometimes,10.1,Never,3-5,5.1836
Motorcycle,13.0,7,410.0,Non-Vegetarian,Often,12.4,Never,0,5.5154
Train,39.9,6,430.0,Non-Vegetarian,Sometimes,8.5,Sometimes,3-5,5.443
Bus,20.8,7,272.0,Non-Vegetarian,Sometimes,15.0,Often,1-2,4.2973
Car,47.1,4,485.0,Vegetarian,Rarely,4.8,Often,1-2,5.8872
Car,66.4,7,282.0,Vegan,Sometimes,8.5,Often,0,6.8725
Car,34.6,5,580.0,Mixed,Often,19.4,Often,0,6.8526
Car,54.0,6,144.0,Mixed,Sometimes,17.1,Often,3-5,5.8242
Electric Vehicle,17.3,3,554.0,Mixed,Sometimes,16.6,Sometimes,3-5,5.2726
Car,26.7,5,270.0,Non-Vegetarian,Sometimes,1.7,Often,1-2,4.9556
Walking,2.9,4,58.0,Non-Vegetarian,Often,18.6,Often,0,2.5534
Bicycle,5.7,3,304.0,Non-Vegetarian,Often,2.8,Often,1-2,4.1877
Electric Vehicle,60.7,4,492.0,Non-Vegetarian,Often,9.3,Often,0,5.2162
Car,12.0,5,191.0,Non-Vegetarian,Sometimes,8.2,Sometimes,3-5,4.2322
Bus,33.8,5,79.0,Non-Vegetarian,Rarely,5.1,Sometimes,0,2.8529
Train,35.5,6,538.0,Non-Vegetarian,Sometimes,8.0,Never,0,5.6198
Electric Vehicle,32.2,6,461.0,Vegetarian,Sometimes,2.2,Often,1-2,4.3377
Bicycle,3.6,7,145.0,Non-Vegetarian,Sometimes,2.4,Often,3-5,3.2061
Electric Vehicle,72.4,3,541.0,Non-Vegetarian,Often,19.7,Sometimes,3-5,6.8392
Car,18.5,6,119.0,Mixed,Sometimes,9.0,Often,0,3.137
Electric Vehicle,23.6,7,206.0,Mixed,Often,17.1,Sometimes,3-5,4.0332
Walking,4.0,4,390.0,Non-Vegetarian,Sometimes,1.4,Often,1-2,4.4972
Car,30.9,5,473.0,Non-Vegetarian,Sometimes,3.5,Sometimes,0,5.9196
Train,18.9,3,393.0,Mixed,Sometimes,12.2,Sometimes,1-2,3.9589
Car,28.7,5,258.0,Non-Vegetarian,Often,15.9,Sometimes,3-5,6.4715
Car,6.2,5,190.0,Vegan,Sometimes,4.1,Often,3-5,2.898
Electric Vehicle,76.7,7,323.0,Vegan,Often,14.0,Sometimes,3-5,5.212
Car,25.4,4,570.0,Mixed,Rarely,8.4,Never,0,5.3596
Bicycle,7.5,7,596.0,Mixed,Often,6.7,Sometimes,0,5.3889
Car,74.3,7,430.0,Mixed,Often,12.3,Often,3-5,10.1462
Bicycle,1.1,6,328.0,Non-Vegetarian,Sometimes,9.4,Often,3-5,4.4942
Bus,34.6,7,237.0,Vegetarian,Often,10.7,Often,1-2,4.4369
Bus,23.8,5,397.0,Non-Vegetarian,Often,10.9,Sometimes,3-5,5.9095
Bicycle,0.6,5,465.0,Non-Vegetarian,Sometimes,13.7,Often,0,4.0567
Electric Vehicle,38.6,7,494.0,Non-Vegetarian,Sometimes,9.6,Sometimes,3-5,6.3303
Bus,4.2,4,69.0,Non-Vegetarian,Often,18.2,Never,1-2,3.5219
Electric Vehicle,78.6,4,370.0,Non-Vegetarian,Often,18.5,Sometimes,6+,6.8756
Car,17.6,4,214.0,Mixed,Often,15.8,Never,1-2,3.9651
Car,45.6,7,462.0,Vegan,Rarely,2.1,Never,0,6.0997
Electric Vehicle,50.8,3,454.0,Non-Vegetarian,Sometimes,18.6,Often,0,4.498
Motorcycle,36.5,6,86.0,Vegan,Sometimes,5.2,Never,0,2.24
Motorcycle,79.1,3,349.0,Vegetarian,Sometimes,18.0,Often,0,4.8864
Car,69.9,4,148.0,Non-Vegetarian,Often,18.8,Never,6+,8.1855
Car,65.6,6,532.0,Mixed,Sometimes,19.0,Sometimes,0,8.4733
Train,6.6,6,127.0,Vegetarian,Often,8.3,Often,6+,4.2269
Bus,4.4,3,485.0,Vegetarian,Sometimes,13.2,Sometimes,1-2,3.9501
Car,14.2,3,72.0,Non-Vegetarian,Often,1.5,Often,1-2,3.1021
Walking,6.7,7,76.0,Vegetarian,Rarely,2.2,Sometimes,0,1.1594
Motorcycle,29.8,5,300.0,Non-Vegetarian,Sometimes,17.8,Often,0,4.6165
Train,35.2,5,398.0,Mixed,Often,15.6,Often,6+,6.3842
Train,25.9,7,371.0,Non-Vegetarian,Sometimes,18.9,Sometimes,1-2,4.721
Electric Vehicle,28.6,4,474.0,Non-Vegetarian,Sometimes,16.9,Never,3-5,6.3079
Bus,4.0,6,517.0,Vegan,Rarely,19.1,Sometimes,0,4.0229
Bus,10.5,7,289.0,Non-Vegetarian,Sometimes,19.0,Sometimes,0,4.2902
Electric Vehicle,66.5,4,79.0,Mixed,Sometimes,4.1,Sometimes,6+,4.6883
Electric Vehicle,76.7,4,526.0,Non-Vegetarian,Often,15.9,Often,0,6.6255
Train,26.6,7,539.0,Non-Vegetarian,Sometimes,14.2,Never,3-5,5.9863
Bus,14.2,4,83.0,Mixed,Sometimes,15.8,Often,0,2.3645
Bicycle,4.4,2,361.0,Mixed,Often,17.2,Often,6+,6.0275
Electric Vehicle,78.1,5,121.0,Non-Vegetarian,Often,10.2,Often,1-2,4.3947
Car,34.6,6,339.0,Non-Vegetarian,Sometimes,15.0,Sometimes,0,6.1426
Electric Vehicle,31.2,7,512.0,Non-Vegetarian,Sometimes,4.6,Sometimes,6+,7.1341
Bus,17.1,7,509.0,Non-Vegetarian,Sometimes,10.2,Often,1-2,5.7916
Bus,6.3,6,69.0,Mixed,Often,13.4,Often,3-5,3.1864
Bicycle,7.1,4,442.0,Mixed,Sometimes,16.1,Often,0,4.0585
Electric Vehicle,12.3,7,570.0,Mixed,Sometimes,5.2,Sometimes,1-2,4.8399
Car,49.3,3,436.0,Non-Vegetarian,Often,12.6,Often,1-2,6.4445
Train,11.5,7,475.0,Vegetarian,Rarely,15.4,Often,1-2,4.5504
Car,18.9,7,98.0,Mixed,Sometimes,8.6,Often,3-5,3.966
Car,77.8,7,344.0,Non-Vegetarian,Rarely,10.9,Sometimes,0,9.2647
Car,37.6,3,431.0,Mixed,Sometimes,12.7,Often,6+,6.8294
Car,41.5,5,546.0,Non-Vegetarian,Sometimes,9.8,Never,3-5,7.5626
Car,35.5,6,216.0,Non-Vegetarian,Sometimes,8.4,Sometimes,0,5.2341
Bus,25.3,4,371.0,Non-Vegetarian,Sometimes,4.2,Often,0,4.3144
Walking,3.3,5,312.0,Non-Vegetarian,Rarely,18.6,Sometimes,0,3.8042
Train,38.2,7,551.0,Non-Vegetarian,Sometimes,6.1,Sometimes,0,4.9347
Car,74.0,6,284.0,Mixed,Often,3.5,Sometimes,1-2,8.2123
Bus,15.2,3,277.0,Vegetarian,Sometimes,2.4,Never,0,2.6637
Car,24.5,6,66.0,Non-Vegetarian,Sometimes,12.9,Sometimes,3-5,4.2784
Car,29.9,7,575.0,Non-Vegetarian,Sometimes,11.2,Sometimes,0,7.0207
Car,37.7,6,345.0,Non-Vegetarian,Sometimes,6.4,Never,6+,8.0046
Walking,7.4,4,120.0,Mixed,Often,11.3,Never,3-5,3.1125
Walking,2.8,5,283.0,Mixed,Sometimes,3.0,Sometimes,0,2.7099
Walking,5.4,2,410.0,Non-Vegetarian,Often,17.4,Sometimes,1-2,5.2313
Electric Vehicle,43.0,4,567.0,Non-Vegetarian,Sometimes,11.6,Often,0,5.3011
Car,39.4,3,125.0,Non-Vegetarian,Sometimes,3.0,Sometimes,1-2,4.0294
Electric Vehicle,5.3,7,103.0,Non-Vegetarian,Sometimes,11.8,Often,0,2.5404
Bus,27.3,3,486.0,Mixed,Often,12.3,Never,1-2,5.5721
Electric Vehicle,50.4,6,229.0,Mixed,Rarely,14.2,Sometimes,1-2,3.8896
Car,66.6,5,355.0,Mixed,Sometimes,18.6,Sometimes,3-5,7.657
Motorcycle,79.1,7,54.0,Non-Vegetarian,Rarely,17.5,Often,3-5,6.2408
Bus,3.3,4,50.0,Non-Vegetarian,Rarely,11.2,Sometimes,0,1.9814
Car,59.3,4,78.0,Mixed,Rarely,9.6,Never,3-5,4.9399
Car,62.3,7,456.0,Mixed,Sometimes,14.4,Sometimes,6+,10.3338
Car,31.1,3,587.0,Mixed,Rarely,1.0,Often,3-5,6.3061
Bus,8.0,4,508.0,Non-Vegetarian,Sometimes,16.6,Never,1-2,5.5089
Electric Vehicle,28.0,4,437.0,Non-Vegetarian,Sometimes,15.7,Often,1-2,5.2548
Train,13.0,5,243.0,Vegetarian,Sometimes,15.7,Often,6+,4.3231
Bus,19.9,4,541.0,Non-Vegetarian,Sometimes,13.4,Often,3-5,6.5685
Car,37.6,7,65.0,Non-Vegetarian,Often,10.3,Sometimes,1-2,5.6552
Car,48.9,3,589.0,Mixed,Often,18.8,Sometimes,1-2,7.2886
Bus,26.2,4,409.0,Vegetarian,Sometimes,18.4,Often,3-5,4.9236
Car,45.6,3,359.0,Non-Vegetarian,Rarely,12.9,Sometimes,0,5.325
Bus,22.8,6,199.0,Non-Vegetarian,Often,12.0,Never,0,4.39
Motorcycle,60.1,3,589.0,Non-Vegetarian,Rarely,1.4,Never,1-2,6.0343
Car,39.3,3,94.0,Mixed,Sometimes,5.0,Often,1-2,3.264
Car,73.1,4,232.0,Mixed,Often,15.4,Often,1-2,6.4997
Car,56.6,5,283.0,Non-Vegetarian,Rarely,3.0,Often,1-2,6.4073
Electric Vehicle,25.5,4,211.0,Non-Vegetarian,Sometimes,15.9,Often,0,3.4744
Electric Vehicle,30.9,7,431.0,Non-Vegetarian,Sometimes,18.2,Sometimes,0,4.7905
Motorcycle,77.1,6,544.0,Mixed,Sometimes,10.2,Sometimes,0,7.5495
Electric Vehicle,9.1,7,167.0,Non-Vegetarian,Sometimes,12.5,Often,0,3.001
Bicycle,6.7,3,197.0,Non-Vegetarian,Sometimes,13.8,Sometimes,3-5,3.7778
Electric Vehicle,15.1,4,136.0,Vegan,Often,11.7,Often,1-2,2.103
Bus,23.5,4,562.0,Mixed,Sometimes,19.2,Sometimes,0,5.8043
Car,43.2,7,228.0,Non-Vegetarian,Sometimes,1.5,Often,3-5,6.6914
Bus,9.2,6,220.0,Mixed,Sometimes,5.3,Never,0,3.3571
Motorcycle,35.4,5,237.0,Non-Vegetarian,Sometimes,12.8,Sometimes,1-2,4.1778
Car,39.1,5,500.0,Non-Vegetarian,Sometimes,1.7,Often,0,5.8549
Walking,4.1,5,382.0,Non-Vegetarian,Rarely,2.2,Never,0,3.9337
Bus,35.4,7,242.0,Non-Vegetarian,Rarely,11.9,Often,1-2,4.7581
Car,74.8,4,209.0,Non-Vegetarian,Sometimes,17.1,Often,3-5,6.8831
Car,57.0,6,433.0,Non-Vegetarian,Often,4.7,Never,0,8.066
Train,3.1,7,336.0,Non-Vegetarian,Sometimes,19.9,Sometimes,1-2,4.3225
Electric Vehicle,20.4,5,477.0,Non-Vegetarian,Often,11.1,Sometimes,1-2,5.1985
Car,52.4,3,435.0,Non-Vegetarian,Sometimes,9.7,Sometimes,3-5,6.5761
Car,11.1,7,278.0,Non-Vegetarian,Sometimes,18.2,Sometimes,1-2,4.6537
Car,64.1,5,157.0,Vegetarian,Often,1.4,Sometimes,3-5,5.9024
Train,32.6,5,560.0,Non-Vegetarian,Sometimes,19.4,Sometimes,1-2,5.9691
Motorcycle,70.3,3,402.0,Non-Vegetarian,Rarely,1.7,Sometimes,1-2,5.4605
Bicycle,2.3,6,555.0,Vegetarian,Sometimes,15.5,Often,0,4.625
Bicycle,2.0,4,431.0,Vegetarian,Sometimes,6.5,Sometimes,1-2,4.0093
Electric Vehicle,65.8,6,198.0,Non-Vegetarian,Rarely,15.9,Sometimes,1-2,4.124
Motorcycle,15.0,3,135.0,Vegetarian,Sometimes,18.2,Never,1-2,2.9609
Car,52.3,6,263.0,Mixed,Sometimes,4.9,Often,0,6.3411
Train,38.8,6,584.0,Non-Vegetarian,Sometimes,8.6,Never,1-2,6.1565
Train,21.3,4,232.0,Vegetarian,Sometimes,17.6,Sometimes,1-2,3.213
Bicycle,7.6,2,311.0,Non-Vegetarian,Sometimes,18.5,Sometimes,0,3.8236
Bus,9.3,3,398.0,Mixed,Often,19.8,Sometimes,1-2,4.2678
Car,17.6,3,540.0,Mixed,Often,16.3,Often,0,5.2879
Car,21.9,3,52.0,Non-Vegetarian,Sometimes,12.5,Sometimes,3-5,3.6869
Car,25.1,7,320.0,Mixed,Sometimes,16.1,Often,1-2,5.3869
Motorcycle,23.0,5,375.0,Vegetarian,Often,11.6,Often,1-2,4.4951
Walking,2.7,5,369.0,Vegan,Often,14.6,Sometimes,6+,5.332
Electric Vehicle,5.2,7,585.0,Mixed,Sometimes,8.4,Sometimes,0,4.481
Car,39.2,5,64.0,Non-Vegetarian,Sometimes,7.3,Often,0,4.1658
Walking,5.3,7,71.0,Non-Vegetarian,Sometimes,8.5,Sometimes,3-5,2.8421
Bicycle,5.8,3,161.0,Non-Vegetarian,Rarely,5.6,Never,0,2.6495
Car,37.2,7,308.0,Mixed,Sometimes,5.7,Often,0,5.7824
Car,55.4,3,515.0,Mixed,Rarely,1.9,Often,1-2,6.4701
Car,46.5,3,198.0,Mixed,Rarely,6.5,Sometimes,0,4.0399
Car,49.6,4,208.0,Vegan,Sometimes,3.5,Often,0,3.8944
Bus,25.3,7,413.0,Vegetarian,Sometimes,7.3,Often,3-5,5.0672
Bus,29.4,4,235.0,Mixed,Sometimes,19.5,Never,6+,5.9226
Car,60.2,7,201.0,Mixed,Often,6.4,Often,1-2,7.2425
Electric Vehicle,69.5,6,302.0,Mixed,Sometimes,2.3,Sometimes,1-2,4.7152
Train,17.5,4,257.0,Vegetarian,Often,18.3,Often,0,2.9105
Bus,29.8,6,88.0,Mixed,Often,4.8,Never,0,2.998
Bus,20.4,6,526.0,Vegetarian,Sometimes,4.5,Sometimes,6+,7.0052
Car,26.0,4,377.0,Vegetarian,Often,19.0,Often,0,4.497
Bus,37.3,4,447.0,Non-Vegetarian,Sometimes,1.5,Never,1-2,5.1815
Walking,7.0,4,556.0,Mixed,Rarely,14.7,Never,0,4.9035
Electric Vehicle,18.9,4,188.0,Non-Vegetarian,Sometimes,1.5,Often,1-2,3.3128
Car,58.0,5,69.0,Non-Vegetarian,Rarely,19.3,Often,0,5.266
Motorcycle,19.8,5,354.0,Mixed,Often,17.4,Sometimes,1-2,4.6947
Bus,37.9,5,483.0,Vegetarian,Often,18.6,Never,0,5.6411
Car,47.1,5,364.0,Vegetarian,Sometimes,4.5,Often,1-2,5.7155
Car,60.6,4,58.0,Non-Vegetarian,Sometimes,17.6,Never,1-2,5.2766
Car,56.1,5,307.0,Non-Vegetarian,Sometimes,15.1,Never,1-2,6.5174
Bicycle,7.7,5,528.0,Vegan,Sometimes,8.2,Never,3-5,4.0511
Electric Vehicle,5.1,4,233.0,Vegetarian,Sometimes,16.3,Often,3-5,3.3461
Electric Vehicle,12.7,3,460.0,Vegetarian,Often,8.0,Often,0,3.8862
Motorcycle,35.6,6,543.0,Non-Vegetarian,Often,18.7,Often,6+,8.7906
Bicycle,4.8,4,316.0,Non-Vegetarian,Sometimes,6.1,Often,3-5,4.2652
Bicycle,0.7,4,199.0,Mixed,Sometimes,19.6,Often,0,2.7688
Car,70.1,4,313.0,Non-Vegetarian,Often,14.5,Never,0,6.7553
Electric Vehicle,35.8,4,408.0,Vegan,Often,15.0,Sometimes,6+,5.5694
Car,79.1,4,595.0,Vegetarian,Often,8.6,Sometimes,0,7.6655
Bus,26.2,6,210.0,Vegetarian,Sometimes,18.8,Sometimes,1-2,3.4875
Train,4.1,7,94.0,Vegan,Rarely,1.7,Never,6+,3.3619
Car,34.4,5,568.0,Vegetarian,Sometimes,10.2,Often,1-2,6.1661
Car,24.2,3,505.0,Non-Vegetarian,Often,2.2,Never,0,6.1922
Car,47.8,3,206.0,Non-Vegetarian,Rarely,19.2,Sometimes,3-5,5.4786
Car,10.5,6,72.0,Mixed,Sometimes,4.9,Never,0,2.4861
Motorcycle,44.2,6,352.0,Vegan,Sometimes,15.6,Sometimes,3-5,5.041
Train,12.9,5,337.0,Non-Vegetarian,Rarely,8.7,Sometimes,0,3.6552
Bus,28.4,3,239.0,Non-Vegetarian,Sometimes,3.0,Sometimes,0,3.1472
Electric Vehicle,37.6,6,515.0,Non-Vegetarian,Often,12.7,Sometimes,0,6.3003
Electric Vehicle,5.8,5,575.0,Mixed,Rarely,7.0,Sometimes,3-5,5.7412
Car,20.0,3,153.0,Vegan,Rarely,14.9,Sometimes,6+,4.1529
Car,74.5,7,335.0,Mixed,Rarely,12.6,Often,0,9.0623
Walking,2.2,3,274.0,Vegetarian,Rarely,18.7,Often,1-2,2.8693
Electric Vehicle,78.7,5,475.0,Vegan,Sometimes,14.0,Never,3-5,5.6139
Electric Vehicle,38.9,3,597.0,Non-Vegetarian,Sometimes,17.1,Often,1-2,5.3
Bicycle,3.0,6,525.0,Non-Vegetarian,Rarely,7.8,Often,0,4.7842
Car,8.3,6,285.0,Non-Vegetarian,Sometimes,11.1,Often,1-2,4.4617
Electric Vehicle,46.2,3,71.0,Vegetarian,Often,11.7,Often,1-2,2.0966
Bus,33.3,4,61.0,Non-Vegetarian,Sometimes,12.7,Sometimes,0,2.9139
Bus,21.9,4,188.0,Vegetarian,Sometimes,5.2,Sometimes,3-5,3.2804
Electric Vehicle,21.4,3,596.0,Non-Vegetarian,Rarely,11.7,Often,3-5,5.5823
Motorcycle,17.3,3,295.0,Mixed,Rarely,16.4,Sometimes,0,3.6917
Car,53.3,6,82.0,Non-Vegetarian,Often,9.0,Sometimes,3-5,7.2657
Car,25.3,4,394.0,Mixed,Rarely,13.4,Often,1-2,4.7839
Electric Vehicle,21.2,6,61.0,Non-Vegetarian,Sometimes,16.3,Sometimes,1-2,2.8844
Motorcycle,57.7,6,286.0,Mixed,Sometimes,1.4,Often,1-2,5.0391
Car,74.1,7,79.0,Non-Vegetarian,Sometimes,12.8,Sometimes,1-2,7.4375
Car,78.8,5,540.0,Mixed,Sometimes,2.5,Sometimes,0,8.0934
Car,14.5,4,280.0,Non-Vegetarian,Sometimes,14.3,Sometimes,3-5,4.3471
Bus,6.4,3,469.0,Non-Vegetarian,Sometimes,18.1,Often,1-2,4.6257
Motorcycle,44.1,7,58.0,Vegetarian,Often,9.5,Sometimes,3-5,3.9712
Walking,3.8,4,254.0,Mixed,Often,16.0,Sometimes,3-5,3.5517
Car,70.3,3,233.0,Non-Vegetarian,Sometimes,13.6,Never,0,5.2964
Car,46.9,3,549.0,Mixed,Rarely,9.1,Sometimes,1-2,6.5688
Electric Vehicle,71.2,6,573.0,Mixed,Often,7.2,Never,0,6.1645
Electric Vehicle,26.3,7,564.0,Non-Vegetarian,Sometimes,4.2,Sometimes,0,5.9298
Electric Vehicle,6.9,6,347.0,Mixed,Rarely,5.7,Never,3-5,3.7571
Car,12.3,6,55.0,Non-Vegetarian,Rarely,9.8,Sometimes,1-2,3.0163
Walking,3.2,5,269.0,Non-Vegetarian,Sometimes,8.5,Sometimes,3-5,4.2899
Train,30.6,6,445.0,Non-Vegetarian,Sometimes,3.4,Never,1-2,4.9609
Electric Vehicle,38.3,6,108.0,Non-Vegetarian,Often,16.0,Often,0,3.2841
Car,53.7,6,246.0,Non-Vegetarian,Rarely,2.7,Sometimes,0,6.5493
Bus,32.9,5,530.0,Non-Vegetarian,Often,17.1,Often,1-2,6.3314
Train,5.3,3,147.0,Non-Vegetarian,Sometimes,8.8,Often,0,2.7673
Car,59.9,4,418.0,Mixed,Often,8.2,Often,0,6.5544
Car,30.5,6,382.0,Non-Vegetarian,Often,3.0,Often,1-2,6.3117
Car,47.9,3,137.0,Mixed,Rarely,10.3,Often,0,3.6038
Bicycle,5.4,4,88.0,Mixed,Often,3.1,Often,1-2,2.2712
Bicycle,6.7,6,275.0,Vegetarian,Sometimes,18.0,Often,1-2,2.8257
Car,28.3,5,516.0,Non-Vegetarian,Rarely,12.0,Sometimes,0,5.8679
Bicycle,7.4,7,412.0,Mixed,Sometimes,1.3,Sometimes,1-2,3.7301
Electric Vehicle,61.0,6,589.0,Mixed,Sometimes,1.4,Never,0,5.9085
Train,17.5,3,126.0,Mixed,Often,19.8,Never,1-2,3.3837
Car,75.2,3,314.0,Non-Vegetarian,Sometimes,19.8,Often,3-5,6.3258
Bicycle,5.7,6,284.0,Vegan,Sometimes,10.8,Often,3-5,3.2069
Electric Vehicle,65.7,3,149.0,Non-Vegetarian,Sometimes,13.3,Sometimes,0,3.2869
Car,20.7,6,358.0,Vegetarian,Sometimes,15.3,Often,0,4.237
Electric Vehicle,21.7,4,75.0,Vegetarian,Sometimes,13.8,Often,3-5,2.6078
Bus,18.8,6,527.0,Non-Vegetarian,Rarely,7.1,Often,0,5.3377
Train,33.3,3,409.0,Non-Vegetarian,Sometimes,5.1,Sometimes,0,3.9094
Electric Vehicle,40.4,3,597.0,Mixed,Rarely,9.3,Sometimes,1-2,4.9517
Train,21.8,4,578.0,Non-Vegetarian,Sometimes,6.7,Sometimes,1-2,5.7023
Car,38.7,5,460.0,Non-Vegetarian,Rarely,8.3,Sometimes,6+,8.7178
Car,11.4,6,219.0,Mixed,Rarely,16.7,Sometimes,0,3.4637
Train,32.2,5,560.0,Non-Vegetarian,Sometimes,3.4,Sometimes,1-2,5.8052
Bus,15.2,3,124.0,Non-Vegetarian,Often,15.5,Sometimes,0,3.2377
Car,25.4,3,479.0,Non-Vegetarian,Often,8.9,Sometimes,3-5,6.5668
Car,21.7,6,313.0,Non-Vegetarian,Sometimes,15.5,Sometimes,3-5,5.0904
Car,63.4,7,399.0,Non-Vegetarian,Often,11.9,Often,0,8.6945
Train,26.3,4,150.0,Vegan,Sometimes,9.3,Sometimes,3-5,2.6516
Bus,17.7,7,532.0,Non-Vegetarian,Sometimes,19.6,Often,6+,8.0573
Train,17.2,7,140.0,Non-Vegetarian,Sometimes,5.6,Sometimes,6+,4.9549
Car,70.3,6,85.0,Mixed,Often,10.8,Sometimes,6+,8.5197
Car,48.7,6,544.0,Non-Vegetarian,Sometimes,6.1,Often,3-5,8.2473
Car,51.1,5,501.0,Non-Vegetarian,Rarely,14.3,Sometimes,0,7.133
Bicycle,4.7,6,76.0,Mixed,Sometimes,17.9,Often,6+,3.6908
Car,17.4,6,493.0,Vegetarian,Sometimes,11.4,Never,3-5,5.541
Motorcycle,67.9,6,136.0,Mixed,Sometimes,18.7,Often,0,4.6626
Bus,21.3,3,210.0,Non-Vegetarian,Often,18.2,Sometimes,3-5,4.4707
Walking,1.4,3,221.0,Non-Vegetarian,Sometimes,14.8,Sometimes,1-2,3.6068
Bicycle,4.1,5,145.0,Mixed,Sometimes,4.4,Sometimes,6+,4.1375
Bus,27.1,7,283.0,Vegan,Sometimes,2.9,Often,0,3.1469
Car,54.9,5,303.0,Vegetarian,Sometimes,8.0,Never,6+,8.0867
Car,79.8,7,154.0,Mixed,Sometimes,9.4,Sometimes,0,7.9267
Electric Vehicle,40.9,3,580.0,Non-Vegetarian,Sometimes,19.8,Often,6+,6.9358
Car,38.3,7,582.0,Non-Vegetarian,Rarely,9.7,Often,6+,9.3316
Train,33.6,3,165.0,Mixed,Sometimes,17.4,Sometimes,1-2,3.1239
Car,29.2,3,520.0,Mixed,Sometimes,14.2,Often,3-5,6.6706
Car,60.0,3,105.0,Non-Vegetarian,Sometimes,8.7,Sometimes,3-5,5.3148
Train,16.3,7,470.0,Mixed,Sometimes,5.4,Often,1-2,4.6315
Motorcycle,45.0,4,253.0,Vegetarian,Rarely,18.1,Often,0,3.4839
Electric Vehicle,19.5,6,531.0,Non-Vegetarian,Sometimes,16.3,Often,1-2,5.7672
Bus,18.5,5,591.0,Non-Vegetarian,Sometimes,12.0,Often,0,5.1089
Bicycle,6.4,5,469.0,Non-Vegetarian,Sometimes,8.2,Often,0,4.7965
Car,79.4,5,131.0,Non-Vegetarian,Rarely,2.5,Often,0,5.5294
Train,32.3,5,78.0,Non-Vegetarian,Sometimes,18.1,Never,1-2,3.2889
Car,41.0,3,102.0,Mixed,Sometimes,3.9,Sometimes,1-2,3.164
Train,33.9,3,108.0,Mixed,Often,19.1,Often,0,2.4826
Car,27.4,6,93.0,Non-Vegetarian,Often,14.7,Often,1-2,4.7143
Bicycle,6.9,2,525.0,Non-Vegetarian,Often,6.1,Sometimes,0,5.1293
Walking,6.3,2,501.0,Mixed,Sometimes,5.6,Never,0,4.2909
Bicycle,1.3,4,196.0,Non-Vegetarian,Sometimes,13.5,Often,1-2,3.3464
Bicycle,4.1,7,583.0,Non-Vegetarian,Often,19.9,Often,1-2,5.7846
Motorcycle,9.9,6,224.0,Non-Vegetarian,Rarely,18.3,Often,6+,5.3338
Car,52.6,6,64.0,Non-Vegetarian,Rarely,17.7,Never,3-5,6.7797
Car,78.7,4,595.0,Non-Vegetarian,Sometimes,6.5,Often,0,8.3786
Electric Vehicle,19.7,5,542.0,Non-Vegetarian,Rarely,1.1,Sometimes,0,5.0331
Car,52.3,3,247.0,Vegetarian,Often,19.3,Often,6+,6.4447
Train,39.9,7,458.0,Non-Vegetarian,Often,16.6,Sometimes,3-5,6.1019
Car,35.9,7,536.0,Non-Vegetarian,Sometimes,19.8,Often,1-2,8.2687
Car,58.8,3,514.0,Mixed,Sometimes,9.6,Often,6+,8.0752
Train,10.6,4,362.0,Non-Vegetarian,Sometimes,13.2,Sometimes,1-2,4.4344
Electric Vehicle,35.0,6,428.0,Non-Vegetarian,Sometimes,7.8,Never,1-2,5.3635
Electric Vehicle,33.4,3,194.0,Mixed,Sometimes,3.7,Never,6+,4.4664
Bus,27.4,7,593.0,Non-Vegetarian,Often,11.3,Often,1-2,6.9021
Electric Vehicle,45.8,4,313.0,Non-Vegetarian,Sometimes,15.3,Never,0,4.0961
Bus,23.5,7,403.0,Non-Vegetarian,Sometimes,14.1,Sometimes,1-2,5.4536
Car,78.1,7,242.0,Non-Vegetarian,Often,1.3,Never,0,8.8533
Car,58.3,6,91.0,Mixed,Rarely,19.4,Sometimes,0,5.5411
Electric Vehicle,77.4,4,425.0,Non-Vegetarian,Sometimes,3.0,Often,1-2,5.1394
Train,9.1,5,536.0,Non-Vegetarian,Sometimes,7.1,Sometimes,0,4.9071
Train,29.5,7,348.0,Vegetarian,Often,2.1,Never,0,3.9016
Car,49.2,3,323.0,Non-Vegetarian,Rarely,17.8,Sometimes,6+,7.5204
Car,35.5,5,560.0,Vegetarian,Sometimes,16.5,Never,0,6.7313
Walking,8.0,6,214.0,Vegetarian,Sometimes,13.1,Never,0,2.4387
Bicycle,1.4,5,369.0,Non-Vegetarian,Often,12.9,Sometimes,1-2,4.4866
Car,21.6,4,264.0,Non-Vegetarian,Sometimes,6.8,Sometimes,0,4.2144
Bus,27.5,3,223.0,Vegetarian,Sometimes,17.3,Sometimes,1-2,3.1424
Car,51.0,3,388.0,Mixed,Sometimes,6.1,Sometimes,0,4.9082
Car,38.4,4,97.0,Mixed,Sometimes,9.9,Often,0,3.4675
Car,75.3,7,94.0,Mixed,Sometimes,9.8,Often,1-2,7.8735
Motorcycle,30.2,7,222.0,Non-Vegetarian,Often,8.0,Often,0,4.2467
Train,8.2,3,316.0,Vegetarian,Sometimes,6.0,Sometimes,6+,4.7115
Car,17.2,4,389.0,Non-Vegetarian,Sometimes,4.3,Sometimes,0,4.4224
Train,29.6,4,68.0,Non-Vegetarian,Often,10.8,Never,6+,5.1071
Walking,3.3,7,255.0,Vegetarian,Rarely,3.6,Often,0,2.3784
Car,13.5,3,205.0,Non-Vegetarian,Sometimes,2.6,Sometimes,1-2,3.2093
Car,68.6,5,415.0,Non-Vegetarian,Sometimes,17.9,Often,0,7.712
Train,18.8,5,360.0,Non-Vegetarian,Often,10.0,Sometimes,6+,6.9172
Motorcycle,55.4,6,406.0,Non-Vegetarian,Rarely,7.6,Often,1-2,5.9621
Walking,5.1,5,298.0,Mixed,Sometimes,4.6,Sometimes,1-2,3.5084
Electric Vehicle,51.2,5,325.0,Vegan,Often,7.8,Never,0,3.4177
Car,71.3,6,498.0,Mixed,Sometimes,3.7,Often,0,8.1857
Train,36.7,4,470.0,Vegetarian,Sometimes,5.0,Sometimes,6+,5.8538
Car,78.9,7,534.0,Non-Vegetarian,Sometimes,18.3,Sometimes,1-2,10.6008
Electric Vehicle,65.5,7,232.0,Vegetarian,Rarely,8.0,Sometimes,1-2,3.8091
Car,9.5,4,322.0,Non-Vegetarian,Sometimes,18.5,Sometimes,0,4.2289
Electric Vehicle,59.3,5,236.0,Non-Vegetarian,Sometimes,6.4,Sometimes,1-2,4.3752
Car,10.2,5,304.0,Non-Vegetarian,Sometimes,1.5,Often,0,3.8651
Car,78.1,6,341.0,Non-Vegetarian,Sometimes,2.1,Often,3-5,8.5
Walking,5.0,3,202.0,Mixed,Sometimes,16.7,Sometimes,1-2,3.1503
Bicycle,6.4,7,302.0,Vegetarian,Sometimes,8.7,Sometimes,3-5,3.5901
Bicycle,5.3,4,503.0,Non-Vegetarian,Sometimes,9.3,Sometimes,0,4.6671
Car,79.1,3,402.0,Mixed,Often,3.0,Sometimes,0,5.9461
Car,66.5,5,203.0,Mixed,Sometimes,7.5,Sometimes,1-2,6.347
Train,29.6,6,541.0,Non-Vegetarian,Often,13.0,Sometimes,6+,7.1221
Car,6.5,6,158.0,Mixed,Sometimes,3.9,Never,0,2.7781
Bus,23.5,6,296.0,Vegetarian,Rarely,8.0,Often,6+,5.6504
Car,68.8,3,324.0,Non-Vegetarian,Sometimes,9.2,Never,1-2,6.0335
Electric Vehicle,25.2,6,219.0,Non-Vegetarian,Rarely,3.9,Never,0,3.386
Car,36.4,7,273.0,Non-Vegetarian,Sometimes,4.0,Never,3-5,6.4468
Bus,18.5,7,276.0,Mixed,Sometimes,8.1,Never,0,3.4606
Car,13.8,7,238.0,Mixed,Often,4.7,Never,0,4.3264
Car,72.0,6,551.0,Vegetarian,Sometimes,19.6,Often,1-2,8.8634
Car,31.3,4,268.0,Non-Vegetarian,Sometimes,3.0,Often,3-5,5.3765
Car,47.7,6,272.0,Vegan,Rarely,16.0,Never,6+,6.8317
Car,32.2,6,223.0,Non-Vegetarian,Sometimes,16.1,Often,1-2,5.211
Car,76.2,4,199.0,Vegetarian,Rarely,16.7,Often,0,5.4401
Walking,0.8,5,302.0,Vegetarian,Sometimes,5.8,Often,1-2,2.86
Car,35.0,5,140.0,Mixed,Rarely,10.2,Sometimes,3-5,4.9049
Train,27.7,7,298.0,Non-Vegetarian,Sometimes,17.6,Never,0,4.2281
Motorcycle,56.5,7,133.0,Non-Vegetarian,Sometimes,18.6,Never,0,5.2017
Bus,4.6,5,488.0,Mixed,Sometimes,5.6,Never,0,4.2515
Car,7.6,3,559.0,Mixed,Sometimes,8.5,Often,0,4.6033
Car,40.0,4,158.0,Non-Vegetarian,Sometimes,3.5,Often,0,3.9879
Train,30.5,3,222.0,Non-Vegetarian,Rarely,3.8,Often,1-2,3.4438
Bicycle,5.4,4,195.0,Vegetarian,Sometimes,15.4,Sometimes,1-2,2.6137
Train,20.0,3,232.0,Non-Vegetarian,Sometimes,16.7,Never,6+,5.4409
Electric Vehicle,78.5,5,268.0,Non-Vegetarian,Sometimes,19.8,Sometimes,0,4.7265
Electric Vehicle,11.4,7,67.0,Non-Vegetarian,Often,14.9,Never,0,2.7115
Motorcycle,50.4,3,92.0,Non-Vegetarian,Sometimes,4.4,Often,0,2.8989
Train,18.0,5,569.0,Mixed,Rarely,17.1,Never,0,5.1491
Bus,5.6,6,232.0,Mixed,Often,8.4,Sometimes,0,3.1212
Car,73.5,5,512.0,Mixed,Sometimes,17.4,Sometimes,1-2,8.501
Bus,23.7,4,598.0,Non-Vegetarian,Sometimes,14.9,Often,1-2,6.1473
Car,67.5,7,150.0,Non-Vegetarian,Sometimes,8.3,Sometimes,1-2,8.4181
Car,49.2,6,235.0,Vegetarian,Rarely,16.4,Sometimes,0,5.1064
Train,3.6,6,531.0,Non-Vegetarian,Sometimes,5.5,Sometimes,3-5,5.3361
Car,56.2,4,492.0,Non-Vegetarian,Often,10.5,Sometimes,1-2,7.1533
Electric Vehicle,57.8,7,203.0,Non-Vegetarian,Sometimes,10.5,Sometimes,3-5,4.6525
Train,30.0,4,567.0,Mixed,Often,10.7,Never,0,5.218
Electric Vehicle,11.4,7,506.0,Non-Vegetarian,Rarely,18.3,Sometimes,0,4.8518
Bus,24.8,7,500.0,Vegan,Sometimes,14.8,Sometimes,1-2,4.9103
Bus,39.8,5,231.0,Vegetarian,Sometimes,12.4,Never,1-2,4.0947
Walking,5.7,7,438.0,Vegetarian,Often,2.9,Sometimes,0,3.6686
Car,51.4,7,153.0,Mixed,Sometimes,18.2,Sometimes,0,6.1972
Bicycle,3.5,7,594.0,Mixed,Sometimes,11.4,Never,6+,7.2872
Electric Vehicle,21.9,7,284.0,Mixed,Rarely,15.0,Sometimes,1-2,3.4695
Electric Vehicle,53.1,6,267.0,Non-Vegetarian,Often,2.2,Often,1-2,4.8368
Train,19.8,4,455.0,Vegetarian,Sometimes,11.2,Often,0,4.1748
Motorcycle,9.1,6,565.0,Non-Vegetarian,Sometimes,17.3,Sometimes,6+,7.9192
Electric Vehicle,70.3,5,245.0,Non-Vegetarian,Often,2.4,Often,0,4.5202
Electric Vehicle,48.9,6,84.0,Vegetarian,Rarely,6.2,Sometimes,3-5,3.0049
Car,26.7,6,417.0,Mixed,Rarely,13.9,Often,0,5.0898
Car,36.4,6,159.0,Non-Vegetarian,Sometimes,6.2,Often,0,5.1617
Train,7.9,3,496.0,Mixed,Often,4.6,Sometimes,1-2,5.1425
Electric Vehicle,56.2,3,554.0,Non-Vegetarian,Sometimes,9.6,Never,1-2,5.5886
Car,47.0,3,328.0,Non-Vegetarian,Rarely,2.9,Sometimes,0,4.7385
Electric Vehicle,11.6,4,225.0,Non-Vegetarian,Sometimes,13.8,Sometimes,0,3.2371
Train,38.7,3,542.0,Non-Vegetarian,Often,4.7,Sometimes,1-2,4.9931
Car,31.9,5,526.0,Non-Vegetarian,Often,13.0,Often,0,6.6723
Motorcycle,47.9,4,429.0,Vegetarian,Sometimes,11.2,Sometimes,1-2,5.2085
Electric Vehicle,24.1,7,428.0,Vegetarian,Sometimes,6.8,Sometimes,1-2,3.7354
Electric Vehicle,61.7,7,585.0,Non-Vegetarian,Rarely,18.9,Sometimes,0,6.818
Electric Vehicle,29.2,6,236.0,Non-Vegetarian,Often,19.4,Never,0,4.1954
Motorcycle,37.3,6,504.0,Non-Vegetarian,Sometimes,9.6,Never,3-5,6.948
Walking,6.7,5,308.0,Vegetarian,Sometimes,10.2,Sometimes,3-5,3.8871
Walking,1.8,5,484.0,Mixed,Sometimes,17.3,Often,0,3.8474
Walking,1.6,6,284.0,Mixed,Often,6.2,Sometimes,0,3.3765
Electric Vehicle,53.4,6,354.0,Mixed,Sometimes,15.1,Often,0,4.6835
Car,77.3,3,539.0,Mixed,Sometimes,3.7,Sometimes,0,7.4244
Car,5.1,6,511.0,Non-Vegetarian,Sometimes,5.4,Often,6+,7.6393
Car,22.0,6,119.0,Non-Vegetarian,Sometimes,7.6,Sometimes,1-2,4.2543
Car,31.7,3,389.0,Non-Vegetarian,Sometimes,14.9,Sometimes,0,5.2333
Car,43.0,7,152.0,Vegetarian,Sometimes,12.7,Often,1-2,5.2885
Car,75.0,7,435.0,Non-Vegetarian,Sometimes,3.1,Often,3-5,11.1402
Bus,12.1,5,331.0,Non-Vegetarian,Often,11.9,Never,3-5,5.2235
Bus,18.1,6,273.0,Non-Vegetarian,Rarely,9.8,Never,3-5,4.4646
Motorcycle,20.9,5,378.0,Non-Vegetarian,Often,12.5,Often,3-5,5.3908
Train,21.6,4,384.0,Non-Vegetarian,Sometimes,16.2,Often,3-5,5.1539
Bicycle,4.4,4,432.0,Non-Vegetarian,Sometimes,4.9,Often,1-2,4.5566
Electric Vehicle,57.9,5,137.0,Vegetarian,Sometimes,14.7,Often,0,2.6404
Motorcycle,68.2,4,221.0,Vegetarian,Often,7.9,Sometimes,0,4.2834
Bicycle,5.7,7,430.0,Mixed,Often,4.8,Sometimes,1-2,4.288
Motorcycle,66.0,4,77.0,Non-Vegetarian,Often,17.7,Sometimes,1-2,4.4783
Car,7.1,5,472.0,Mixed,Rarely,17.2,Never,0,4.9744
Walking,2.2,5,106.0,Mixed,Sometimes,14.5,Never,0,2.3187
Car,15.8,5,98.0,Non-Vegetarian,Sometimes,1.1,Sometimes,0,3.1409
Car,60.2,5,293.0,Mixed,Often,9.5,Often,0,6.1831
Car,41.1,4,432.0,Vegan,Sometimes,18.4,Sometimes,3-5,6.0413
Car,33.3,7,206.0,Vegetarian,Sometimes,4.7,Often,0,4.7173
Bus,14.4,6,238.0,Non-Vegetarian,Rarely,14.5,Sometimes,3-5,4.1716
Bus,13.9,4,73.0,Non-Vegetarian,Rarely,13.6,Often,1-2,2.6372
Car,32.5,7,184.0,Mixed,Often,3.3,Sometimes,1-2,4.7263
Electric Vehicle,78.6,4,207.0,Non-Vegetarian,Sometimes,15.3,Often,6+,5.7546
Bus,23.2,4,508.0,Vegetarian,Often,4.0,Often,1-2,4.2392
Electric Vehicle,54.9,7,141.0,Non-Vegetarian,Sometimes,8.1,Often,1-2,3.9805
Walking,0.7,2,135.0,Mixed,Often,11.6,Often,6+,4.5421
Train,36.7,4,489.0,Non-Vegetarian,Sometimes,12.6,Sometimes,3-5,5.548
Car,10.2,4,242.0,Mixed,Sometimes,4.5,Sometimes,1-2,3.4877
Bus,17.5,5,494.0,Non-Vegetarian,Sometimes,14.3,Often,0,5.1878
Car,10.6,5,56.0,Vegan,Sometimes,13.4,Often,0,1.7136
Bus,22.3,6,389.0,Non-Vegetarian,Sometimes,19.1,Often,3-5,5.8228
Bicycle,2.2,3,556.0,Vegetarian,Sometimes,19.7,Often,6+,6.4912
Car,55.2,4,431.0,Non-Vegetarian,Sometimes,12.7,Often,0,6.1416
Bicycle,6.0,2,90.0,Non-Vegetarian,Rarely,13.1,Often,1-2,2.4086
Electric Vehicle,32.3,5,217.0,Non-Vegetarian,Often,10.3,Never,1-2,4.3333
Bicycle,5.7,5,58.0,Vegetarian,Rarely,3.0,Often,1-2,1.4414
Train,5.0,5,478.0,Mixed,Sometimes,18.8,Sometimes,1-2,5.3563
Car,56.8,3,448.0,Non-Vegetarian,Sometimes,10.7,Never,6+,8.4274
Electric Vehicle,71.1,6,145.0,Non-Vegetarian,Often,7.2,Sometimes,6+,6.3025
Car,9.2,7,284.0,Mixed,Sometimes,5.0,Often,3-5,4.503
Car,12.8,6,286.0,Mixed,Sometimes,4.3,Often,1-2,3.9236
Car,27.7,7,540.0,Non-Vegetarian,Rarely,12.8,Sometimes,0,6.8699
Motorcycle,17.0,7,575.0,Non-Vegetarian,Sometimes,17.1,Never,3-5,6.2317
Car,27.4,5,555.0,Mixed,Sometimes,4.7,Sometimes,1-2,5.9165
Bicycle,6.7,4,579.0,Mixed,Often,7.7,Sometimes,0,4.7499
Motorcycle,54.8,6,317.0,Vegan,Rarely,8.7,Sometimes,3-5,5.2025
Motorcycle,49.9,7,277.0,Non-Vegetarian,Sometimes,2.9,Sometimes,0,4.9798
Electric Vehicle,36.0,6,52.0,Mixed,Sometimes,8.2,Often,1-2,2.3754
Car,59.7,3,482.0,Non-Vegetarian,Sometimes,16.9,Often,1-2,6.802
Electric Vehicle,18.8,5,67.0,Non-Vegetarian,Sometimes,15.5,Sometimes,3-5,3.6534
Train,9.0,7,137.0,Non-Vegetarian,Rarely,15.6,Often,1-2,2.9995
Bicycle,2.5,5,588.0,Mixed,Rarely,10.4,Sometimes,6+,7.2757
Car,70.3,7,305.0,Non-Vegetarian,Sometimes,2.7,Often,0,8.0802
Motorcycle,65.4,7,182.0,Mixed,Sometimes,18.1,Often,0,5.1277
Bus,27.4,7,385.0,Mixed,Sometimes,17.0,Never,1-2,5.1944
Walking,5.4,7,237.0,Vegetarian,Sometimes,13.4,Sometimes,0,2.6267
Car,57.0,3,352.0,Non-Vegetarian,Sometimes,11.9,Sometimes,0,6.1702
Motorcycle,20.7,3,360.0,Non-Vegetarian,Rarely,17.5,Sometimes,0,4.5057
Train,30.8,7,464.0,Non-Vegetarian,Rarely,13.4,Often,6+,7.3461
Motorcycle,41.8,7,164.0,Mixed,Often,7.8,Often,0,4.4733
Car,27.5,3,422.0,Mixed,Often,17.7,Never,1-2,5.7288
Bus,33.8,7,294.0,Non-Vegetarian,Rarely,8.1,Never,6+,6.5187
Car,8.6,4,302.0,Mixed,Often,19.6,Often,3-5,4.7736
Motorcycle,72.7,6,101.0,Non-Vegetarian,Sometimes,3.1,Often,3-5,5.3028
Car,45.6,7,163.0,Mixed,Sometimes,15.8,Sometimes,3-5,6.2883
Bus,5.3,6,371.0,Mixed,Often,8.9,Often,0,3.9231
Motorcycle,47.3,5,379.0,Non-Vegetarian,Rarely,11.0,Never,1-2,5.786
Car,66.1,4,65.0,Non-Vegetarian,Often,7.9,Sometimes,3-5,5.9764
Train,15.4,6,163.0,Non-Vegetarian,Sometimes,4.7,Sometimes,1-2,3.0449
Motorcycle,70.0,5,376.0,Vegetarian,Sometimes,15.0,Often,1-2,5.6319
Electric Vehicle,13.5,7,99.0,Mixed,Sometimes,14.4,Never,3-5,3.268
Car,55.1,4,165.0,Vegetarian,Sometimes,6.2,Often,1-2,4.6178
Train,35.5,3,130.0,Non-Vegetarian,Often,8.9,Sometimes,1-2,3.4124
Car,43.5,3,156.0,Mixed,Rarely,2.0,Sometimes,0,3.1661
Electric Vehicle,27.9,7,212.0,Mixed,Sometimes,7.0,Often,1-2,3.5431
Motorcycle,24.2,5,312.0,Mixed,Rarely,6.5,Never,3-5,4.3728
Electric Vehicle,49.3,3,437.0,Mixed,Rarely,6.6,Never,3-5,4.5994
Bus,31.9,4,519.0,Mixed,Sometimes,10.4,Sometimes,0,5.1083
Car,71.7,3,512.0,Mixed,Sometimes,4.2,Often,1-2,6.4337
Electric Vehicle,44.0,4,275.0,Vegetarian,Rarely,2.6,Often,3-5,3.648
Train,37.3,6,389.0,Non-Vegetarian,Often,8.7,Never,0,4.56
Motorcycle,8.3,4,570.0,Mixed,Sometimes,9.7,Often,0,4.9734
Car,52.8,5,417.0,Non-Vegetarian,Rarely,11.9,Never,1-2,7.3464
Train,6.7,4,199.0,Mixed,Sometimes,18.5,Often,3-5,3.373
Bus,4.0,4,501.0,Vegetarian,Often,6.4,Often,6+,6.0896
Electric Vehicle,48.8,7,292.0,Non-Vegetarian,Sometimes,3.8,Often,0,4.5284
Bus,32.1,5,595.0,Non-Vegetarian,Sometimes,7.9,Sometimes,0,6.2915
Motorcycle,12.6,5,216.0,Non-Vegetarian,Sometimes,7.9,Sometimes,0,3.457
Car,28.9,5,124.0,Mixed,Often,11.1,Often,0,3.8389
Bus,11.5,3,188.0,Mixed,Sometimes,11.6,Never,0,2.8713
Train,11.3,6,437.0,Non-Vegetarian,Sometimes,6.0,Sometimes,0,3.9626
Car,63.3,6,456.0,Mixed,Sometimes,3.9,Sometimes,0,7.8454
Car,62.2,3,444.0,Mixed,Sometimes,6.2,Never,0,5.9924
Electric Vehicle,39.1,4,74.0,Non-Vegetarian,Rarely,10.2,Sometimes,1-2,2.9094
Electric Vehicle,8.9,6,180.0,Non-Vegetarian,Often,12.5,Often,1-2,3.4261
Car,33.0,3,596.0,Non-Vegetarian,Often,4.6,Often,0,6.5089
Bicycle,4.6,3,583.0,Mixed,Rarely,2.7,Often,3-5,5.3114
Car,9.6,7,241.0,Non-Vegetarian,Sometimes,12.0,Often,1-2,3.953
Bus,36.7,7,391.0,Vegetarian,Rarely,16.5,Often,0,4.7649
Motorcycle,19.2,7,460.0,Mixed,Sometimes,4.6,Sometimes,0,5.0596
Bus,19.8,3,473.0,Non-Vegetarian,Sometimes,6.1,Often,3-5,5.4376
Car,25.8,4,505.0,Mixed,Often,1.6,Never,1-2,5.5815
Bicycle,7.7,5,174.0,Non-Vegetarian,Sometimes,6.6,Sometimes,1-2,2.9433
Walking,1.8,4,314.0,Non-Vegetarian,Sometimes,1.5,Sometimes,3-5,4.0077
Car,72.9,5,323.0,Mixed,Often,9.2,Often,0,7.5832
Bus,21.6,4,309.0,Vegetarian,Sometimes,13.4,Sometimes,6+,5.7748
Bus,24.1,3,246.0,Mixed,Sometimes,2.6,Often,1-2,3.1314
Car,35.4,3,562.0,Mixed,Rarely,8.1,Sometimes,0,5.6078
Car,37.8,3,114.0,Mixed,Sometimes,8.4,Sometimes,1-2,3.9133
Car,33.9,6,463.0,Non-Vegetarian,Often,5.5,Often,6+,9.4664
Electric Vehicle,22.8,5,522.0,Non-Vegetarian,Sometimes,16.1,Often,1-2,5.5323
Car,34.1,3,559.0,Vegetarian,Sometimes,2.5,Never,1-2,5.1775
Electric Vehicle,40.6,4,232.0,Vegetarian,Rarely,13.6,Often,3-5,3.5878
Car,16.6,4,178.0,Vegan,Rarely,15.9,Often,1-2,2.8897
Electric Vehicle,55.7,4,525.0,Vegetarian,Rarely,6.3,Often,0,4.86
Train,21.3,4,496.0,Non-Vegetarian,Rarely,8.0,Often,6+,6.4571
Car,33.9,4,245.0,Mixed,Often,6.4,Often,0,4.7203
Bus,19.7,6,460.0,Vegetarian,Sometimes,14.3,Sometimes,1-2,5.1858
Train,24.8,5,493.0,Mixed,Sometimes,4.2,Never,3-5,5.2319
Train,18.8,4,251.0,Non-Vegetarian,Sometimes,8.1,Sometimes,0,3.4702
Electric Vehicle,77.0,6,72.0,Non-Vegetarian,Sometimes,15.3,Sometimes,1-2,4.0021
Motorcycle,14.2,6,515.0,Non-Vegetarian,Often,12.5,Never,0,5.7642
Walking,5.3,7,225.0,Mixed,Sometimes,2.8,Never,3-5,3.4603
Train,32.2,7,279.0,Non-Vegetarian,Sometimes,10.7,Sometimes,3-5,4.9833
Motorcycle,31.4,7,405.0,Mixed,Sometimes,7.1,Often,1-2,5.2702
Bus,31.2,6,193.0,Non-Vegetarian,Sometimes,4.1,Sometimes,6+,5.5079
Bicycle,6.9,3,262.0,Vegetarian,Sometimes,8.7,Sometimes,6+,4.7741
Car,57.0,6,337.0,Non-Vegetarian,Sometimes,16.2,Often,3-5,7.6748
Car,62.0,3,233.0,Vegan,Often,19.3,Sometimes,3-5,5.1794
Car,68.5,7,547.0,Non-Vegetarian,Often,16.3,Sometimes,0,10.0011
Bicycle,4.7,6,135.0,Non-Vegetarian,Sometimes,18.1,Never,0,3.0985
Electric Vehicle,32.6,7,402.0,Vegetarian,Rarely,15.6,Often,0,4.213
Car,20.3,4,73.0,Mixed,Sometimes,5.2,Often,0,2.5442
Walking,1.3,5,137.0,Non-Vegetarian,Often,6.5,Often,0,3.0429
Bus,22.6,3,263.0,Mixed,Sometimes,14.5,Often,3-5,4.2048
Car,11.9,3,508.0,Mixed,Often,19.0,Sometimes,1-2,5.2988
Car,24.8,6,375.0,Non-Vegetarian,Sometimes,14.3,Sometimes,6+,7.9127
Bus,8.3,5,385.0,Non-Vegetarian,Sometimes,1.9,Never,6+,6.3497
Train,36.7,6,309.0,Vegetarian,Sometimes,9.8,Never,0,3.1461
Walking,3.4,2,349.0,Non-Vegetarian,Rarely,18.3,Often,3-5,4.7531
Car,42.5,3,105.0,Mixed,Often,3.5,Never,3-5,4.133
Electric Vehicle,51.1,5,103.0,Mixed,Rarely,19.4,Never,6+,4.902
Bus,5.5,6,361.0,Mixed,Sometimes,3.1,Often,6+,5.2548
Bus,5.4,3,205.0,Non-Vegetarian,Rarely,16.3,Often,1-2,3.3183
Electric Vehicle,46.9,4,250.0,Non-Vegetarian,Sometimes,3.6,Often,1-2,3.8058
Car,38.5,3,85.0,Mixed,Rarely,15.9,Often,0,3.2013
Car,66.1,6,224.0,Vegan,Rarely,6.2,Often,6+,8.2678
Electric Vehicle,15.6,5,509.0,Non-Vegetarian,Sometimes,7.3,Sometimes,0,5.1089
Electric Vehicle,29.7,4,212.0,Mixed,Sometimes,3.6,Sometimes,6+,4.9581
Bus,14.9,7,293.0,Mixed,Often,19.3,Never,0,4.3532
Motorcycle,56.8,7,491.0,Vegetarian,Sometimes,15.8,Sometimes,1-2,6.5247
Car,43.9,4,148.0,Mixed,Sometimes,10.5,Never,0,3.7882
Electric Vehicle,72.4,7,288.0,Vegan,Sometimes,8.3,Sometimes,1-2,4.1152
Motorcycle,52.5,7,517.0,Mixed,Sometimes,12.6,Never,6+,8.5025
Car,64.4,6,118.0,Non-Vegetarian,Often,12.3,Often,6+,9.3416
Electric Vehicle,60.0,6,239.0,Non-Vegetarian,Often,5.7,Often,1-2,4.6558
Car,19.8,4,306.0,Mixed,Sometimes,17.0,Sometimes,3-5,4.9335
Walking,1.8,5,472.0,Non-Vegetarian,Sometimes,15.4,Sometimes,0,4.5599
Bus,14.3,7,474.0,Non-Vegetarian,Sometimes,6.8,Often,1-2,5.4034
Bicycle,1.7,2,517.0,Non-Vegetarian,Sometimes,15.4,Often,1-2,5.4794
Motorcycle,73.7,7,595.0,Vegetarian,Often,3.6,Sometimes,3-5,8.1679
Car,36.3,4,592.0,Mixed,Sometimes,19.3,Often,3-5,7.3565
Walking,5.5,4,383.0,Non-Vegetarian,Sometimes,19.5,Often,3-5,4.8796
Car,65.7,6,401.0,Vegetarian,Sometimes,18.1,Often,1-2,7.5971
Car,73.6,3,113.0,Vegetarian,Sometimes,11.0,Often,3-5,4.6931
Train,8.9,3,112.0,Non-Vegetarian,Often,18.5,Sometimes,1-2,3.4892
Car,20.1,7,297.0,Non-Vegetarian,Rarely,17.9,Often,1-2,5.1411
Electric Vehicle,32.8,3,411.0,Non-Vegetarian,Often,2.2,Often,3-5,5.2887
Car,6.1,4,303.0,Non-Vegetarian,Often,13.9,Sometimes,1-2,4.7295
Train,23.5,7,145.0,Mixed,Often,17.6,Often,1-2,3.3451
Car,53.1,3,220.0,Vegetarian,Rarely,7.5,Often,1-2,4.2422
Electric Vehicle,25.7,5,518.0,Mixed,Sometimes,18.0,Never,0,4.6729
Walking,5.5,4,452.0,Mixed,Sometimes,4.8,Often,3-5,4.6227
Car,42.3,4,430.0,Mixed,Often,18.3,Often,0,5.3419
Car,40.6,4,357.0,Non-Vegetarian,Sometimes,7.4,Often,6+,6.7617
Train,15.3,7,302.0,Non-Vegetarian,Often,11.3,Never,3-5,5.0459
Car,56.9,3,450.0,Mixed,Rarely,1.4,Never,1-2,5.6156
Walking,6.8,5,340.0,Mixed,Sometimes,11.8,Often,0,3.3367
Car,57.8,7,259.0,Mixed,Often,9.2,Never,3-5,8.0951
Car,74.7,3,68.0,Non-Vegetarian,Often,13.4,Often,6+,7.149
Train,34.8,4,526.0,Non-Vegetarian,Sometimes,9.6,Often,1-2,5.3592
Motorcycle,28.4,7,446.0,Non-Vegetarian,Rarely,5.2,Never,3-5,6.3121
Car,31.3,6,181.0,Non-Vegetarian,Sometimes,8.8,Often,3-5,5.3759
Car,37.2,5,221.0,Non-Vegetarian,Often,10.0,Sometimes,0,5.25
Car,56.3,7,169.0,Mixed,Sometimes,13.9,Never,0,6.2025
Bus,31.5,4,232.0,Vegetarian,Often,5.0,Sometimes,0,3.3708
Train,10.5,3,287.0,Mixed,Rarely,12.4,Never,1-2,3.3014
Bicycle,4.7,3,417.0,Non-Vegetarian,Sometimes,7.0,Sometimes,1-2,4.1851
Car,57.0,6,524.0,Mixed,Sometimes,16.7,Sometimes,1-2,8.0383
Electric Vehicle,46.0,6,335.0,Non-Vegetarian,Sometimes,2.5,Sometimes,1-2,4.3627
Car,62.4,3,98.0,Non-Vegetarian,Sometimes,11.3,Sometimes,0,4.031
Car,8.1,3,444.0,Mixed,Sometimes,4.2,Often,3-5,5.1843
Bus,35.1,4,377.0,Vegetarian,Often,8.6,Never,3-5,5.1176
Car,51.5,6,93.0,Non-Vegetarian,Sometimes,14.0,Often,0,5.114
Electric Vehicle,7.2,6,405.0,Mixed,Often,15.5,Often,3-5,4.7382
Train,13.9,6,502.0,Mixed,Often,17.5,Sometimes,0,4.954
Car,61.8,5,172.0,Mixed,Often,14.4,Never,0,5.9676
Bus,17.1,3,299.0,Vegetarian,Often,17.5,Never,3-5,4.0122
Motorcycle,37.0,6,367.0,Non-Vegetarian,Rarely,18.8,Often,1-2,5.6894
Train,16.8,4,125.0,Mixed,Sometimes,6.2,Never,3-5,2.9955
Car,55.4,3,421.0,Mixed,Rarely,9.3,Sometimes,3-5,5.9346
Motorcycle,5.5,3,354.0,Non-Vegetarian,Rarely,10.8,Never,1-2,4.5097
Bus,23.4,7,169.0,Non-Vegetarian,Sometimes,3.8,Never,0,3.3163
Bus,34.7,7,344.0,Mixed,Rarely,8.9,Never,3-5,5.0719
Electric Vehicle,39.9,5,301.0,Mixed,Rarely,1.6,Sometimes,3-5,4.1418
Car,35.9,5,378.0,Vegetarian,Rarely,10.8,Sometimes,1-2,5.008
Electric Vehicle,79.0,6,530.0,Non-Vegetarian,Sometimes,10.3,Sometimes,0,6.6003
Walking,7.3,6,185.0,Non-Vegetarian,Rarely,19.5,Often,1-2,3.1947
Motorcycle,18.7,5,238.0,Non-Vegetarian,Sometimes,13.5,Never,3-5,4.8562
Bicycle,3.7,4,111.0,Non-Vegetarian,Rarely,4.2,Never,0,2.2027
Bus,10.2,4,344.0,Mixed,Often,4.7,Never,3-5,4.7515
Motorcycle,58.5,5,595.0,Non-Vegetarian,Sometimes,10.6,Sometimes,0,7.0515
Bicycle,3.7,4,218.0,Non-Vegetarian,Rarely,10.8,Often,6+,5.0521
Train,6.9,4,542.0,Mixed,Sometimes,18.8,Often,0,5.3281
Car,63.4,3,170.0,Vegetarian,Rarely,6.9,Often,0,3.5012
Car,36.4,7,556.0,Non-Vegetarian,Sometimes,10.3,Sometimes,1-2,7.7006
Bus,11.5,3,141.0,Mixed,Sometimes,10.9,Often,6+,4.3093
Electric Vehicle,6.9,5,477.0,Mixed,Rarely,14.9,Often,1-2,4.2942
Bus,34.0,5,282.0,Vegetarian,Sometimes,1.8,Sometimes,1-2,3.7776
Train,10.9,6,292.0,Non-Vegetarian,Sometimes,6.9,Never,3-5,4.4621
Electric Vehicle,56.3,5,162.0,Non-Vegetarian,Rarely,15.7,Never,0,3.5271
Car,73.8,5,69.0,Mixed,Sometimes,15.4,Never,3-5,5.8526
Car,71.2,4,428.0,Mixed,Often,18.4,Sometimes,1-2,7.1073
Electric Vehicle,57.7,3,513.0,Non-Vegetarian,Sometimes,10.7,Sometimes,3-5,6.1766
Train,20.3,7,332.0,Non-Vegetarian,Often,12.9,Often,1-2,4.796
Train,6.2,5,531.0,Vegetarian,Often,12.4,Sometimes,0,4.2355
Electric Vehicle,9.1,6,374.0,Mixed,Rarely,5.3,Often,3-5,4.4896
Train,34.7,4,572.0,Mixed,Sometimes,19.3,Sometimes,3-5,6.1498
Bus,27.4,7,364.0,Non-Vegetarian,Rarely,5.4,Often,6+,6.4107
Electric Vehicle,70.9,4,194.0,Vegetarian,Often,1.7,Sometimes,1-2,3.4539
Electric Vehicle,79.9,4,169.0,Vegetarian,Sometimes,12.4,Sometimes,0,2.9361
Bus,34.9,3,597.0,Non-Vegetarian,Often,18.9,Often,0,5.7906
Bicycle,4.1,4,475.0,Non-Vegetarian,Often,11.3,Sometimes,0,4.9697
Bus,8.6,4,234.0,Non-Vegetarian,Sometimes,2.3,Sometimes,0,3.0748
Electric Vehicle,30.8,4,564.0,Mixed,Sometimes,14.0,Sometimes,3-5,5.5027
Bicycle,3.2,2,148.0,Mixed,Rarely,10.9,Sometimes,6+,3.8973
Car,77.9,3,527.0,Non-Vegetarian,Often,9.6,Sometimes,3-5,8.4408
Bus,12.2,3,163.0,Mixed,Rarely,2.2,Often,1-2,2.6498
Walking,4.8,5,529.0,Non-Vegetarian,Often,15.4,Often,1-2,5.7502
Bicycle,7.6,7,128.0,Mixed,Sometimes,2.9,Often,1-2,2.182
Bus,12.9,4,94.0,Non-Vegetarian,Rarely,10.1,Sometimes,0,2.6978
Motorcycle,11.0,4,201.0,Vegetarian,Often,18.7,Sometimes,3-5,3.4876
Train,18.5,5,101.0,Non-Vegetarian,Rarely,2.7,Sometimes,0,2.0908
Bus,28.5,7,290.0,Mixed,Often,5.1,Sometimes,1-2,4.808
Bus,6.6,6,118.0,Vegetarian,Sometimes,19.4,Often,1-2,2.2363
Motorcycle,60.7,3,416.0,Mixed,Sometimes,1.2,Never,1-2,4.9569
Bus,18.7,4,455.0,Non-Vegetarian,Rarely,10.6,Often,6+,7.5149
Car,45.9,7,400.0,Vegan,Often,19.4,Sometimes,6+,8.5868
Electric Vehicle,28.1,7,98.0,Mixed,Sometimes,11.3,Often,3-5,3.1388
Bicycle,5.0,3,434.0,Vegan,Sometimes,3.7,Sometimes,3-5,3.7578
Motorcycle,40.3,4,309.0,Non-Vegetarian,Often,16.1,Sometimes,3-5,5.7356
Bicycle,3.4,4,168.0,Non-Vegetarian,Sometimes,19.1,Sometimes,0,3.1997
Bus,11.2,4,145.0,Mixed,Sometimes,5.9,Never,1-2,2.7209
Walking,6.0,2,365.0,Mixed,Sometimes,19.4,Often,1-2,4.0173
Car,62.8,4,413.0,Non-Vegetarian,Rarely,16.4,Sometimes,1-2,7.9358
Car,56.0,7,83.0,Mixed,Rarely,3.7,Sometimes,3-5,6.3927
Bicycle,5.6,5,200.0,Non-Vegetarian,Sometimes,5.5,Often,0,2.8035
Electric Vehicle,63.6,4,466.0,Non-Vegetarian,Sometimes,10.6,Often,1-2,5.4728
Electric Vehicle,46.5,4,353.0,Mixed,Sometimes,16.0,Never,1-2,4.6401
Electric Vehicle,37.5,7,106.0,Mixed,Sometimes,15.1,Sometimes,0,2.8969
Walking,5.3,7,397.0,Non-Vegetarian,Sometimes,10.3,Often,0,4.307
Car,75.6,5,558.0,Non-Vegetarian,Rarely,4.7,Sometimes,0,8.9593
Train,34.0,7,449.0,Vegetarian,Sometimes,3.9,Often,1-2,4.1021
Car,9.2,6,292.0,Mixed,Sometimes,15.7,Often,6+,5.5853
Train,11.5,7,315.0,Non-Vegetarian,Rarely,12.6,Sometimes,1-2,3.9482
Electric Vehicle,48.1,7,175.0,Vegan,Sometimes,10.2,Never,1-2,3.2012
Electric Vehicle,15.5,3,80.0,Non-Vegetarian,Rarely,19.7,Often,1-2,2.572
Bus,31.9,3,388.0,Mixed,Often,2.5,Never,0,4.3856
Motorcycle,75.8,6,150.0,Non-Vegetarian,Often,12.4,Sometimes,3-5,6.731
Bus,4.3,6,127.0,Mixed,Sometimes,17.0,Sometimes,3-5,3.0133
Motorcycle,63.1,3,65.0,Non-Vegetarian,Sometimes,10.7,Sometimes,1-2,3.6082
Bicycle,2.5,4,430.0,Mixed,Rarely,6.1,Never,1-2,3.916
Bus,11.3,7,318.0,Non-Vegetarian,Often,19.1,Sometimes,6+,6.8725
Motorcycle,58.7,6,325.0,Mixed,Sometimes,9.4,Never,0,5.1471
Bicycle,2.8,5,452.0,Vegetarian,Often,18.8,Sometimes,0,4.041
Bus,16.4,3,521.0,Non-Vegetarian,Sometimes,17.6,Often,1-2,5.429
Electric Vehicle,37.8,7,184.0,Non-Vegetarian,Rarely,7.1,Sometimes,0,3.2114
Train,7.3,6,334.0,Mixed,Rarely,19.2,Never,0,3.5646
Car,6.9,7,522.0,Mixed,Sometimes,19.1,Sometimes,3-5,5.6631
Electric Vehicle,72.0,4,526.0,Mixed,Sometimes,7.8,Sometimes,0,5.5234
Car,12.2,7,592.0,Non-Vegetarian,Often,4.6,Often,1-2,6.4794
Bus,23.9,4,165.0,Vegetarian,Sometimes,7.0,Sometimes,1-2,2.75
Car,6.0,6,379.0,Mixed,Rarely,9.2,Often,1-2,4.3308
Walking,4.4,5,210.0,Mixed,Sometimes,3.1,Sometimes,0,2.7025
Car,33.2,7,176.0,Non-Vegetarian,Rarely,7.0,Sometimes,3-5,5.8694
Bicycle,7.2,5,124.0,Non-Vegetarian,Often,1.1,Often,1-2,2.8239
Car,15.8,7,248.0,Non-Vegetarian,Often,11.6,Never,0,5.1504
Car,57.6,7,245.0,Mixed,Sometimes,7.2,Often,1-2,7.3569
Bus,13.1,3,377.0,Non-Vegetarian,Often,16.8,Sometimes,0,5.0815
Electric Vehicle,53.1,3,428.0,Non-Vegetarian,Sometimes,6.8,Sometimes,0,4.8819
Motorcycle,21.9,3,509.0,Non-Vegetarian,Rarely,13.3,Sometimes,1-2,5.501
Electric Vehicle,15.4,4,554.0,Vegetarian,Sometimes,8.1,Sometimes,3-5,4.9601
Electric Vehicle,67.2,3,591.0,Non-Vegetarian,Often,17.2,Often,1-2,6.1043
Electric Vehicle,21.0,6,365.0,Mixed,Sometimes,18.6,Sometimes,0,4.1932
Bus,35.4,7,73.0,Vegetarian,Often,2.6,Often,3-5,3.4835
Walking,0.6,2,65.0,Non-Vegetarian,Often,6.2,Never,3-5,2.9394
Electric Vehicle,19.0,4,143.0,Vegetarian,Often,12.0,Never,1-2,2.6719
Bus,10.1,7,110.0,Non-Vegetarian,Often,5.7,Often,6+,4.9615
Car,79.8,5,588.0,Non-Vegetarian,Sometimes,15.6,Never,0,9.5053
Electric Vehicle,43.6,5,398.0,Mixed,Sometimes,8.7,Often,1-2,4.679
Motorcycle,44.9,5,556.0,Vegan,Rarely,7.8,Sometimes,1-2,5.8004
Car,13.7,6,508.0,Mixed,Rarely,2.8,Sometimes,0,4.7579
Bus,28.5,5,300.0,Vegetarian,Sometimes,19.3,Sometimes,6+,5.6517
Electric Vehicle,74.0,5,534.0,Mixed,Often,3.2,Often,3-5,6.1657
Electric Vehicle,68.0,5,199.0,Non-Vegetarian,Often,13.5,Sometimes,0,4.3904
Electric Vehicle,73.9,6,514.0,Mixed,Sometimes,11.2,Sometimes,3-5,6.4355
Car,29.9,6,171.0,Mixed,Sometimes,9.2,Often,3-5,4.8799
Train,13.2,4,178.0,Mixed,Rarely,9.1,Never,1-2,2.7387
Car,68.5,7,405.0,Non-Vegetarian,Sometimes,6.9,Often,1-2,9.1682
Car,75.5,5,464.0,Non-Vegetarian,Sometimes,2.6,Never,1-2,8.7254
Car,37.3,3,570.0,Mixed,Rarely,10.6,Sometimes,0,5.2223
Walking,3.8,7,147.0,Mixed,Often,15.2,Sometimes,0,2.7632
Train,39.0,6,357.0,Mixed,Sometimes,11.4,Often,1-2,4.52
Train,7.4,5,433.0,Non-Vegetarian,Sometimes,11.0,Sometimes,0,4.3182
Electric Vehicle,19.6,6,133.0,Non-Vegetarian,Rarely,10.3,Sometimes,1-2,2.8272
Car,14.4,4,457.0,Non-Vegetarian,Sometimes,2.6,Never,0,4.7066
Car,10.8,4,209.0,Non-Vegetarian,Rarely,19.2,Sometimes,1-2,4.2612
Electric Vehicle,11.5,6,76.0,Mixed,Sometimes,5.8,Often,0,2.0086
Car,79.9,6,429.0,Non-Vegetarian,Rarely,2.8,Sometimes,1-2,8.8903
Car,56.4,5,597.0,Non-Vegetarian,Sometimes,4.6,Sometimes,6+,11.1819
Car,59.3,3,161.0,Vegetarian,Sometimes,2.3,Often,1-2,3.6752
Car,76.8,5,106.0,Non-Vegetarian,Rarely,12.1,Often,0,5.9682
Bus,10.0,6,522.0,Non-Vegetarian,Rarely,17.6,Never,0,5.1907
Bus,22.8,4,542.0,Non-Vegetarian,Rarely,16.7,Sometimes,0,4.889
Bus,9.3,4,409.0,Vegan,Sometimes,1.6,Often,3-5,3.8579
Car,5.2,3,415.0,Non-Vegetarian,Rarely,7.8,Often,1-2,4.1886
Train,21.9,7,314.0,Non-Vegetarian,Rarely,10.4,Often,0,4.0729
Bus,9.2,6,172.0,Non-Vegetarian,Often,2.1,Often,0,3.316
Train,36.0,5,372.0,Non-Vegetarian,Sometimes,5.0,Often,0,4.2277
Motorcycle,49.2,3,581.0,Mixed,Sometimes,5.0,Often,1-2,5.3707
Car,27.9,5,103.0,Non-Vegetarian,Sometimes,12.7,Sometimes,0,4.1063
Car,6.9,7,392.0,Non-Vegetarian,Sometimes,17.8,Often,0,4.7306
Train,12.0,6,210.0,Mixed,Sometimes,17.2,Often,1-2,2.8857
Electric Vehicle,78.4,4,434.0,Mixed,Often,4.3,Never,1-2,5.4615
Bus,26.9,4,142.0,Non-Vegetarian,Sometimes,17.2,Often,1-2,3.2947
Electric Vehicle,27.5,7,361.0,Vegetarian,Rarely,10.2,Often,0,3.4748
Train,26.0,6,245.0,Non-Vegetarian,Rarely,10.8,Often,1-2,3.8048
Electric Vehicle,20.1,4,285.0,Non-Vegetarian,Sometimes,9.6,Sometimes,3-5,4.2659
Car,14.6,3,185.0,Non-Vegetarian,Often,19.3,Sometimes,3-5,4.4356
Car,10.5,5,455.0,Non-Vegetarian,Often,6.5,Often,0,4.9356
Walking,2.7,6,340.0,Non-Vegetarian,Sometimes,17.8,Often,1-2,4.2015
Electric Vehicle,21.1,7,521.0,Mixed,Sometimes,18.7,Sometimes,6+,7.1856
Motorcycle,41.8,5,484.0,Non-Vegetarian,Often,18.9,Sometimes,1-2,6.2622
Bicycle,7.9,7,191.0,Vegetarian,Sometimes,15.8,Sometimes,0,2.2303
Bus,27.6,3,71.0,Non-Vegetarian,Rarely,4.4,Never,0,2.1933
Car,12.2,6,378.0,Non-Vegetarian,Rarely,11.6,Often,0,4.279
Electric Vehicle,75.2,6,500.0,Non-Vegetarian,Sometimes,20.0,Never,0,6.0218
Car,53.5,5,227.0,Mixed,Sometimes,11.3,Sometimes,1-2,6.3034
Walking,6.2,2,423.0,Non-Vegetarian,Often,2.9,Never,1-2,4.9793
Bicycle,3.4,4,245.0,Non-Vegetarian,Sometimes,1.8,Never,0,3.4582
Bicycle,5.8,2,69.0,Mixed,Sometimes,2.6,Sometimes,0,1.7324
Car,30.4,6,582.0,Mixed,Sometimes,9.3,Often,1-2,6.6597
Car,18.7,4,231.0,Non-Vegetarian,Often,12.1,Never,1-2,4.4824
Train,5.9,5,57.0,Non-Vegetarian,Sometimes,18.8,Often,1-2,2.4817
Train,11.0,7,573.0,Mixed,Often,3.3,Often,1-2,4.81
Bicycle,2.5,2,145.0,Mixed,Rarely,14.2,Never,0,2.2828
